scenario,y_true,video_path,video_index,sample_in_video,frame_index,sample_idx_global,yolo_pred,yolo_conf,lat_yolo_ms,gemma_full_pred,gemma_full_decision,lat_gemma_full_ms,periodic_k,periodic_called,periodic_pred,periodic_gemma_decision,lat_periodic_ms
fire_videos,1,detectium_fire/fire/00e18d86-3389d8dc.mp4,1,1,0,1,1,0.807630717754364,690.2648400009639,1,REAL_FIRE,2581.1761549994117,5,False,1,,690.2648400009639
fire_videos,1,detectium_fire/fire/00e18d86-3389d8dc.mp4,1,2,79,2,1,0.847874104976654,8.6619290013914,1,REAL_FIRE,2291.5270579997014,5,False,1,,8.6619290013914
fire_videos,1,detectium_fire/fire/00e18d86-3389d8dc.mp4,1,3,158,3,1,0.8202880024909973,8.7057390010159,1,REAL_FIRE,2282.130777999555,5,False,1,,8.7057390010159
fire_videos,1,detectium_fire/fire/00e18d86-3389d8dc.mp4,1,4,237,4,1,0.8520486354827881,8.573270000852062,1,REAL_FIRE,2280.4444809989945,5,False,1,,8.573270000852062
fire_videos,1,detectium_fire/fire/00e18d86-3389d8dc.mp4,1,5,316,5,1,0.8437865972518921,9.38951800162613,1,REAL_FIRE,2282.4372659997607,5,True,1,REAL_FIRE,2298.536056001467
fire_videos,1,detectium_fire/fire/00e18d86-3389d8dc.mp4,1,6,394,6,1,0.8606260418891907,8.577610000429559,1,REAL_FIRE,2334.239850999438,5,False,1,,8.577610000429559
fire_videos,1,detectium_fire/fire/00e18d86-3389d8dc.mp4,1,7,473,7,1,0.8731566667556763,8.48853999923449,1,REAL_FIRE,2284.3835160001618,5,False,1,,8.48853999923449
fire_videos,1,detectium_fire/fire/00e18d86-3389d8dc.mp4,1,8,552,8,1,0.8571279048919678,8.617940000476665,1,REAL_FIRE,2218.1829979999748,5,False,1,,8.617940000476665
fire_videos,1,detectium_fire/fire/00e18d86-3389d8dc.mp4,1,9,631,9,1,0.8696359395980835,8.573690000048373,1,REAL_FIRE,2282.333118000679,5,False,1,,8.573690000048373
fire_videos,1,detectium_fire/fire/00e18d86-3389d8dc.mp4,1,10,710,10,1,0.8448250889778137,8.54413999877579,1,REAL_FIRE,2283.911022999746,5,True,1,REAL_FIRE,2293.5351579981216
fire_videos,1,detectium_fire/fire/00e18d86-3389d8dc.mp4,1,11,789,11,1,0.8787515759468079,8.541819999663858,1,REAL_FIRE,2283.4523700003047,5,False,1,,8.541819999663858
fire_videos,1,detectium_fire/fire/00e18d86-3389d8dc.mp4,1,12,868,12,1,0.8506448864936829,9.26379900010943,1,REAL_FIRE,2283.8976069997443,5,False,1,,9.26379900010943
fire_videos,1,detectium_fire/fire/00e18d86-3389d8dc.mp4,1,13,947,13,1,0.8522603511810303,8.542249999663909,1,REAL_FIRE,2219.4984840007237,5,False,1,,8.542249999663909
fire_videos,1,detectium_fire/fire/00e18d86-3389d8dc.mp4,1,14,1026,14,1,0.8341107964515686,8.44839000092179,1,REAL_FIRE,2284.872551001172,5,False,1,,8.44839000092179
fire_videos,1,detectium_fire/fire/00e18d86-3389d8dc.mp4,1,15,1105,15,1,0.8556464314460754,8.648150998851634,1,REAL_FIRE,2285.9317769998597,5,True,1,REAL_FIRE,2293.8088979990425
fire_videos,1,detectium_fire/fire/00e18d86-3389d8dc.mp4,1,16,1183,16,1,0.8215833902359009,8.589220000430942,1,REAL_FIRE,2283.2947800015972,5,False,1,,8.589220000430942
fire_videos,1,detectium_fire/fire/00e18d86-3389d8dc.mp4,1,17,1262,17,1,0.8426154255867004,8.560120000765892,1,REAL_FIRE,2283.510536999529,5,False,1,,8.560120000765892
fire_videos,1,detectium_fire/fire/00e18d86-3389d8dc.mp4,1,18,1341,18,1,0.830596387386322,8.590241001002141,1,REAL_FIRE,2417.2344700000394,5,False,1,,8.590241001002141
fire_videos,1,detectium_fire/fire/00e18d86-3389d8dc.mp4,1,19,1420,19,1,0.803061306476593,8.53463999919768,1,REAL_FIRE,2285.9960780006077,5,False,1,,8.53463999919768
fire_videos,1,detectium_fire/fire/00e18d86-3389d8dc.mp4,1,20,1499,20,1,0.8176456689834595,8.480129999952624,1,REAL_FIRE,2300.752832999933,5,True,1,REAL_FIRE,2146.206171000813
fire_videos,1,detectium_fire/fire/02ced98b-b85f206e.mp4,2,1,0,21,1,0.6195453405380249,8.67776999984926,1,REAL_FIRE,2288.2291370005987,5,False,1,,8.67776999984926
fire_videos,1,detectium_fire/fire/02ced98b-b85f206e.mp4,2,2,36,22,1,0.7010456323623657,8.506651000061538,1,REAL_FIRE,2287.7912660005677,5,False,1,,8.506651000061538
fire_videos,1,detectium_fire/fire/02ced98b-b85f206e.mp4,2,3,71,23,1,0.6853015422821045,9.29009900028177,1,REAL_FIRE,2480.1343089984584,5,False,1,,9.29009900028177
fire_videos,1,detectium_fire/fire/02ced98b-b85f206e.mp4,2,4,107,24,1,0.6762717962265015,8.471749999444,1,REAL_FIRE,2282.7370340000925,5,False,1,,8.471749999444
fire_videos,1,detectium_fire/fire/02ced98b-b85f206e.mp4,2,5,143,25,1,0.6761537790298462,8.517600999766728,1,REAL_FIRE,2349.568769999678,5,True,1,REAL_FIRE,2292.7206069998647
fire_videos,1,detectium_fire/fire/02ced98b-b85f206e.mp4,2,6,179,26,1,0.673395037651062,8.634281000922783,1,REAL_FIRE,2550.939404000019,5,False,1,,8.634281000922783
fire_videos,1,detectium_fire/fire/02ced98b-b85f206e.mp4,2,7,214,27,1,0.6880759596824646,8.455380999293993,1,REAL_FIRE,2285.491959000865,5,False,1,,8.455380999293993
fire_videos,1,detectium_fire/fire/02ced98b-b85f206e.mp4,2,8,250,28,1,0.6102252006530762,8.600710998507566,1,REAL_FIRE,2545.3936339999927,5,False,1,,8.600710998507566
fire_videos,1,detectium_fire/fire/02ced98b-b85f206e.mp4,2,9,286,29,1,0.7049199342727661,8.413020999796572,1,REAL_FIRE,2415.7909130008193,5,False,1,,8.413020999796572
fire_videos,1,detectium_fire/fire/02ced98b-b85f206e.mp4,2,10,322,30,1,0.6868683695793152,8.570130999942194,1,REAL_FIRE,2220.642268001029,5,True,1,REAL_FIRE,2229.357935000735
fire_videos,1,detectium_fire/fire/02ced98b-b85f206e.mp4,2,11,357,31,1,0.6903693079948425,8.599860999311204,1,REAL_FIRE,2282.478353999977,5,False,1,,8.599860999311204
fire_videos,1,detectium_fire/fire/02ced98b-b85f206e.mp4,2,12,393,32,1,0.588957667350769,8.53848100086907,1,REAL_FIRE,2348.672883999825,5,False,1,,8.53848100086907
fire_videos,1,detectium_fire/fire/02ced98b-b85f206e.mp4,2,13,429,33,1,0.7066059708595276,8.531221001248923,1,REAL_FIRE,2416.5168019990233,5,False,1,,8.531221001248923
fire_videos,1,detectium_fire/fire/02ced98b-b85f206e.mp4,2,14,465,34,1,0.7106842398643494,9.318779999375693,1,REAL_FIRE,2353.7749189999886,5,False,1,,9.318779999375693
fire_videos,1,detectium_fire/fire/02ced98b-b85f206e.mp4,2,15,500,35,1,0.6892256140708923,8.499751000272227,1,REAL_FIRE,2549.3090540003323,5,True,1,REAL_FIRE,2291.8689620018995
fire_videos,1,detectium_fire/fire/02ced98b-b85f206e.mp4,2,16,536,36,1,0.6858389973640442,8.610300999862375,1,REAL_FIRE,2484.5356840014574,5,False,1,,8.610300999862375
fire_videos,1,detectium_fire/fire/02ced98b-b85f206e.mp4,2,17,572,37,1,0.690215528011322,8.512442000210285,1,REAL_FIRE,2085.336782000013,5,False,1,,8.512442000210285
fire_videos,1,detectium_fire/fire/02ced98b-b85f206e.mp4,2,18,608,38,1,0.664808988571167,8.563850999053102,1,REAL_FIRE,2477.936453999064,5,False,1,,8.563850999053102
fire_videos,1,detectium_fire/fire/02ced98b-b85f206e.mp4,2,19,643,39,1,0.675347626209259,8.565150999856996,1,REAL_FIRE,2481.206205999115,5,False,1,,8.565150999856996
fire_videos,1,detectium_fire/fire/02ced98b-b85f206e.mp4,2,20,679,40,1,0.6417572498321533,8.515781000824063,1,REAL_FIRE,2286.5508409995527,5,True,1,REAL_FIRE,2362.0559720020537
fire_videos,1,detectium_fire/fire/0c49baf8-38e711ad.mp4,3,1,0,41,1,0.8044502139091492,8.690900998772122,1,REAL_FIRE,2262.7725179991103,5,False,1,,8.690900998772122
fire_videos,1,detectium_fire/fire/0c49baf8-38e711ad.mp4,3,2,5,42,1,0.8389915823936462,8.587922000515391,1,REAL_FIRE,2279.3105589989864,5,False,1,,8.587922000515391
fire_videos,1,detectium_fire/fire/0c49baf8-38e711ad.mp4,3,3,10,43,1,0.7319728136062622,8.438552000370692,1,REAL_FIRE,2221.7483809999976,5,False,1,,8.438552000370692
fire_videos,1,detectium_fire/fire/0c49baf8-38e711ad.mp4,3,4,15,44,1,0.7752588987350464,8.668190999742365,1,REAL_FIRE,2677.7673039996444,5,False,1,,8.668190999742365
fire_videos,1,detectium_fire/fire/0c49baf8-38e711ad.mp4,3,5,20,45,1,0.7265987992286682,9.331870000096387,1,REAL_FIRE,2218.172652999783,5,True,1,REAL_FIRE,2363.8464329997078
fire_videos,1,detectium_fire/fire/0c49baf8-38e711ad.mp4,3,6,25,46,1,0.8072709441184998,8.463871999992989,1,REAL_FIRE,2153.9699049990304,5,False,1,,8.463871999992989
fire_videos,1,detectium_fire/fire/0c49baf8-38e711ad.mp4,3,7,30,47,1,0.8329655528068542,8.503480999934254,1,REAL_FIRE,2212.9024540008686,5,False,1,,8.503480999934254
fire_videos,1,detectium_fire/fire/0c49baf8-38e711ad.mp4,3,8,35,48,1,0.8047154545783997,8.42863199977728,1,REAL_FIRE,2154.5583970000735,5,False,1,,8.42863199977728
fire_videos,1,detectium_fire/fire/0c49baf8-38e711ad.mp4,3,9,40,49,1,0.7388759851455688,8.527971000148682,1,REAL_FIRE,2218.0928050001967,5,False,1,,8.527971000148682
fire_videos,1,detectium_fire/fire/0c49baf8-38e711ad.mp4,3,10,45,50,1,0.8277554512023926,8.490221000101883,1,REAL_FIRE,2283.1281519993354,5,True,1,REAL_FIRE,2223.5427549985616
fire_videos,1,detectium_fire/fire/0c49baf8-38e711ad.mp4,3,11,50,51,1,0.7622135281562805,8.67544100037776,1,REAL_FIRE,2218.6483329987823,5,False,1,,8.67544100037776
fire_videos,1,detectium_fire/fire/0c49baf8-38e711ad.mp4,3,12,55,52,1,0.7766227722167969,9.125630000198726,1,REAL_FIRE,2282.004242999392,5,False,1,,9.125630000198726
fire_videos,1,detectium_fire/fire/0c49baf8-38e711ad.mp4,3,13,60,53,1,0.6419123411178589,9.106809999138932,1,REAL_FIRE,2347.9994179997448,5,False,1,,9.106809999138932
fire_videos,1,detectium_fire/fire/0c49baf8-38e711ad.mp4,3,14,65,54,1,0.760389506816864,8.656381000037072,1,REAL_FIRE,2281.561148000037,5,False,1,,8.656381000037072
fire_videos,1,detectium_fire/fire/0c49baf8-38e711ad.mp4,3,15,70,55,1,0.7293746471405029,8.609881999291247,1,REAL_FIRE,2346.293926000726,5,True,1,REAL_FIRE,2358.4973769993667
fire_videos,1,detectium_fire/fire/0c49baf8-38e711ad.mp4,3,16,75,56,1,0.778847336769104,9.603459000572911,1,REAL_FIRE,2228.945630000453,5,False,1,,9.603459000572911
fire_videos,1,detectium_fire/fire/0c49baf8-38e711ad.mp4,3,17,80,57,1,0.7522062063217163,8.880640998540912,1,REAL_FIRE,2151.1489519998577,5,False,1,,8.880640998540912
fire_videos,1,detectium_fire/fire/0c49baf8-38e711ad.mp4,3,18,85,58,1,0.7405502200126648,8.62423099897569,1,REAL_FIRE,2284.73742299866,5,False,1,,8.62423099897569
fire_videos,1,detectium_fire/fire/0c49baf8-38e711ad.mp4,3,19,90,59,1,0.4697597026824951,8.693832000062685,1,REAL_FIRE,2350.824418999764,5,False,1,,8.693832000062685
fire_videos,1,detectium_fire/fire/0c49baf8-38e711ad.mp4,3,20,95,60,1,0.4175233244895935,8.507291999194422,1,REAL_FIRE,2349.9506580010348,5,True,1,REAL_FIRE,2224.840379998568
fire_videos,1,detectium_fire/fire/1143090886.mp4,4,1,0,61,0,0.0,26.1440650010627,1,REAL_FIRE,2364.301540001179,5,False,0,,26.1440650010627
fire_videos,1,detectium_fire/fire/1143090886.mp4,4,2,28,62,0,0.0,16.594135000559618,1,REAL_FIRE,2297.9018879996147,5,False,0,,16.594135000559618
fire_videos,1,detectium_fire/fire/1143090886.mp4,4,3,56,63,1,0.3370051383972168,38.20643899962306,1,REAL_FIRE,2096.183011000903,5,False,1,,38.20643899962306
fire_videos,1,detectium_fire/fire/1143090886.mp4,4,4,84,64,0,0.0,37.742250999144744,1,REAL_FIRE,2232.3729590007133,5,False,0,,37.742250999144744
fire_videos,1,detectium_fire/fire/1143090886.mp4,4,5,111,65,1,0.4937332570552826,38.34663900124724,1,REAL_FIRE,2231.6343180009426,5,True,1,REAL_FIRE,2268.8506940012303
fire_videos,1,detectium_fire/fire/1143090886.mp4,4,6,139,66,1,0.474936306476593,38.032259999454254,1,REAL_FIRE,2299.583726999117,5,False,1,,38.032259999454254
fire_videos,1,detectium_fire/fire/1143090886.mp4,4,7,167,67,1,0.313761442899704,37.51754099903337,1,REAL_FIRE,2365.068897001038,5,False,1,,37.51754099903337
fire_videos,1,detectium_fire/fire/1143090886.mp4,4,8,195,68,1,0.5177806615829468,37.73128000102588,1,REAL_FIRE,2094.104060999598,5,False,1,,37.73128000102588
fire_videos,1,detectium_fire/fire/1143090886.mp4,4,9,223,69,1,0.5946769118309021,38.03105000042706,1,REAL_FIRE,2300.9623650013964,5,False,1,,38.03105000042706
fire_videos,1,detectium_fire/fire/1143090886.mp4,4,10,251,70,1,0.49864351749420166,38.082930999735254,1,REAL_FIRE,2229.642230000536,5,True,1,REAL_FIRE,2354.5652349985176
fire_videos,1,detectium_fire/fire/1143090886.mp4,4,11,278,71,1,0.27494460344314575,37.979370999892126,1,REAL_FIRE,2295.4562940012693,5,False,1,,37.979370999892126
fire_videos,1,detectium_fire/fire/1143090886.mp4,4,12,306,72,1,0.44998154044151306,37.925541000731755,1,REAL_FIRE,2293.9983350006514,5,False,1,,37.925541000731755
fire_videos,1,detectium_fire/fire/1143090886.mp4,4,13,334,73,1,0.41032400727272034,37.51721200023894,1,REAL_FIRE,2093.5445869999967,5,False,1,,37.51721200023894
fire_videos,1,detectium_fire/fire/1143090886.mp4,4,14,362,74,1,0.2725086510181427,37.80250099953264,1,REAL_FIRE,2093.3916729991324,5,False,1,,37.80250099953264
fire_videos,1,detectium_fire/fire/1143090886.mp4,4,15,390,75,0,0.0,37.6426620005077,1,REAL_FIRE,2095.949433998612,5,True,1,REAL_FIRE,2397.4917939995066
fire_videos,1,detectium_fire/fire/1143090886.mp4,4,16,418,76,1,0.31673508882522583,36.22922500107961,1,REAL_FIRE,2095.8503639994888,5,False,1,,36.22922500107961
fire_videos,1,detectium_fire/fire/1143090886.mp4,4,17,445,77,0,0.0,37.54038199986098,1,REAL_FIRE,2363.702397000452,5,False,0,,37.54038199986098
fire_videos,1,detectium_fire/fire/1143090886.mp4,4,18,473,78,0,0.0,38.557440999284154,1,REAL_FIRE,2157.424629000161,5,False,0,,38.557440999284154
fire_videos,1,detectium_fire/fire/1143090886.mp4,4,19,501,79,1,0.33964836597442627,37.042172998553724,1,REAL_FIRE,2095.5700920003437,5,False,1,,37.042172998553724
fire_videos,1,detectium_fire/fire/1143090886.mp4,4,20,529,80,1,0.2511274218559265,38.00451200004318,1,REAL_FIRE,2363.0842870006745,5,True,1,REAL_FIRE,2329.14885199898
fire_videos,1,detectium_fire/fire/11912108_2160_3840_60fps.mp4,5,1,0,81,1,0.2995758354663849,89.4978460000857,1,REAL_FIRE,2657.152207000763,5,False,1,,89.4978460000857
fire_videos,1,detectium_fire/fire/11912108_2160_3840_60fps.mp4,5,2,11,82,1,0.3966425657272339,64.3232780003018,1,REAL_FIRE,2385.3845609992277,5,False,1,,64.3232780003018
fire_videos,1,detectium_fire/fire/11912108_2160_3840_60fps.mp4,5,3,22,83,1,0.5220723748207092,74.20817800084478,1,REAL_FIRE,2398.5142420006014,5,False,1,,74.20817800084478
fire_videos,1,detectium_fire/fire/11912108_2160_3840_60fps.mp4,5,4,32,84,1,0.5121258497238159,73.50619000135339,1,REAL_FIRE,2321.851083999718,5,False,1,,73.50619000135339
fire_videos,1,detectium_fire/fire/11912108_2160_3840_60fps.mp4,5,5,43,85,1,0.3706927001476288,63.12969099963084,1,REAL_FIRE,2381.2342599994736,5,True,1,REAL_FIRE,2379.6689589999005
fire_videos,1,detectium_fire/fire/11912108_2160_3840_60fps.mp4,5,6,54,86,0,0.0,64.73505800022394,1,REAL_FIRE,2321.122594999906,5,False,0,,64.73505800022394
fire_videos,1,detectium_fire/fire/11912108_2160_3840_60fps.mp4,5,7,65,87,1,0.8022307753562927,57.84353200033365,1,REAL_FIRE,2190.722175000701,5,False,1,,57.84353200033365
fire_videos,1,detectium_fire/fire/11912108_2160_3840_60fps.mp4,5,8,76,88,1,0.7363641858100891,65.74501599970972,1,REAL_FIRE,2587.7283659992827,5,False,1,,65.74501599970972
fire_videos,1,detectium_fire/fire/11912108_2160_3840_60fps.mp4,5,9,86,89,1,0.3312222957611084,56.98436400052742,1,REAL_FIRE,2386.0186130004877,5,False,1,,56.98436400052742
fire_videos,1,detectium_fire/fire/11912108_2160_3840_60fps.mp4,5,10,97,90,1,0.38984060287475586,72.27492400124902,1,REAL_FIRE,2323.3516559994314,5,True,1,REAL_FIRE,2388.426439001705
fire_videos,1,detectium_fire/fire/11912108_2160_3840_60fps.mp4,5,11,108,91,1,0.586302638053894,67.99194300037925,1,REAL_FIRE,2342.7010779996635,5,False,1,,67.99194300037925
fire_videos,1,detectium_fire/fire/11912108_2160_3840_60fps.mp4,5,12,119,92,1,0.4549657702445984,66.0331369999767,1,REAL_FIRE,2255.8181499989587,5,False,1,,66.0331369999767
fire_videos,1,detectium_fire/fire/11912108_2160_3840_60fps.mp4,5,13,129,93,1,0.32587650418281555,73.73583200023859,1,REAL_FIRE,2460.8059140009573,5,False,1,,73.73583200023859
fire_videos,1,detectium_fire/fire/11912108_2160_3840_60fps.mp4,5,14,140,94,1,0.5230011343955994,74.7902189996239,1,REAL_FIRE,2387.8819569999905,5,False,1,,74.7902189996239
fire_videos,1,detectium_fire/fire/11912108_2160_3840_60fps.mp4,5,15,151,95,1,0.732825517654419,63.25487200047064,1,REAL_FIRE,2315.335748999132,5,True,1,REAL_FIRE,2307.887749000656
fire_videos,1,detectium_fire/fire/11912108_2160_3840_60fps.mp4,5,16,162,96,1,0.34172481298446655,61.90111499927298,1,REAL_FIRE,2442.8439050007,5,False,1,,61.90111499927298
fire_videos,1,detectium_fire/fire/11912108_2160_3840_60fps.mp4,5,17,173,97,1,0.33694684505462646,69.01637200098776,1,REAL_FIRE,2322.5059939995845,5,False,1,,69.01637200098776
fire_videos,1,detectium_fire/fire/11912108_2160_3840_60fps.mp4,5,18,183,98,1,0.6499407887458801,78.41086299958988,1,REAL_FIRE,2671.195864000765,5,False,1,,78.41086299958988
fire_videos,1,detectium_fire/fire/11912108_2160_3840_60fps.mp4,5,19,194,99,0,0.0,65.7751590006228,1,REAL_FIRE,2384.000923999338,5,False,0,,65.7751590006228
fire_videos,1,detectium_fire/fire/11912108_2160_3840_60fps.mp4,5,20,205,100,1,0.26429736614227295,75.35886000005121,1,REAL_FIRE,2397.007045999999,5,True,1,REAL_FIRE,2414.2685369988612
fire_videos,1,detectium_fire/fire/11925032_1920_1080_25fps.mp4,6,1,0,101,1,0.43608391284942627,16.87900599972636,1,REAL_FIRE,2219.832108999981,5,False,1,,16.87900599972636
fire_videos,1,detectium_fire/fire/11925032_1920_1080_25fps.mp4,6,2,14,102,1,0.48297420144081116,16.776817001300515,1,REAL_FIRE,2552.3018129988486,5,False,1,,16.776817001300515
fire_videos,1,detectium_fire/fire/11925032_1920_1080_25fps.mp4,6,3,28,103,1,0.4532046616077423,37.554926000666455,1,REAL_FIRE,2224.8140089996014,5,False,1,,37.554926000666455
fire_videos,1,detectium_fire/fire/11925032_1920_1080_25fps.mp4,6,4,42,104,1,0.4243742823600769,37.95577399978356,1,REAL_FIRE,2288.0895390007936,5,False,1,,37.95577399978356
fire_videos,1,detectium_fire/fire/11925032_1920_1080_25fps.mp4,6,5,56,105,1,0.438411682844162,37.69855500104313,1,REAL_FIRE,2287.1135360001063,5,True,1,REAL_FIRE,2590.144372001305
fire_videos,1,detectium_fire/fire/11925032_1920_1080_25fps.mp4,6,6,71,106,1,0.3900530934333801,37.95421500035445,1,REAL_FIRE,2549.737807999918,5,False,1,,37.95421500035445
fire_videos,1,detectium_fire/fire/11925032_1920_1080_25fps.mp4,6,7,85,107,1,0.3854929208755493,22.225316000913153,1,REAL_FIRE,2222.4155700005213,5,False,1,,22.225316000913153
fire_videos,1,detectium_fire/fire/11925032_1920_1080_25fps.mp4,6,8,99,108,1,0.4055233299732208,25.012010000864393,1,REAL_FIRE,2285.7441889991605,5,False,1,,25.012010000864393
fire_videos,1,detectium_fire/fire/11925032_1920_1080_25fps.mp4,6,9,113,109,1,0.5415705442428589,25.56055900095089,1,REAL_FIRE,2357.768853999005,5,False,1,,25.56055900095089
fire_videos,1,detectium_fire/fire/11925032_1920_1080_25fps.mp4,6,10,127,110,1,0.4476008415222168,25.556439999490976,1,REAL_FIRE,2624.0946060006536,5,True,1,REAL_FIRE,2577.5358249993587
fire_videos,1,detectium_fire/fire/11925032_1920_1080_25fps.mp4,6,11,141,111,1,0.4287606179714203,16.807157000584994,1,REAL_FIRE,2555.7064529984928,5,False,1,,16.807157000584994
fire_videos,1,detectium_fire/fire/11925032_1920_1080_25fps.mp4,6,12,155,112,1,0.2674839198589325,19.474401999104884,1,REAL_FIRE,2625.4215230001137,5,False,1,,19.474401999104884
fire_videos,1,detectium_fire/fire/11925032_1920_1080_25fps.mp4,6,13,169,113,1,0.533062756061554,20.105751000301098,1,REAL_FIRE,2624.667170999601,5,False,1,,20.105751000301098
fire_videos,1,detectium_fire/fire/11925032_1920_1080_25fps.mp4,6,14,183,114,1,0.38615113496780396,21.1447589990712,1,REAL_FIRE,2347.6764480001293,5,False,1,,21.1447589990712
fire_videos,1,detectium_fire/fire/11925032_1920_1080_25fps.mp4,6,15,197,115,1,0.411938339471817,21.734948000812437,1,REAL_FIRE,2281.2201630003983,5,True,1,REAL_FIRE,2373.514389000775
fire_videos,1,detectium_fire/fire/11925032_1920_1080_25fps.mp4,6,16,212,116,1,0.4659973382949829,24.771811000391608,1,REAL_FIRE,2352.3541649992694,5,False,1,,24.771811000391608
fire_videos,1,detectium_fire/fire/11925032_1920_1080_25fps.mp4,6,17,226,117,1,0.41723230481147766,25.319530999695417,1,REAL_FIRE,2554.058529000031,5,False,1,,25.319530999695417
fire_videos,1,detectium_fire/fire/11925032_1920_1080_25fps.mp4,6,18,240,118,1,0.41163188219070435,23.306315000809263,1,REAL_FIRE,2557.7492080010416,5,False,1,,23.306315000809263
fire_videos,1,detectium_fire/fire/11925032_1920_1080_25fps.mp4,6,19,254,119,1,0.43323901295661926,36.30889899977774,1,REAL_FIRE,2297.988468000767,5,False,1,,36.30889899977774
fire_videos,1,detectium_fire/fire/11925032_1920_1080_25fps.mp4,6,20,268,120,1,0.5108315944671631,36.168340000585886,1,REAL_FIRE,2225.835472001563,5,True,1,REAL_FIRE,2531.4190260014584
fire_videos,1,detectium_fire/fire/11925038_1920_1080_25fps.mp4,7,1,0,121,1,0.8298915028572083,33.832623999842326,1,REAL_FIRE,2556.3336440009152,5,False,1,,33.832623999842326
fire_videos,1,detectium_fire/fire/11925038_1920_1080_25fps.mp4,7,2,17,122,1,0.846058189868927,36.514258999886806,1,REAL_FIRE,2490.3471359994,5,False,1,,36.514258999886806
fire_videos,1,detectium_fire/fire/11925038_1920_1080_25fps.mp4,7,3,33,123,1,0.8494242429733276,37.65551700053038,1,REAL_FIRE,2229.0667050001503,5,False,1,,37.65551700053038
fire_videos,1,detectium_fire/fire/11925038_1920_1080_25fps.mp4,7,4,50,124,1,0.8572913408279419,41.80175900000904,1,REAL_FIRE,2292.61011699964,5,False,1,,41.80175900000904
fire_videos,1,detectium_fire/fire/11925038_1920_1080_25fps.mp4,7,5,67,125,1,0.8778463006019592,36.518610000712215,1,REAL_FIRE,2560.569236999072,5,True,1,REAL_FIRE,2263.3596020004916
fire_videos,1,detectium_fire/fire/11925038_1920_1080_25fps.mp4,7,6,83,126,1,0.8660534024238586,36.257719999412075,1,REAL_FIRE,2229.6627720006654,5,False,1,,36.257719999412075
fire_videos,1,detectium_fire/fire/11925038_1920_1080_25fps.mp4,7,7,100,127,1,0.8808079361915588,36.946198999430635,1,REAL_FIRE,2495.3917279999587,5,False,1,,36.946198999430635
fire_videos,1,detectium_fire/fire/11925038_1920_1080_25fps.mp4,7,8,116,128,1,0.8864554166793823,36.328539999885834,1,REAL_FIRE,2561.6686859993933,5,False,1,,36.328539999885834
fire_videos,1,detectium_fire/fire/11925038_1920_1080_25fps.mp4,7,9,133,129,1,0.8881984353065491,36.249599999791826,1,REAL_FIRE,2568.5256390006543,5,False,1,,36.249599999791826
fire_videos,1,detectium_fire/fire/11925038_1920_1080_25fps.mp4,7,10,150,130,1,0.8764744997024536,36.51355999863881,1,REAL_FIRE,2296.1414250003145,5,True,1,REAL_FIRE,2261.1425549985142
fire_videos,1,detectium_fire/fire/11925038_1920_1080_25fps.mp4,7,11,166,131,1,0.8765120506286621,26.39660000022559,1,REAL_FIRE,2296.150822998243,5,False,1,,26.39660000022559
fire_videos,1,detectium_fire/fire/11925038_1920_1080_25fps.mp4,7,12,183,132,1,0.8803608417510986,36.23223099930328,1,REAL_FIRE,2294.91065000002,5,False,1,,36.23223099930328
fire_videos,1,detectium_fire/fire/11925038_1920_1080_25fps.mp4,7,13,200,133,1,0.8793516159057617,36.35675000077754,1,REAL_FIRE,2557.4727759994857,5,False,1,,36.35675000077754
fire_videos,1,detectium_fire/fire/11925038_1920_1080_25fps.mp4,7,14,216,134,1,0.8727036118507385,36.28012999979546,1,REAL_FIRE,2357.6142319998326,5,False,1,,36.28012999979546
fire_videos,1,detectium_fire/fire/11925038_1920_1080_25fps.mp4,7,15,233,135,1,0.6478219628334045,36.28612100146711,1,REAL_FIRE,2626.756554998792,5,True,1,REAL_FIRE,2593.1500650021917
fire_videos,1,detectium_fire/fire/11925038_1920_1080_25fps.mp4,7,16,249,136,1,0.5730004906654358,36.478940999586484,1,REAL_FIRE,2339.830200000506,5,False,1,,36.478940999586484
fire_videos,1,detectium_fire/fire/11925038_1920_1080_25fps.mp4,7,17,266,137,1,0.4803824722766876,35.08825400058413,1,REAL_FIRE,2267.2485309994954,5,False,1,,35.08825400058413
fire_videos,1,detectium_fire/fire/11925038_1920_1080_25fps.mp4,7,18,283,138,1,0.6700863838195801,36.24677100015106,1,REAL_FIRE,2540.62852899915,5,False,1,,36.24677100015106
fire_videos,1,detectium_fire/fire/11925038_1920_1080_25fps.mp4,7,19,299,139,1,0.6108189821243286,36.307962000137195,1,REAL_FIRE,2273.1468389993097,5,False,1,,36.307962000137195
fire_videos,1,detectium_fire/fire/11925038_1920_1080_25fps.mp4,7,20,316,140,1,0.5869388580322266,36.20854099972348,1,REAL_FIRE,2230.141863999961,5,True,1,REAL_FIRE,2325.260748000801
fire_videos,1,detectium_fire/fire/11925054_1920_1080_25fps.mp4,8,1,0,141,1,0.6849650740623474,36.924261001331615,1,REAL_FIRE,2487.9495470013353,5,False,1,,36.924261001331615
fire_videos,1,detectium_fire/fire/11925054_1920_1080_25fps.mp4,8,2,12,142,1,0.6933302283287048,36.6848409994418,1,REAL_FIRE,2222.8975599991827,5,False,1,,36.6848409994418
fire_videos,1,detectium_fire/fire/11925054_1920_1080_25fps.mp4,8,3,25,143,1,0.7539058327674866,37.884179000684526,1,REAL_FIRE,2331.836370000019,5,False,1,,37.884179000684526
fire_videos,1,detectium_fire/fire/11925054_1920_1080_25fps.mp4,8,4,37,144,1,0.6330862641334534,37.91123900009552,1,REAL_FIRE,2557.719590000488,5,False,1,,37.91123900009552
fire_videos,1,detectium_fire/fire/11925054_1920_1080_25fps.mp4,8,5,50,145,1,0.7037637829780579,37.47594000014942,1,REAL_FIRE,2226.03192600036,5,True,1,REAL_FIRE,2331.1645630001294
fire_videos,1,detectium_fire/fire/11925054_1920_1080_25fps.mp4,8,6,62,146,1,0.6977809071540833,37.64415000114241,1,REAL_FIRE,2225.040216000707,5,False,1,,37.64415000114241
fire_videos,1,detectium_fire/fire/11925054_1920_1080_25fps.mp4,8,7,75,147,1,0.7531815767288208,37.71264900024107,1,REAL_FIRE,2429.6895069983293,5,False,1,,37.71264900024107
fire_videos,1,detectium_fire/fire/11925054_1920_1080_25fps.mp4,8,8,87,148,1,0.775595486164093,38.459978999526356,1,REAL_FIRE,2296.95743999946,5,False,1,,38.459978999526356
fire_videos,1,detectium_fire/fire/11925054_1920_1080_25fps.mp4,8,9,99,149,1,0.7537021040916443,37.47672100143973,1,REAL_FIRE,2229.232010000487,5,False,1,,37.47672100143973
fire_videos,1,detectium_fire/fire/11925054_1920_1080_25fps.mp4,8,10,112,150,1,0.7213476896286011,37.68213900002593,1,REAL_FIRE,2489.513998998518,5,True,1,REAL_FIRE,2262.758594000843
fire_videos,1,detectium_fire/fire/11925054_1920_1080_25fps.mp4,8,11,124,151,1,0.7378851771354675,37.82441900148115,1,REAL_FIRE,2560.6387150000955,5,False,1,,37.82441900148115
fire_videos,1,detectium_fire/fire/11925054_1920_1080_25fps.mp4,8,12,137,152,1,0.6556274890899658,36.28762300104427,1,REAL_FIRE,2232.034921000377,5,False,1,,36.28762300104427
fire_videos,1,detectium_fire/fire/11925054_1920_1080_25fps.mp4,8,13,149,153,1,0.7255272269248962,36.33477299990773,1,REAL_FIRE,2246.8345770012093,5,False,1,,36.33477299990773
fire_videos,1,detectium_fire/fire/11925054_1920_1080_25fps.mp4,8,14,161,154,1,0.7117899060249329,36.34059199976036,1,REAL_FIRE,2498.2089749992156,5,False,1,,36.34059199976036
fire_videos,1,detectium_fire/fire/11925054_1920_1080_25fps.mp4,8,15,174,155,1,0.7245087623596191,36.3198930008366,1,REAL_FIRE,2433.0052599998453,5,True,1,REAL_FIRE,2266.575923000346
fire_videos,1,detectium_fire/fire/11925054_1920_1080_25fps.mp4,8,16,186,156,1,0.7413619160652161,36.29378299956443,1,REAL_FIRE,2299.0836469998612,5,False,1,,36.29378299956443
fire_videos,1,detectium_fire/fire/11925054_1920_1080_25fps.mp4,8,17,199,157,1,0.7839842438697815,36.42557300008775,1,REAL_FIRE,2236.2070369999856,5,False,1,,36.42557300008775
fire_videos,1,detectium_fire/fire/11925054_1920_1080_25fps.mp4,8,18,211,158,1,0.7128243446350098,36.65956199984066,1,REAL_FIRE,2502.9764889986836,5,False,1,,36.65956199984066
fire_videos,1,detectium_fire/fire/11925054_1920_1080_25fps.mp4,8,19,224,159,1,0.6755171418190002,36.579662999429274,1,REAL_FIRE,2501.0030869998445,5,False,1,,36.579662999429274
fire_videos,1,detectium_fire/fire/11925054_1920_1080_25fps.mp4,8,20,236,160,1,0.6954988837242126,42.027041999972425,1,REAL_FIRE,2263.7946490012837,5,True,1,REAL_FIRE,2682.967410000856
fire_videos,1,detectium_fire/fire/11925055_1920_1080_25fps.mp4,9,1,0,161,1,0.5117511749267578,26.7789810004615,1,REAL_FIRE,2223.9899999985937,5,False,1,,26.7789810004615
fire_videos,1,detectium_fire/fire/11925055_1920_1080_25fps.mp4,9,2,19,162,1,0.4450773596763611,36.37504300058936,1,REAL_FIRE,2488.6263769985817,5,False,1,,36.37504300058936
fire_videos,1,detectium_fire/fire/11925055_1920_1080_25fps.mp4,9,3,37,163,1,0.540475070476532,36.18173399991065,1,REAL_FIRE,2498.951282001144,5,False,1,,36.18173399991065
fire_videos,1,detectium_fire/fire/11925055_1920_1080_25fps.mp4,9,4,56,164,1,0.4268001317977905,36.28006300095876,1,REAL_FIRE,2232.815755000047,5,False,1,,36.28006300095876
fire_videos,1,detectium_fire/fire/11925055_1920_1080_25fps.mp4,9,5,74,165,1,0.36412182450294495,36.3378139991255,1,REAL_FIRE,2381.13194700054,5,True,1,REAL_FIRE,2298.2085719995666
fire_videos,1,detectium_fire/fire/11925055_1920_1080_25fps.mp4,9,6,93,166,1,0.4808855652809143,36.2816640008532,1,REAL_FIRE,2256.3276429991674,5,False,1,,36.2816640008532
fire_videos,1,detectium_fire/fire/11925055_1920_1080_25fps.mp4,9,7,111,167,1,0.5048674941062927,36.34514400073385,1,REAL_FIRE,2601.4325140004075,5,False,1,,36.34514400073385
fire_videos,1,detectium_fire/fire/11925055_1920_1080_25fps.mp4,9,8,130,168,1,0.615976870059967,37.362942000982,1,REAL_FIRE,2572.9853819993878,5,False,1,,37.362942000982
fire_videos,1,detectium_fire/fire/11925055_1920_1080_25fps.mp4,9,9,149,169,1,0.5833287239074707,16.871088999323547,1,REAL_FIRE,2300.5190639996727,5,False,1,,16.871088999323547
fire_videos,1,detectium_fire/fire/11925055_1920_1080_25fps.mp4,9,10,167,170,1,0.5670168995857239,19.33486400048423,1,REAL_FIRE,2292.812880999918,5,True,1,REAL_FIRE,2638.753283999904
fire_videos,1,detectium_fire/fire/11925055_1920_1080_25fps.mp4,9,11,186,171,1,0.503538191318512,18.553666001025704,1,REAL_FIRE,2671.2080300003436,5,False,1,,18.553666001025704
fire_videos,1,detectium_fire/fire/11925055_1920_1080_25fps.mp4,9,12,204,172,1,0.5152373909950256,17.05503900120675,1,REAL_FIRE,2374.4140140006493,5,False,1,,17.05503900120675
fire_videos,1,detectium_fire/fire/11925055_1920_1080_25fps.mp4,9,13,223,173,1,0.3393067419528961,20.522851998975966,1,REAL_FIRE,2471.2846229995193,5,False,1,,20.522851998975966
fire_videos,1,detectium_fire/fire/11925055_1920_1080_25fps.mp4,9,14,242,174,1,0.2989811599254608,25.548393999997643,1,REAL_FIRE,2540.1399420006783,5,False,1,,25.548393999997643
fire_videos,1,detectium_fire/fire/11925055_1920_1080_25fps.mp4,9,15,260,175,1,0.3537355661392212,25.11088400024164,1,REAL_FIRE,2356.2042199991993,5,True,1,REAL_FIRE,2674.563456001124
fire_videos,1,detectium_fire/fire/11925055_1920_1080_25fps.mp4,9,16,279,176,1,0.5035035014152527,36.469594000664074,1,REAL_FIRE,2409.566559999803,5,False,1,,36.469594000664074
fire_videos,1,detectium_fire/fire/11925055_1920_1080_25fps.mp4,9,17,297,177,1,0.3517096936702728,41.9325739985652,1,REAL_FIRE,2657.388517000072,5,False,1,,41.9325739985652
fire_videos,1,detectium_fire/fire/11925055_1920_1080_25fps.mp4,9,18,316,178,1,0.3569504916667938,40.600485999675584,1,REAL_FIRE,2688.2092349987943,5,False,1,,40.600485999675584
fire_videos,1,detectium_fire/fire/11925055_1920_1080_25fps.mp4,9,19,334,179,1,0.3834623694419861,40.03449800075032,1,REAL_FIRE,2669.973463000133,5,False,1,,40.03449800075032
fire_videos,1,detectium_fire/fire/11925055_1920_1080_25fps.mp4,9,20,353,180,1,0.3041074573993683,36.516764001135016,1,REAL_FIRE,2758.088898999631,5,True,1,REAL_FIRE,2446.359953000865
fire_videos,1,detectium_fire/fire/11925064_1920_1080_25fps.mp4,10,1,0,181,1,0.5574814677238464,17.562429000463453,1,REAL_FIRE,2407.08352799993,5,False,1,,17.562429000463453
fire_videos,1,detectium_fire/fire/11925064_1920_1080_25fps.mp4,10,2,10,182,1,0.5704174637794495,18.575647000034223,1,REAL_FIRE,2441.954889000044,5,False,1,,18.575647000034223
fire_videos,1,detectium_fire/fire/11925064_1920_1080_25fps.mp4,10,3,20,183,1,0.5546063780784607,34.62868800124852,1,REAL_FIRE,2484.4642959997145,5,False,1,,34.62868800124852
fire_videos,1,detectium_fire/fire/11925064_1920_1080_25fps.mp4,10,4,29,184,1,0.4082534909248352,16.5398200006166,1,REAL_FIRE,2419.3345559997397,5,False,1,,16.5398200006166
fire_videos,1,detectium_fire/fire/11925064_1920_1080_25fps.mp4,10,5,39,185,1,0.41926467418670654,36.32203499910247,1,REAL_FIRE,2396.481871001015,5,True,1,REAL_FIRE,2528.2767379994766
fire_videos,1,detectium_fire/fire/11925064_1920_1080_25fps.mp4,10,6,49,186,1,0.3448718786239624,36.22661499866808,1,REAL_FIRE,2504.43109400112,5,False,1,,36.22661499866808
fire_videos,1,detectium_fire/fire/11925064_1920_1080_25fps.mp4,10,7,59,187,1,0.4261261224746704,36.838873998931376,1,REAL_FIRE,2420.4416689990467,5,False,1,,36.838873998931376
fire_videos,1,detectium_fire/fire/11925064_1920_1080_25fps.mp4,10,8,69,188,1,0.5108187794685364,36.200155000187806,1,REAL_FIRE,2974.9199509988102,5,False,1,,36.200155000187806
fire_videos,1,detectium_fire/fire/11925064_1920_1080_25fps.mp4,10,9,78,189,1,0.5046951770782471,36.33432500100753,1,REAL_FIRE,2509.779197000171,5,False,1,,36.33432500100753
fire_videos,1,detectium_fire/fire/11925064_1920_1080_25fps.mp4,10,10,88,190,1,0.48895323276519775,36.99212399988028,1,REAL_FIRE,2449.536737998642,5,True,1,REAL_FIRE,2490.475137999965
fire_videos,1,detectium_fire/fire/11925064_1920_1080_25fps.mp4,10,11,98,191,1,0.5950139760971069,36.337614999865764,1,REAL_FIRE,2546.458621000056,5,False,1,,36.337614999865764
fire_videos,1,detectium_fire/fire/11925064_1920_1080_25fps.mp4,10,12,108,192,1,0.5721722841262817,36.287675000494346,1,REAL_FIRE,2644.6433310011344,5,False,1,,36.287675000494346
fire_videos,1,detectium_fire/fire/11925064_1920_1080_25fps.mp4,10,13,117,193,1,0.47125688195228577,36.18190599991067,1,REAL_FIRE,2641.854510000485,5,False,1,,36.18190599991067
fire_videos,1,detectium_fire/fire/11925064_1920_1080_25fps.mp4,10,14,127,194,1,0.6549407243728638,36.27487499943527,1,REAL_FIRE,2516.6846470001474,5,False,1,,36.27487499943527
fire_videos,1,detectium_fire/fire/11925064_1920_1080_25fps.mp4,10,15,137,195,1,0.5577425360679626,36.97025499968731,1,REAL_FIRE,2859.5050310013903,5,True,1,REAL_FIRE,3023.158435998994
fire_videos,1,detectium_fire/fire/11925064_1920_1080_25fps.mp4,10,16,147,196,1,0.49366021156311035,36.921154000083334,1,REAL_FIRE,2780.7087099990895,5,False,1,,36.921154000083334
fire_videos,1,detectium_fire/fire/11925064_1920_1080_25fps.mp4,10,17,157,197,1,0.5622894763946533,36.16848599995137,1,REAL_FIRE,2720.663340000101,5,False,1,,36.16848599995137
fire_videos,1,detectium_fire/fire/11925064_1920_1080_25fps.mp4,10,18,166,198,1,0.49774476885795593,35.62065600090136,1,REAL_FIRE,2521.2736679986847,5,False,1,,35.62065600090136
fire_videos,1,detectium_fire/fire/11925064_1920_1080_25fps.mp4,10,19,176,199,1,0.5564237833023071,36.202405999574694,1,REAL_FIRE,2521.6199999995297,5,False,1,,36.202405999574694
fire_videos,1,detectium_fire/fire/11925064_1920_1080_25fps.mp4,10,20,186,200,1,0.41158589720726013,36.33788600018306,1,REAL_FIRE,2529.082480999932,5,True,1,REAL_FIRE,2659.508504000769
fire_videos,1,detectium_fire/fire/11952332_2160_3840_30fps.mp4,11,1,0,201,1,0.7260943055152893,64.8815549993742,1,REAL_FIRE,2637.603447001311,5,False,1,,64.8815549993742
fire_videos,1,detectium_fire/fire/11952332_2160_3840_30fps.mp4,11,2,17,202,1,0.5109376311302185,67.82845000088855,1,REAL_FIRE,2526.707016000728,5,False,1,,67.82845000088855
fire_videos,1,detectium_fire/fire/11952332_2160_3840_30fps.mp4,11,3,34,203,1,0.7413871884346008,72.48441200135858,1,REAL_FIRE,2642.067926000891,5,False,1,,72.48441200135858
fire_videos,1,detectium_fire/fire/11952332_2160_3840_30fps.mp4,11,4,51,204,1,0.4487994909286499,67.56930099982128,1,REAL_FIRE,3082.067145998735,5,False,1,,67.56930099982128
fire_videos,1,detectium_fire/fire/11952332_2160_3840_30fps.mp4,11,5,68,205,1,0.6308215260505676,61.680340999373584,1,REAL_FIRE,2707.343430000037,5,True,1,REAL_FIRE,2728.161925999302
fire_videos,1,detectium_fire/fire/11952332_2160_3840_30fps.mp4,11,6,85,206,1,0.737897515296936,67.33292200078722,1,REAL_FIRE,2624.940601999697,5,False,1,,67.33292200078722
fire_videos,1,detectium_fire/fire/11952332_2160_3840_30fps.mp4,11,7,102,207,1,0.44745934009552,74.41250999909244,1,REAL_FIRE,2683.529144000204,5,False,1,,74.41250999909244
fire_videos,1,detectium_fire/fire/11952332_2160_3840_30fps.mp4,11,8,119,208,1,0.6626132130622864,68.41494000036619,1,REAL_FIRE,2712.1509870012233,5,False,1,,68.41494000036619
fire_videos,1,detectium_fire/fire/11952332_2160_3840_30fps.mp4,11,9,136,209,1,0.6144241690635681,63.432298999032355,1,REAL_FIRE,3217.090627998914,5,False,1,,63.432298999032355
fire_videos,1,detectium_fire/fire/11952332_2160_3840_30fps.mp4,11,10,153,210,1,0.6303354501724243,80.68714800174348,1,REAL_FIRE,2521.103969998876,5,True,1,REAL_FIRE,2611.657074001414
fire_videos,1,detectium_fire/fire/11952332_2160_3840_30fps.mp4,11,11,169,211,1,0.6623038649559021,78.39570299984189,1,REAL_FIRE,2911.0382960006973,5,False,1,,78.39570299984189
fire_videos,1,detectium_fire/fire/11952332_2160_3840_30fps.mp4,11,12,186,212,1,0.7757362127304077,67.05936300022586,1,REAL_FIRE,2966.56974400139,5,False,1,,67.05936300022586
fire_videos,1,detectium_fire/fire/11952332_2160_3840_30fps.mp4,11,13,203,213,1,0.6728039383888245,61.87996199878398,1,REAL_FIRE,2590.2153349998116,5,False,1,,61.87996199878398
fire_videos,1,detectium_fire/fire/11952332_2160_3840_30fps.mp4,11,14,220,214,1,0.4650394320487976,72.22059400010039,1,REAL_FIRE,2534.3216769997525,5,False,1,,72.22059400010039
fire_videos,1,detectium_fire/fire/11952332_2160_3840_30fps.mp4,11,15,237,215,1,0.7177040576934814,69.19070999902033,1,REAL_FIRE,3217.2070529995835,5,True,1,REAL_FIRE,3192.6305999986653
fire_videos,1,detectium_fire/fire/11952332_2160_3840_30fps.mp4,11,16,254,216,1,0.5156658887863159,60.50570500156027,1,REAL_FIRE,2522.6393889988685,5,False,1,,60.50570500156027
fire_videos,1,detectium_fire/fire/11952332_2160_3840_30fps.mp4,11,17,271,217,1,0.7327933311462402,51.8608000002132,1,REAL_FIRE,2947.3677549995045,5,False,1,,51.8608000002132
fire_videos,1,detectium_fire/fire/11952332_2160_3840_30fps.mp4,11,18,288,218,1,0.45302850008010864,67.29280400031712,1,REAL_FIRE,3146.9740730008198,5,False,1,,67.29280400031712
fire_videos,1,detectium_fire/fire/11952332_2160_3840_30fps.mp4,11,19,305,219,1,0.6914786100387573,77.01892700060853,1,REAL_FIRE,2742.10235999999,5,False,1,,77.01892700060853
fire_videos,1,detectium_fire/fire/11952332_2160_3840_30fps.mp4,11,20,322,220,1,0.596384584903717,76.14893800018763,1,REAL_FIRE,2495.818899000369,5,True,1,REAL_FIRE,2663.0508830003237
fire_videos,1,detectium_fire/fire/11954238_3840_2160_25fps.mp4,12,1,0,221,1,0.6393755078315735,51.28834199967969,1,REAL_FIRE,2832.593122999242,5,False,1,,51.28834199967969
fire_videos,1,detectium_fire/fire/11954238_3840_2160_25fps.mp4,12,2,49,222,1,0.5560198426246643,75.74685899999167,1,REAL_FIRE,2571.553657999175,5,False,1,,75.74685899999167
fire_videos,1,detectium_fire/fire/11954238_3840_2160_25fps.mp4,12,3,97,223,1,0.408202588558197,70.60531800016179,1,REAL_FIRE,2864.7696349999023,5,False,1,,70.60531800016179
fire_videos,1,detectium_fire/fire/11954238_3840_2160_25fps.mp4,12,4,146,224,1,0.4670231342315674,71.98688599964953,1,REAL_FIRE,3186.57128400082,5,False,1,,71.98688599964953
fire_videos,1,detectium_fire/fire/11954238_3840_2160_25fps.mp4,12,5,194,225,1,0.3807166814804077,74.01972199841111,1,REAL_FIRE,2728.8676780008245,5,True,1,REAL_FIRE,2862.7262899972266
fire_videos,1,detectium_fire/fire/11954238_3840_2160_25fps.mp4,12,6,243,226,1,0.35574615001678467,76.28863900026772,1,REAL_FIRE,2875.230053999985,5,False,1,,76.28863900026772
fire_videos,1,detectium_fire/fire/11954238_3840_2160_25fps.mp4,12,7,291,227,1,0.5587326288223267,44.71266300060961,1,REAL_FIRE,2440.8356839994667,5,False,1,,44.71266300060961
fire_videos,1,detectium_fire/fire/11954238_3840_2160_25fps.mp4,12,8,340,228,1,0.5528199076652527,83.048817999952,1,REAL_FIRE,2620.1643380009045,5,False,1,,83.048817999952
fire_videos,1,detectium_fire/fire/11954238_3840_2160_25fps.mp4,12,9,388,229,1,0.34769344329833984,71.21070799985318,1,REAL_FIRE,2785.768308000115,5,False,1,,71.21070799985318
fire_videos,1,detectium_fire/fire/11954238_3840_2160_25fps.mp4,12,10,437,230,1,0.2791586220264435,71.2130169995362,1,REAL_FIRE,3537.0840129999124,5,True,1,REAL_FIRE,3138.5587509994366
fire_videos,1,detectium_fire/fire/11954238_3840_2160_25fps.mp4,12,11,485,231,0,0.0,77.24627799871087,1,REAL_FIRE,2739.5080889982637,5,False,0,,77.24627799871087
fire_videos,1,detectium_fire/fire/11954238_3840_2160_25fps.mp4,12,12,534,232,0,0.0,58.07011999968381,1,REAL_FIRE,2379.915568000797,5,False,0,,58.07011999968381
fire_videos,1,detectium_fire/fire/11954238_3840_2160_25fps.mp4,12,13,582,233,1,0.43545642495155334,88.46167899901047,1,REAL_FIRE,3038.759733999541,5,False,1,,88.46167899901047
fire_videos,1,detectium_fire/fire/11954238_3840_2160_25fps.mp4,12,14,631,234,1,0.38426050543785095,75.45604200095113,1,REAL_FIRE,2909.6448090003832,5,False,1,,75.45604200095113
fire_videos,1,detectium_fire/fire/11954238_3840_2160_25fps.mp4,12,15,679,235,1,0.559082567691803,59.4128089996957,1,REAL_FIRE,2735.774939001203,5,True,1,REAL_FIRE,3081.6922729991347
fire_videos,1,detectium_fire/fire/11954238_3840_2160_25fps.mp4,12,16,728,236,1,0.5278027057647705,104.21344299902557,1,REAL_FIRE,3362.256378000893,5,False,1,,104.21344299902557
fire_videos,1,detectium_fire/fire/11954238_3840_2160_25fps.mp4,12,17,776,237,1,0.4344751536846161,65.67027900018729,1,REAL_FIRE,2714.3025470013527,5,False,1,,65.67027900018729
fire_videos,1,detectium_fire/fire/11954238_3840_2160_25fps.mp4,12,18,825,238,1,0.6395195126533508,78.50109599894495,1,REAL_FIRE,3196.579120000024,5,False,1,,78.50109599894495
fire_videos,1,detectium_fire/fire/11954238_3840_2160_25fps.mp4,12,19,873,239,1,0.6871146559715271,77.36499800012098,1,REAL_FIRE,3037.916404000498,5,False,1,,77.36499800012098
fire_videos,1,detectium_fire/fire/11954238_3840_2160_25fps.mp4,12,20,922,240,1,0.445340096950531,74.62413399844081,1,REAL_FIRE,2854.820968999775,5,True,1,REAL_FIRE,2645.982426998671
fire_videos,1,detectium_fire/fire/11964989_3840_2160_24fps.mp4,13,1,0,241,1,0.25614824891090393,52.536410999891814,1,REAL_FIRE,2654.7457039996516,5,False,1,,52.536410999891814
fire_videos,1,detectium_fire/fire/11964989_3840_2160_24fps.mp4,13,2,84,242,0,0.0,70.97595000050205,1,REAL_FIRE,2570.767329998489,5,False,0,,70.97595000050205
fire_videos,1,detectium_fire/fire/11964989_3840_2160_24fps.mp4,13,3,168,243,0,0.0,72.19313800123928,1,REAL_FIRE,2581.0874850012624,5,False,0,,72.19313800123928
fire_videos,1,detectium_fire/fire/11964989_3840_2160_24fps.mp4,13,4,251,244,0,0.0,50.465794000047026,1,REAL_FIRE,2924.7298580012284,5,False,0,,50.465794000047026
fire_videos,1,detectium_fire/fire/11964989_3840_2160_24fps.mp4,13,5,335,245,0,0.0,73.540845000025,1,REAL_FIRE,3230.8844630006206,5,True,1,REAL_FIRE,3106.7601459999423
fire_videos,1,detectium_fire/fire/11964989_3840_2160_24fps.mp4,13,6,419,246,0,0.0,52.20873200050846,1,REAL_FIRE,3263.7801860000764,5,False,0,,52.20873200050846
fire_videos,1,detectium_fire/fire/11964989_3840_2160_24fps.mp4,13,7,503,247,0,0.0,66.55491800120217,1,REAL_FIRE,2970.275166000647,5,False,0,,66.55491800120217
fire_videos,1,detectium_fire/fire/11964989_3840_2160_24fps.mp4,13,8,587,248,0,0.0,62.821343999530654,1,REAL_FIRE,2916.0189209997043,5,False,0,,62.821343999530654
fire_videos,1,detectium_fire/fire/11964989_3840_2160_24fps.mp4,13,9,670,249,0,0.0,81.40284299952327,1,REAL_FIRE,2584.7126030002983,5,False,0,,81.40284299952327
fire_videos,1,detectium_fire/fire/11964989_3840_2160_24fps.mp4,13,10,754,250,0,0.0,72.06050800050434,1,REAL_FIRE,3116.426691000015,5,True,1,REAL_FIRE,3272.9252010012715
fire_videos,1,detectium_fire/fire/11964989_3840_2160_24fps.mp4,13,11,838,251,1,0.3479369580745697,79.02804699915578,1,REAL_FIRE,2761.3765450005303,5,False,1,,79.02804699915578
fire_videos,1,detectium_fire/fire/11964989_3840_2160_24fps.mp4,13,12,922,252,0,0.0,64.42132200027118,1,REAL_FIRE,2500.534767999852,5,False,0,,64.42132200027118
fire_videos,1,detectium_fire/fire/11964989_3840_2160_24fps.mp4,13,13,1005,253,1,0.3496154844760895,91.33726700019906,1,REAL_FIRE,3150.2840789999027,5,False,1,,91.33726700019906
fire_videos,1,detectium_fire/fire/11964989_3840_2160_24fps.mp4,13,14,1089,254,0,0.0,81.41866300138645,1,REAL_FIRE,2813.652748000095,5,False,0,,81.41866300138645
fire_videos,1,detectium_fire/fire/11964989_3840_2160_24fps.mp4,13,15,1173,255,0,0.0,66.13901899982011,1,REAL_FIRE,2544.868901999507,5,True,1,REAL_FIRE,3026.863555998716
fire_videos,1,detectium_fire/fire/11964989_3840_2160_24fps.mp4,13,16,1257,256,0,0.0,85.59534699998039,1,REAL_FIRE,2926.5193580013147,5,False,0,,85.59534699998039
fire_videos,1,detectium_fire/fire/11964989_3840_2160_24fps.mp4,13,17,1341,257,0,0.0,48.18029899979592,1,REAL_FIRE,2615.6659120006225,5,False,0,,48.18029899979592
fire_videos,1,detectium_fire/fire/11964989_3840_2160_24fps.mp4,13,18,1424,258,1,0.2880953252315521,82.16527299919107,1,REAL_FIRE,2812.3119459996815,5,False,1,,82.16527299919107
fire_videos,1,detectium_fire/fire/11964989_3840_2160_24fps.mp4,13,19,1508,259,0,0.0,67.63202699949034,1,REAL_FIRE,2937.153250999472,5,False,0,,67.63202699949034
fire_videos,1,detectium_fire/fire/11964989_3840_2160_24fps.mp4,13,20,1592,260,0,0.0,64.58861200007959,1,REAL_FIRE,3097.8744049989473,5,True,1,REAL_FIRE,2886.0849419997976
fire_videos,1,detectium_fire/fire/11970957_1920_1080_50fps.mp4,14,1,0,261,1,0.30150672793388367,29.421461000310956,1,REAL_FIRE,2444.525851000435,5,False,1,,29.421461000310956
fire_videos,1,detectium_fire/fire/11970957_1920_1080_50fps.mp4,14,2,22,262,1,0.5466083884239197,29.857699999411125,1,REAL_FIRE,2878.770598999836,5,False,1,,29.857699999411125
fire_videos,1,detectium_fire/fire/11970957_1920_1080_50fps.mp4,14,3,44,263,0,0.0,50.08339599953615,1,REAL_FIRE,3291.7545039999823,5,False,0,,50.08339599953615
fire_videos,1,detectium_fire/fire/11970957_1920_1080_50fps.mp4,14,4,65,264,0,0.0,45.92879399933736,1,REAL_FIRE,2902.6831739993213,5,False,0,,45.92879399933736
fire_videos,1,detectium_fire/fire/11970957_1920_1080_50fps.mp4,14,5,87,265,1,0.387687623500824,36.3344990000769,1,REAL_FIRE,2422.706486999232,5,True,1,REAL_FIRE,2592.4685960017086
fire_videos,1,detectium_fire/fire/11970957_1920_1080_50fps.mp4,14,6,109,266,1,0.27869436144828796,36.23648999928264,1,REAL_FIRE,2851.2217179995787,5,False,1,,36.23648999928264
fire_videos,1,detectium_fire/fire/11970957_1920_1080_50fps.mp4,14,7,131,267,1,0.29272717237472534,50.558906001242576,1,REAL_FIRE,2867.7343830004247,5,False,1,,50.558906001242576
fire_videos,1,detectium_fire/fire/11970957_1920_1080_50fps.mp4,14,8,153,268,0,0.0,40.74491200117336,1,REAL_FIRE,2455.15842200075,5,False,0,,40.74491200117336
fire_videos,1,detectium_fire/fire/11970957_1920_1080_50fps.mp4,14,9,174,269,0,0.0,36.84748899831902,1,REAL_FIRE,2732.0037040008174,5,False,0,,36.84748899831902
fire_videos,1,detectium_fire/fire/11970957_1920_1080_50fps.mp4,14,10,196,270,1,0.35357922315597534,54.897339001399814,1,REAL_FIRE,2811.229994998939,5,True,1,REAL_FIRE,2809.374801001468
fire_videos,1,detectium_fire/fire/11970957_1920_1080_50fps.mp4,14,11,218,271,0,0.0,49.11223800081643,1,REAL_FIRE,2952.072396999938,5,False,0,,49.11223800081643
fire_videos,1,detectium_fire/fire/11970957_1920_1080_50fps.mp4,14,12,240,272,1,0.5903160572052002,20.69783600018127,1,REAL_FIRE,2513.922174999607,5,False,1,,20.69783600018127
fire_videos,1,detectium_fire/fire/11970957_1920_1080_50fps.mp4,14,13,261,273,1,0.7331089377403259,16.945772000326542,1,REAL_FIRE,2798.5647850000532,5,False,1,,16.945772000326542
fire_videos,1,detectium_fire/fire/11970957_1920_1080_50fps.mp4,14,14,283,274,1,0.7539334893226624,51.689654999790946,1,REAL_FIRE,2775.0998669998808,5,False,1,,51.689654999790946
fire_videos,1,detectium_fire/fire/11970957_1920_1080_50fps.mp4,14,15,305,275,1,0.6900727152824402,16.891833000045153,1,REAL_FIRE,2538.642040999548,5,True,1,REAL_FIRE,2929.7875369993562
fire_videos,1,detectium_fire/fire/11970957_1920_1080_50fps.mp4,14,16,327,276,0,0.0,52.907322000464774,1,REAL_FIRE,2804.871925000043,5,False,0,,52.907322000464774
fire_videos,1,detectium_fire/fire/11970957_1920_1080_50fps.mp4,14,17,349,277,1,0.40485021471977234,25.79487699949823,1,REAL_FIRE,3006.572184000106,5,False,1,,25.79487699949823
fire_videos,1,detectium_fire/fire/11970957_1920_1080_50fps.mp4,14,18,370,278,1,0.35553088784217834,43.84814799959713,1,REAL_FIRE,2653.055980999852,5,False,1,,43.84814799959713
fire_videos,1,detectium_fire/fire/11970957_1920_1080_50fps.mp4,14,19,392,279,1,0.6218647956848145,20.849475000431994,1,REAL_FIRE,3070.489424000698,5,False,1,,20.849475000431994
fire_videos,1,detectium_fire/fire/11970957_1920_1080_50fps.mp4,14,20,414,280,0,0.0,37.984607000908,0,NO_REAL_FIRE,4898.230204000356,5,True,0,NO_REAL_FIRE,4835.435443001188
fire_videos,1,detectium_fire/fire/11981531_2160_3840_60fps.mp4,15,1,0,281,1,0.6374342441558838,17.50620199891273,1,REAL_FIRE,2283.189620000485,5,False,1,,17.50620199891273
fire_videos,1,detectium_fire/fire/11981531_2160_3840_60fps.mp4,15,2,4,282,1,0.4782407581806183,16.52327299962053,1,REAL_FIRE,2498.4345480006596,5,False,1,,16.52327299962053
fire_videos,1,detectium_fire/fire/11981531_2160_3840_60fps.mp4,15,3,7,283,1,0.3169940412044525,29.07341200079827,1,REAL_FIRE,2645.6400679999206,5,False,1,,29.07341200079827
fire_videos,1,detectium_fire/fire/11981531_2160_3840_60fps.mp4,15,4,11,284,1,0.2973458766937256,16.58515199960675,1,REAL_FIRE,2618.0348950001644,5,False,1,,16.58515199960675
fire_videos,1,detectium_fire/fire/11981531_2160_3840_60fps.mp4,15,5,14,285,0,0.0,39.27392599871382,1,REAL_FIRE,2893.4826039985637,5,True,1,REAL_FIRE,2832.350417998896
fire_videos,1,detectium_fire/fire/11981531_2160_3840_60fps.mp4,15,6,18,286,0,0.0,39.77050399953441,1,REAL_FIRE,2690.971220999927,5,False,0,,39.77050399953441
fire_videos,1,detectium_fire/fire/11981531_2160_3840_60fps.mp4,15,7,21,287,0,0.0,34.50732400051493,1,REAL_FIRE,3070.836610999322,5,False,0,,34.50732400051493
fire_videos,1,detectium_fire/fire/11981531_2160_3840_60fps.mp4,15,8,25,288,0,0.0,35.277562999908696,1,REAL_FIRE,2305.646707000051,5,False,0,,35.277562999908696
fire_videos,1,detectium_fire/fire/11981531_2160_3840_60fps.mp4,15,9,29,289,1,0.5348305702209473,35.104082999168895,1,REAL_FIRE,2408.732780000719,5,False,1,,35.104082999168895
fire_videos,1,detectium_fire/fire/11981531_2160_3840_60fps.mp4,15,10,32,290,1,0.5483546853065491,44.9495670000033,1,REAL_FIRE,2609.544752000147,5,True,1,REAL_FIRE,2375.816448000478
fire_videos,1,detectium_fire/fire/11981531_2160_3840_60fps.mp4,15,11,36,291,1,0.26704952120780945,17.617191000681487,1,REAL_FIRE,2530.360015000042,5,False,1,,17.617191000681487
fire_videos,1,detectium_fire/fire/11981531_2160_3840_60fps.mp4,15,12,39,292,1,0.3092799484729767,52.16856500010181,1,REAL_FIRE,2942.073273999995,5,False,1,,52.16856500010181
fire_videos,1,detectium_fire/fire/11981531_2160_3840_60fps.mp4,15,13,43,293,1,0.4767366647720337,52.78726399956213,1,REAL_FIRE,2366.7147870000917,5,False,1,,52.78726399956213
fire_videos,1,detectium_fire/fire/11981531_2160_3840_60fps.mp4,15,14,47,294,1,0.5435100197792053,37.416439001390245,1,REAL_FIRE,2808.8801649992092,5,False,1,,37.416439001390245
fire_videos,1,detectium_fire/fire/11981531_2160_3840_60fps.mp4,15,15,50,295,1,0.28520461916923523,38.33233800105518,1,REAL_FIRE,2620.7570049991773,5,True,1,REAL_FIRE,2651.2454969997634
fire_videos,1,detectium_fire/fire/11981531_2160_3840_60fps.mp4,15,16,54,296,0,0.0,37.367098999311565,1,REAL_FIRE,2850.6656529989414,5,False,0,,37.367098999311565
fire_videos,1,detectium_fire/fire/11981531_2160_3840_60fps.mp4,15,17,57,297,1,0.2606184780597687,52.248854999561445,1,REAL_FIRE,2792.868790000284,5,False,1,,52.248854999561445
fire_videos,1,detectium_fire/fire/11981531_2160_3840_60fps.mp4,15,18,61,298,0,0.0,37.92052799872181,1,REAL_FIRE,2842.0316409992665,5,False,0,,37.92052799872181
fire_videos,1,detectium_fire/fire/11981531_2160_3840_60fps.mp4,15,19,64,299,0,0.0,38.035857998693245,1,REAL_FIRE,2316.0789710000245,5,False,0,,38.035857998693245
fire_videos,1,detectium_fire/fire/11981531_2160_3840_60fps.mp4,15,20,68,300,0,0.0,41.743201998542645,1,REAL_FIRE,2606.5104890003568,5,True,1,REAL_FIRE,2898.016455999823
fire_videos,1,detectium_fire/fire/11995152_3840_2160_30fps.mp4,16,1,0,301,1,0.36408087611198425,103.12169200005883,1,REAL_FIRE,4148.504910001066,5,False,1,,103.12169200005883
fire_videos,1,detectium_fire/fire/11995152_3840_2160_30fps.mp4,16,2,27,302,0,0.0,67.68171899966546,1,REAL_FIRE,2882.009287000983,5,False,0,,67.68171899966546
fire_videos,1,detectium_fire/fire/11995152_3840_2160_30fps.mp4,16,3,53,303,0,0.0,65.77153299986094,1,REAL_FIRE,2776.9954100003815,5,False,0,,65.77153299986094
fire_videos,1,detectium_fire/fire/11995152_3840_2160_30fps.mp4,16,4,80,304,1,0.44559919834136963,78.90171100007137,0,NO_REAL_FIRE,3469.448605999787,5,False,1,,78.90171100007137
fire_videos,1,detectium_fire/fire/11995152_3840_2160_30fps.mp4,16,5,106,305,0,0.0,86.31061999949452,1,REAL_FIRE,3301.280992000102,5,True,1,REAL_FIRE,3174.574021000808
fire_videos,1,detectium_fire/fire/11995152_3840_2160_30fps.mp4,16,6,133,306,0,0.0,63.97272600042925,1,REAL_FIRE,3709.3391549988155,5,False,0,,63.97272600042925
fire_videos,1,detectium_fire/fire/11995152_3840_2160_30fps.mp4,16,7,159,307,0,0.0,89.3067750002956,1,REAL_FIRE,3604.7232580003765,5,False,0,,89.3067750002956
fire_videos,1,detectium_fire/fire/11995152_3840_2160_30fps.mp4,16,8,186,308,0,0.0,62.44574899938016,1,REAL_FIRE,3234.651692000625,5,False,0,,62.44574899938016
fire_videos,1,detectium_fire/fire/11995152_3840_2160_30fps.mp4,16,9,212,309,0,0.0,56.234719000713085,1,REAL_FIRE,3098.764194999603,5,False,0,,56.234719000713085
fire_videos,1,detectium_fire/fire/11995152_3840_2160_30fps.mp4,16,10,239,310,0,0.0,77.44089400148368,1,REAL_FIRE,3087.3183860003337,5,True,1,REAL_FIRE,2849.4978030012135
fire_videos,1,detectium_fire/fire/11995152_3840_2160_30fps.mp4,16,11,265,311,0,0.0,69.60662700112152,1,REAL_FIRE,2915.3095290002966,5,False,0,,69.60662700112152
fire_videos,1,detectium_fire/fire/11995152_3840_2160_30fps.mp4,16,12,292,312,1,0.3645288050174713,65.46445399908407,1,REAL_FIRE,3353.5096920004435,5,False,1,,65.46445399908407
fire_videos,1,detectium_fire/fire/11995152_3840_2160_30fps.mp4,16,13,318,313,0,0.0,86.40032099901873,0,NO_REAL_FIRE,4007.37142700018,5,False,0,,86.40032099901873
fire_videos,1,detectium_fire/fire/11995152_3840_2160_30fps.mp4,16,14,345,314,1,0.5364949107170105,44.18327799976396,1,REAL_FIRE,3005.7408299999224,5,False,1,,44.18327799976396
fire_videos,1,detectium_fire/fire/11995152_3840_2160_30fps.mp4,16,15,371,315,1,0.40564000606536865,48.64306099989335,0,NO_REAL_FIRE,4882.817039000656,5,True,0,NO_REAL_FIRE,3641.103419000501
fire_videos,1,detectium_fire/fire/11995152_3840_2160_30fps.mp4,16,16,398,316,0,0.0,54.83963199912978,1,REAL_FIRE,3021.7640020000545,5,False,0,,54.83963199912978
fire_videos,1,detectium_fire/fire/11995152_3840_2160_30fps.mp4,16,17,424,317,0,0.0,62.240929999461514,1,REAL_FIRE,3017.2451409998757,5,False,0,,62.240929999461514
fire_videos,1,detectium_fire/fire/11995152_3840_2160_30fps.mp4,16,18,451,318,1,0.28335368633270264,76.16140699974494,1,REAL_FIRE,3334.2700919984054,5,False,1,,76.16140699974494
fire_videos,1,detectium_fire/fire/11995152_3840_2160_30fps.mp4,16,19,477,319,0,0.0,85.7742820007843,1,REAL_FIRE,2936.9999550017383,5,False,0,,85.7742820007843
fire_videos,1,detectium_fire/fire/11995152_3840_2160_30fps.mp4,16,20,504,320,0,0.0,70.54906600023969,0,NO_REAL_FIRE,4060.9228770008485,5,True,0,NO_REAL_FIRE,4227.659830999983
fire_videos,1,detectium_fire/fire/11996993_3840_2160_30fps.mp4,17,1,0,321,0,0.0,53.05430400039768,1,REAL_FIRE,3702.841850999903,5,False,0,,53.05430400039768
fire_videos,1,detectium_fire/fire/11996993_3840_2160_30fps.mp4,17,2,29,322,0,0.0,77.608086001419,1,REAL_FIRE,2586.8941280004947,5,False,0,,77.608086001419
fire_videos,1,detectium_fire/fire/11996993_3840_2160_30fps.mp4,17,3,58,323,0,0.0,65.72495499858633,1,REAL_FIRE,2549.81584899906,5,False,0,,65.72495499858633
fire_videos,1,detectium_fire/fire/11996993_3840_2160_30fps.mp4,17,4,86,324,0,0.0,66.55142300041916,1,REAL_FIRE,2837.1246789993165,5,False,0,,66.55142300041916
fire_videos,1,detectium_fire/fire/11996993_3840_2160_30fps.mp4,17,5,115,325,0,0.0,40.904755000156,1,REAL_FIRE,2636.201332999917,5,True,1,REAL_FIRE,3609.8898210002517
fire_videos,1,detectium_fire/fire/11996993_3840_2160_30fps.mp4,17,6,144,326,0,0.0,65.88642399947275,1,REAL_FIRE,3226.40605900051,5,False,0,,65.88642399947275
fire_videos,1,detectium_fire/fire/11996993_3840_2160_30fps.mp4,17,7,173,327,0,0.0,50.99072800112481,1,REAL_FIRE,3342.8829740005312,5,False,0,,50.99072800112481
fire_videos,1,detectium_fire/fire/11996993_3840_2160_30fps.mp4,17,8,202,328,0,0.0,47.14809500001138,1,REAL_FIRE,3303.9285089998884,5,False,0,,47.14809500001138
fire_videos,1,detectium_fire/fire/11996993_3840_2160_30fps.mp4,17,9,230,329,0,0.0,56.03113000142912,1,REAL_FIRE,2855.7493499993143,5,False,0,,56.03113000142912
fire_videos,1,detectium_fire/fire/11996993_3840_2160_30fps.mp4,17,10,259,330,0,0.0,45.31662699992012,1,REAL_FIRE,3120.3474779995304,5,True,1,REAL_FIRE,2800.2961319998576
fire_videos,1,detectium_fire/fire/11996993_3840_2160_30fps.mp4,17,11,288,331,0,0.0,41.26998400170123,1,REAL_FIRE,2751.8816419997165,5,False,0,,41.26998400170123
fire_videos,1,detectium_fire/fire/11996993_3840_2160_30fps.mp4,17,12,317,332,0,0.0,64.59387599898037,1,REAL_FIRE,3246.498431000873,5,False,0,,64.59387599898037
fire_videos,1,detectium_fire/fire/11996993_3840_2160_30fps.mp4,17,13,345,333,0,0.0,58.190777001073,1,REAL_FIRE,2895.893225000691,5,False,0,,58.190777001073
fire_videos,1,detectium_fire/fire/11996993_3840_2160_30fps.mp4,17,14,374,334,0,0.0,43.881939998755115,1,REAL_FIRE,3095.5890770001133,5,False,0,,43.881939998755115
fire_videos,1,detectium_fire/fire/11996993_3840_2160_30fps.mp4,17,15,403,335,0,0.0,54.49414200120373,1,REAL_FIRE,2741.782274999423,5,True,1,REAL_FIRE,2715.8432060005
fire_videos,1,detectium_fire/fire/11996993_3840_2160_30fps.mp4,17,16,432,336,0,0.0,52.00707699987106,1,REAL_FIRE,2765.4000200000155,5,False,0,,52.00707699987106
fire_videos,1,detectium_fire/fire/11996993_3840_2160_30fps.mp4,17,17,461,337,0,0.0,58.849345999988145,1,REAL_FIRE,3210.243800000171,5,False,0,,58.849345999988145
fire_videos,1,detectium_fire/fire/11996993_3840_2160_30fps.mp4,17,18,489,338,1,0.2562328577041626,48.398032999102725,1,REAL_FIRE,3024.3310290006775,5,False,1,,48.398032999102725
fire_videos,1,detectium_fire/fire/11996993_3840_2160_30fps.mp4,17,19,518,339,0,0.0,67.73088199952326,1,REAL_FIRE,3122.8869650003617,5,False,0,,67.73088199952326
fire_videos,1,detectium_fire/fire/11996993_3840_2160_30fps.mp4,17,20,547,340,0,0.0,43.793790999188786,1,REAL_FIRE,2986.7616829997132,5,True,1,REAL_FIRE,2802.299338998637
fire_videos,1,detectium_fire/fire/11998918_2160_3840_60fps.mp4,18,1,0,341,1,0.718902587890625,59.978225001032115,1,REAL_FIRE,2778.880346999358,5,False,1,,59.978225001032115
fire_videos,1,detectium_fire/fire/11998918_2160_3840_60fps.mp4,18,2,63,342,1,0.754001259803772,65.60360500043316,1,REAL_FIRE,3700.499389999095,5,False,1,,65.60360500043316
fire_videos,1,detectium_fire/fire/11998918_2160_3840_60fps.mp4,18,3,127,343,1,0.7121973633766174,89.12069799953315,1,REAL_FIRE,3312.0485519993963,5,False,1,,89.12069799953315
fire_videos,1,detectium_fire/fire/11998918_2160_3840_60fps.mp4,18,4,190,344,1,0.7351218461990356,59.15656600154762,1,REAL_FIRE,2894.106649000605,5,False,1,,59.15656600154762
fire_videos,1,detectium_fire/fire/11998918_2160_3840_60fps.mp4,18,5,254,345,1,0.7588955163955688,84.87626500027545,1,REAL_FIRE,3315.9310600003664,5,True,1,REAL_FIRE,3393.1274290007423
fire_videos,1,detectium_fire/fire/11998918_2160_3840_60fps.mp4,18,6,317,346,1,0.6900524497032166,62.84545000016806,1,REAL_FIRE,3121.971882001162,5,False,1,,62.84545000016806
fire_videos,1,detectium_fire/fire/11998918_2160_3840_60fps.mp4,18,7,381,347,1,0.8249414563179016,75.94234899988805,1,REAL_FIRE,2723.780837999584,5,False,1,,75.94234899988805
fire_videos,1,detectium_fire/fire/11998918_2160_3840_60fps.mp4,18,8,444,348,1,0.7207822799682617,57.82542799897783,1,REAL_FIRE,2613.961103999827,5,False,1,,57.82542799897783
fire_videos,1,detectium_fire/fire/11998918_2160_3840_60fps.mp4,18,9,508,349,1,0.6845922470092773,84.39041599922348,1,REAL_FIRE,2775.249537999116,5,False,1,,84.39041599922348
fire_videos,1,detectium_fire/fire/11998918_2160_3840_60fps.mp4,18,10,571,350,1,0.6709609627723694,83.60951699978614,1,REAL_FIRE,3326.493594000567,5,True,1,REAL_FIRE,3407.3786079989077
fire_videos,1,detectium_fire/fire/11998918_2160_3840_60fps.mp4,18,11,635,351,1,0.6075819730758667,41.492713999105035,1,REAL_FIRE,3126.4419959989027,5,False,1,,41.492713999105035
fire_videos,1,detectium_fire/fire/11998918_2160_3840_60fps.mp4,18,12,698,352,1,0.7074916362762451,45.32227799973043,1,REAL_FIRE,3152.802316000816,5,False,1,,45.32227799973043
fire_videos,1,detectium_fire/fire/11998918_2160_3840_60fps.mp4,18,13,762,353,1,0.7378310561180115,53.53654499958793,1,REAL_FIRE,3303.311698999096,5,False,1,,53.53654499958793
fire_videos,1,detectium_fire/fire/11998918_2160_3840_60fps.mp4,18,14,825,354,1,0.7335389256477356,54.31223400046292,1,REAL_FIRE,3252.795170999889,5,False,1,,54.31223400046292
fire_videos,1,detectium_fire/fire/11998918_2160_3840_60fps.mp4,18,15,889,355,1,0.7381678223609924,69.14357999994536,1,REAL_FIRE,2952.572838999913,5,True,1,REAL_FIRE,3471.1356579991843
fire_videos,1,detectium_fire/fire/11998918_2160_3840_60fps.mp4,18,16,952,356,1,0.7394912242889404,50.58859000018856,1,REAL_FIRE,2790.544849000071,5,False,1,,50.58859000018856
fire_videos,1,detectium_fire/fire/11998918_2160_3840_60fps.mp4,18,17,1016,357,1,0.6802303791046143,64.54773800032854,1,REAL_FIRE,3364.4335019998834,5,False,1,,64.54773800032854
fire_videos,1,detectium_fire/fire/11998918_2160_3840_60fps.mp4,18,18,1079,358,1,0.5726602077484131,91.31675599928712,1,REAL_FIRE,2479.6995939996123,5,False,1,,91.31675599928712
fire_videos,1,detectium_fire/fire/11998918_2160_3840_60fps.mp4,18,19,1143,359,1,0.7790670394897461,79.25839399831602,1,REAL_FIRE,3341.4707020001515,5,False,1,,79.25839399831602
fire_videos,1,detectium_fire/fire/11998918_2160_3840_60fps.mp4,18,20,1206,360,1,0.7727953195571899,64.52945800083398,1,REAL_FIRE,3068.4353159995226,5,True,1,REAL_FIRE,3467.517116001545
fire_videos,1,detectium_fire/fire/11998924_2160_3840_60fps.mp4,19,1,0,361,1,0.2574482858181,91.71431499999017,1,REAL_FIRE,2970.174533998943,5,False,1,,91.71431499999017
fire_videos,1,detectium_fire/fire/11998924_2160_3840_60fps.mp4,19,2,59,362,1,0.45455312728881836,87.09912199992687,1,REAL_FIRE,3387.8060749993892,5,False,1,,87.09912199992687
fire_videos,1,detectium_fire/fire/11998924_2160_3840_60fps.mp4,19,3,119,363,1,0.6572983860969543,76.8752179992589,1,REAL_FIRE,3094.5769310001197,5,False,1,,76.8752179992589
fire_videos,1,detectium_fire/fire/11998924_2160_3840_60fps.mp4,19,4,178,364,1,0.6717258095741272,80.29767399966659,1,REAL_FIRE,3528.0072370005655,5,False,1,,80.29767399966659
fire_videos,1,detectium_fire/fire/11998924_2160_3840_60fps.mp4,19,5,238,365,1,0.6484461426734924,62.76307100051781,1,REAL_FIRE,3066.3764780001657,5,True,1,REAL_FIRE,3002.020212001298
fire_videos,1,detectium_fire/fire/11998924_2160_3840_60fps.mp4,19,6,297,366,1,0.7655242085456848,61.8065819999174,1,REAL_FIRE,3037.23215699938,5,False,1,,61.8065819999174
fire_videos,1,detectium_fire/fire/11998924_2160_3840_60fps.mp4,19,7,357,367,1,0.6207910776138306,66.67074500001036,1,REAL_FIRE,3104.834101999586,5,False,1,,66.67074500001036
fire_videos,1,detectium_fire/fire/11998924_2160_3840_60fps.mp4,19,8,416,368,1,0.7898954153060913,100.54613099964627,1,REAL_FIRE,3308.0908930005535,5,False,1,,100.54613099964627
fire_videos,1,detectium_fire/fire/11998924_2160_3840_60fps.mp4,19,9,476,369,1,0.8104127049446106,78.90738600144687,1,REAL_FIRE,2592.1808130005957,5,False,1,,78.90738600144687
fire_videos,1,detectium_fire/fire/11998924_2160_3840_60fps.mp4,19,10,535,370,1,0.7074760794639587,78.84132599974691,1,REAL_FIRE,2860.860180999225,5,True,1,REAL_FIRE,3243.0808399985835
fire_videos,1,detectium_fire/fire/11998924_2160_3840_60fps.mp4,19,11,595,371,1,0.6896759867668152,64.72081799984153,1,REAL_FIRE,3111.0746289996314,5,False,1,,64.72081799984153
fire_videos,1,detectium_fire/fire/11998924_2160_3840_60fps.mp4,19,12,654,372,1,0.6096966862678528,69.73710000056599,1,REAL_FIRE,2850.419451999187,5,False,1,,69.73710000056599
fire_videos,1,detectium_fire/fire/11998924_2160_3840_60fps.mp4,19,13,714,373,1,0.7254571914672852,80.79479200023343,1,REAL_FIRE,3046.9671440005186,5,False,1,,80.79479200023343
fire_videos,1,detectium_fire/fire/11998924_2160_3840_60fps.mp4,19,14,773,374,1,0.8156270384788513,65.74855700091575,1,REAL_FIRE,2948.9981579990854,5,False,1,,65.74855700091575
fire_videos,1,detectium_fire/fire/11998924_2160_3840_60fps.mp4,19,15,833,375,1,0.8077848553657532,64.66626800101949,1,REAL_FIRE,2832.1810039997217,5,True,1,REAL_FIRE,2843.5714269999153
fire_videos,1,detectium_fire/fire/11998924_2160_3840_60fps.mp4,19,16,892,376,1,0.7336686253547668,63.122240999291535,1,REAL_FIRE,3424.2475549999654,5,False,1,,63.122240999291535
fire_videos,1,detectium_fire/fire/11998924_2160_3840_60fps.mp4,19,17,952,377,1,0.7963715195655823,63.46913000015775,1,REAL_FIRE,3146.9152429999667,5,False,1,,63.46913000015775
fire_videos,1,detectium_fire/fire/11998924_2160_3840_60fps.mp4,19,18,1011,378,1,0.5898083448410034,66.63937499979511,1,REAL_FIRE,3113.3172270001523,5,False,1,,66.63937499979511
fire_videos,1,detectium_fire/fire/11998924_2160_3840_60fps.mp4,19,19,1071,379,1,0.7737107872962952,100.03102299924649,1,REAL_FIRE,3151.751057999718,5,False,1,,100.03102299924649
fire_videos,1,detectium_fire/fire/11998924_2160_3840_60fps.mp4,19,20,1130,380,1,0.6677647233009338,87.17793299911136,1,REAL_FIRE,2916.4101099995605,5,True,1,REAL_FIRE,2679.967341999145
fire_videos,1,detectium_fire/fire/12001746_2160_3840_30fps.mp4,20,1,0,381,1,0.2728031277656555,68.04802199985716,1,REAL_FIRE,2508.9731169991865,5,False,1,,68.04802199985716
fire_videos,1,detectium_fire/fire/12001746_2160_3840_30fps.mp4,20,2,17,382,0,0.0,60.76127300002554,1,REAL_FIRE,3145.30749000005,5,False,0,,60.76127300002554
fire_videos,1,detectium_fire/fire/12001746_2160_3840_30fps.mp4,20,3,33,383,0,0.0,70.62828000016452,1,REAL_FIRE,3174.5410229996196,5,False,0,,70.62828000016452
fire_videos,1,detectium_fire/fire/12001746_2160_3840_30fps.mp4,20,4,50,384,1,0.25221285223960876,75.75176299906161,1,REAL_FIRE,2853.354887000023,5,False,1,,75.75176299906161
fire_videos,1,detectium_fire/fire/12001746_2160_3840_30fps.mp4,20,5,67,385,1,0.2972305417060852,65.47041100020579,1,REAL_FIRE,3149.619042998893,5,True,1,REAL_FIRE,3212.565245001315
fire_videos,1,detectium_fire/fire/12001746_2160_3840_30fps.mp4,20,6,83,386,1,0.3625812232494354,82.25134300118953,1,REAL_FIRE,2787.3812729994825,5,False,1,,82.25134300118953
fire_videos,1,detectium_fire/fire/12001746_2160_3840_30fps.mp4,20,7,100,387,1,0.41961854696273804,72.85370599856833,1,REAL_FIRE,2969.983778000824,5,False,1,,72.85370599856833
fire_videos,1,detectium_fire/fire/12001746_2160_3840_30fps.mp4,20,8,116,388,1,0.39070627093315125,67.67275600032008,1,REAL_FIRE,2455.943593000484,5,False,1,,67.67275600032008
fire_videos,1,detectium_fire/fire/12001746_2160_3840_30fps.mp4,20,9,133,389,1,0.4135131239891052,70.05805399967358,1,REAL_FIRE,3272.557661999599,5,False,1,,70.05805399967358
fire_videos,1,detectium_fire/fire/12001746_2160_3840_30fps.mp4,20,10,150,390,1,0.4376838207244873,82.35296999919228,1,REAL_FIRE,2882.881195999289,5,True,1,REAL_FIRE,2992.8262639987224
fire_videos,1,detectium_fire/fire/12001746_2160_3840_30fps.mp4,20,11,166,391,1,0.44453272223472595,62.14297000042279,1,REAL_FIRE,3005.0885290002043,5,False,1,,62.14297000042279
fire_videos,1,detectium_fire/fire/12001746_2160_3840_30fps.mp4,20,12,183,392,1,0.35653746128082275,68.86919599855901,1,REAL_FIRE,3164.245908999874,5,False,1,,68.86919599855901
fire_videos,1,detectium_fire/fire/12001746_2160_3840_30fps.mp4,20,13,200,393,1,0.25455909967422485,80.1488689994585,1,REAL_FIRE,3309.8309520009934,5,False,1,,80.1488689994585
fire_videos,1,detectium_fire/fire/12001746_2160_3840_30fps.mp4,20,14,216,394,1,0.3704148530960083,70.69002000025648,1,REAL_FIRE,2891.284833998725,5,False,1,,70.69002000025648
fire_videos,1,detectium_fire/fire/12001746_2160_3840_30fps.mp4,20,15,233,395,0,0.0,66.91454099927796,1,REAL_FIRE,2847.7445030002855,5,True,1,REAL_FIRE,2630.183336999835
fire_videos,1,detectium_fire/fire/12001746_2160_3840_30fps.mp4,20,16,249,396,1,0.2844066321849823,67.78354000016407,1,REAL_FIRE,2772.217328998522,5,False,1,,67.78354000016407
fire_videos,1,detectium_fire/fire/12001746_2160_3840_30fps.mp4,20,17,266,397,0,0.0,70.0371200000518,1,REAL_FIRE,3247.263691000626,5,False,0,,70.0371200000518
fire_videos,1,detectium_fire/fire/12001746_2160_3840_30fps.mp4,20,18,283,398,1,0.2723182141780853,59.239246000288404,1,REAL_FIRE,2615.990567999688,5,False,1,,59.239246000288404
fire_videos,1,detectium_fire/fire/12001746_2160_3840_30fps.mp4,20,19,299,399,0,0.0,89.13830399978906,1,REAL_FIRE,3475.2443749985105,5,False,0,,89.13830399978906
fire_videos,1,detectium_fire/fire/12001746_2160_3840_30fps.mp4,20,20,316,400,0,0.0,69.42845699995814,1,REAL_FIRE,3552.4991230013256,5,True,1,REAL_FIRE,3703.683275000003
fire_videos,1,detectium_fire/fire/12021934_3840_2160_30fps.mp4,21,1,0,401,1,0.6039795279502869,58.24282600042352,1,REAL_FIRE,3160.5682040008105,5,False,1,,58.24282600042352
fire_videos,1,detectium_fire/fire/12021934_3840_2160_30fps.mp4,21,2,52,402,1,0.4393753111362457,42.954604999977164,1,REAL_FIRE,2962.2473920007906,5,False,1,,42.954604999977164
fire_videos,1,detectium_fire/fire/12021934_3840_2160_30fps.mp4,21,3,105,403,1,0.4910795986652374,55.85178100045596,1,REAL_FIRE,2721.262814000511,5,False,1,,55.85178100045596
fire_videos,1,detectium_fire/fire/12021934_3840_2160_30fps.mp4,21,4,157,404,1,0.5752363801002502,89.86653200008732,1,REAL_FIRE,2896.33444699939,5,False,1,,89.86653200008732
fire_videos,1,detectium_fire/fire/12021934_3840_2160_30fps.mp4,21,5,210,405,1,0.6871621608734131,80.18567199906101,1,REAL_FIRE,2855.7137079988024,5,True,1,REAL_FIRE,3022.0234129992605
fire_videos,1,detectium_fire/fire/12021934_3840_2160_30fps.mp4,21,6,262,406,1,0.7352922558784485,64.4719020001503,1,REAL_FIRE,2657.2578720006277,5,False,1,,64.4719020001503
fire_videos,1,detectium_fire/fire/12021934_3840_2160_30fps.mp4,21,7,315,407,1,0.5213790535926819,73.91721699968912,1,REAL_FIRE,2793.8920090000465,5,False,1,,73.91721699968912
fire_videos,1,detectium_fire/fire/12021934_3840_2160_30fps.mp4,21,8,367,408,1,0.7001011967658997,61.845546999393264,1,REAL_FIRE,2995.731697001247,5,False,1,,61.845546999393264
fire_videos,1,detectium_fire/fire/12021934_3840_2160_30fps.mp4,21,9,419,409,1,0.7123987078666687,66.1560169992299,1,REAL_FIRE,3103.68241300057,5,False,1,,66.1560169992299
fire_videos,1,detectium_fire/fire/12021934_3840_2160_30fps.mp4,21,10,472,410,1,0.7066051959991455,67.53931200000807,1,REAL_FIRE,2588.6590179998166,5,True,1,REAL_FIRE,3018.9282610008377
fire_videos,1,detectium_fire/fire/12021934_3840_2160_30fps.mp4,21,11,524,411,1,0.6951724290847778,64.68116899850429,1,REAL_FIRE,2949.205361001077,5,False,1,,64.68116899850429
fire_videos,1,detectium_fire/fire/12021934_3840_2160_30fps.mp4,21,12,577,412,1,0.27387961745262146,68.59026200072549,1,REAL_FIRE,2919.711506998283,5,False,1,,68.59026200072549
fire_videos,1,detectium_fire/fire/12021934_3840_2160_30fps.mp4,21,13,629,413,1,0.7100867033004761,59.41008599984343,1,REAL_FIRE,2776.200485001027,5,False,1,,59.41008599984343
fire_videos,1,detectium_fire/fire/12021934_3840_2160_30fps.mp4,21,14,681,414,1,0.5047398805618286,68.94553199890652,1,REAL_FIRE,3095.5097209989617,5,False,1,,68.94553199890652
fire_videos,1,detectium_fire/fire/12021934_3840_2160_30fps.mp4,21,15,734,415,1,0.6284306645393372,65.14721100029419,1,REAL_FIRE,3136.5454209990276,5,True,1,REAL_FIRE,2866.5812630006258
fire_videos,1,detectium_fire/fire/12021934_3840_2160_30fps.mp4,21,16,786,416,0,0.0,75.13039600053162,1,REAL_FIRE,2677.4152599991794,5,False,0,,75.13039600053162
fire_videos,1,detectium_fire/fire/12021934_3840_2160_30fps.mp4,21,17,839,417,1,0.7789403200149536,61.4235720004217,1,REAL_FIRE,2542.2449950001464,5,False,1,,61.4235720004217
fire_videos,1,detectium_fire/fire/12021934_3840_2160_30fps.mp4,21,18,891,418,1,0.6564229130744934,67.81203299942717,1,REAL_FIRE,2923.214510999969,5,False,1,,67.81203299942717
fire_videos,1,detectium_fire/fire/12021934_3840_2160_30fps.mp4,21,19,944,419,1,0.691032886505127,74.58563200088975,1,REAL_FIRE,2814.8559990004287,5,False,1,,74.58563200088975
fire_videos,1,detectium_fire/fire/12021934_3840_2160_30fps.mp4,21,20,996,420,1,0.6194950342178345,78.93636399967363,1,REAL_FIRE,2838.1295039998804,5,True,1,REAL_FIRE,3111.746223999944
fire_videos,1,detectium_fire/fire/12059557_2160_3840_60fps.mp4,22,1,0,421,1,0.49229395389556885,69.02044200069213,1,REAL_FIRE,3133.3346999999776,5,False,1,,69.02044200069213
fire_videos,1,detectium_fire/fire/12059557_2160_3840_60fps.mp4,22,2,17,422,1,0.3725548982620239,78.89523800076859,1,REAL_FIRE,2986.987202000819,5,False,1,,78.89523800076859
fire_videos,1,detectium_fire/fire/12059557_2160_3840_60fps.mp4,22,3,34,423,1,0.7185075879096985,82.83460200073023,1,REAL_FIRE,3025.4554969997116,5,False,1,,82.83460200073023
fire_videos,1,detectium_fire/fire/12059557_2160_3840_60fps.mp4,22,4,51,424,1,0.3866020739078522,75.84243400015112,1,REAL_FIRE,2986.0604660007084,5,False,1,,75.84243400015112
fire_videos,1,detectium_fire/fire/12059557_2160_3840_60fps.mp4,22,5,68,425,1,0.6097574830055237,79.84559699980309,1,REAL_FIRE,3304.2164060007053,5,True,1,REAL_FIRE,3094.9190409992298
fire_videos,1,detectium_fire/fire/12059557_2160_3840_60fps.mp4,22,6,84,426,1,0.4964744448661804,82.20988999892143,1,REAL_FIRE,2831.765535998784,5,False,1,,82.20988999892143
fire_videos,1,detectium_fire/fire/12059557_2160_3840_60fps.mp4,22,7,101,427,1,0.4645012319087982,78.8913060005143,1,REAL_FIRE,3005.343513999833,5,False,1,,78.8913060005143
fire_videos,1,detectium_fire/fire/12059557_2160_3840_60fps.mp4,22,8,118,428,1,0.39228931069374084,48.329893999834894,1,REAL_FIRE,3035.8319880015188,5,False,1,,48.329893999834894
fire_videos,1,detectium_fire/fire/12059557_2160_3840_60fps.mp4,22,9,135,429,1,0.6382102966308594,57.46509399978095,1,REAL_FIRE,2780.997580000985,5,False,1,,57.46509399978095
fire_videos,1,detectium_fire/fire/12059557_2160_3840_60fps.mp4,22,10,152,430,1,0.5976497530937195,72.31654899987916,1,REAL_FIRE,3029.7372629993333,5,True,1,REAL_FIRE,3154.980240999066
fire_videos,1,detectium_fire/fire/12059557_2160_3840_60fps.mp4,22,11,169,431,1,0.6526530385017395,49.901209999006824,1,REAL_FIRE,2898.3632439994835,5,False,1,,49.901209999006824
fire_videos,1,detectium_fire/fire/12059557_2160_3840_60fps.mp4,22,12,186,432,1,0.48572900891304016,59.615258000121685,1,REAL_FIRE,2578.925469999376,5,False,1,,59.615258000121685
fire_videos,1,detectium_fire/fire/12059557_2160_3840_60fps.mp4,22,13,203,433,1,0.5647508502006531,42.199575998893124,1,REAL_FIRE,2861.9769100005215,5,False,1,,42.199575998893124
fire_videos,1,detectium_fire/fire/12059557_2160_3840_60fps.mp4,22,14,220,434,1,0.3559359908103943,41.94970699973055,1,REAL_FIRE,3176.7155779998575,5,False,1,,41.94970699973055
fire_videos,1,detectium_fire/fire/12059557_2160_3840_60fps.mp4,22,15,237,435,1,0.49537184834480286,51.178887000787654,1,REAL_FIRE,3275.852704000499,5,True,1,REAL_FIRE,3337.5453450007626
fire_videos,1,detectium_fire/fire/12059557_2160_3840_60fps.mp4,22,16,253,436,1,0.8044182658195496,63.125737999143894,1,REAL_FIRE,3000.3418960004637,5,False,1,,63.125737999143894
fire_videos,1,detectium_fire/fire/12059557_2160_3840_60fps.mp4,22,17,270,437,1,0.3727191090583801,83.41211100014334,1,REAL_FIRE,3056.9653769998695,5,False,1,,83.41211100014334
fire_videos,1,detectium_fire/fire/12059557_2160_3840_60fps.mp4,22,18,287,438,1,0.47068339586257935,88.4550720002153,1,REAL_FIRE,3055.8046480000485,5,False,1,,88.4550720002153
fire_videos,1,detectium_fire/fire/12059557_2160_3840_60fps.mp4,22,19,304,439,1,0.2877836525440216,61.379488000966376,1,REAL_FIRE,3120.5959979997715,5,False,1,,61.379488000966376
fire_videos,1,detectium_fire/fire/12059557_2160_3840_60fps.mp4,22,20,321,440,1,0.709808886051178,69.41989499864576,1,REAL_FIRE,3453.3324650001305,5,True,1,REAL_FIRE,3469.7378979981295
fire_videos,1,detectium_fire/fire/12109024_1920_1080_30fps.mp4,23,1,0,441,1,0.2994571924209595,51.47499199847516,1,REAL_FIRE,3030.7821720016364,5,False,1,,51.47499199847516
fire_videos,1,detectium_fire/fire/12109024_1920_1080_30fps.mp4,23,2,24,442,0,0.0,38.51593900071748,1,REAL_FIRE,3368.842820000282,5,False,0,,38.51593900071748
fire_videos,1,detectium_fire/fire/12109024_1920_1080_30fps.mp4,23,3,48,443,1,0.352337121963501,47.59814099998039,1,REAL_FIRE,3066.95354600015,5,False,1,,47.59814099998039
fire_videos,1,detectium_fire/fire/12109024_1920_1080_30fps.mp4,23,4,72,444,1,0.4976111948490143,38.33712100094999,1,REAL_FIRE,3120.884390000356,5,False,1,,38.33712100094999
fire_videos,1,detectium_fire/fire/12109024_1920_1080_30fps.mp4,23,5,96,445,0,0.0,47.094944999116706,1,REAL_FIRE,2904.1552300004696,5,True,1,REAL_FIRE,3300.4665989992645
fire_videos,1,detectium_fire/fire/12109024_1920_1080_30fps.mp4,23,6,120,446,0,0.0,41.01964100118494,1,REAL_FIRE,4057.90618500032,5,False,0,,41.01964100118494
fire_videos,1,detectium_fire/fire/12109024_1920_1080_30fps.mp4,23,7,144,447,1,0.4733298420906067,57.39974399875791,1,REAL_FIRE,3157.943312000498,5,False,1,,57.39974399875791
fire_videos,1,detectium_fire/fire/12109024_1920_1080_30fps.mp4,23,8,168,448,1,0.6512339115142822,37.61181600020791,1,REAL_FIRE,3124.0872260004835,5,False,1,,37.61181600020791
fire_videos,1,detectium_fire/fire/12109024_1920_1080_30fps.mp4,23,9,192,449,1,0.7362176179885864,38.658612000290304,1,REAL_FIRE,3189.872902999923,5,False,1,,38.658612000290304
fire_videos,1,detectium_fire/fire/12109024_1920_1080_30fps.mp4,23,10,216,450,0,0.0,42.595636999976705,1,REAL_FIRE,3060.9683919992676,5,True,1,REAL_FIRE,3029.365847000008
fire_videos,1,detectium_fire/fire/12109024_1920_1080_30fps.mp4,23,11,239,451,1,0.7203807830810547,50.71555500035174,1,REAL_FIRE,3885.0769239998044,5,False,1,,50.71555500035174
fire_videos,1,detectium_fire/fire/12109024_1920_1080_30fps.mp4,23,12,263,452,1,0.44323045015335083,37.96455699921353,1,REAL_FIRE,3584.984353999971,5,False,1,,37.96455699921353
fire_videos,1,detectium_fire/fire/12109024_1920_1080_30fps.mp4,23,13,287,453,1,0.726373553276062,37.718629000664805,1,REAL_FIRE,3158.7404619986046,5,False,1,,37.718629000664805
fire_videos,1,detectium_fire/fire/12109024_1920_1080_30fps.mp4,23,14,311,454,1,0.7801895141601562,37.88472900123452,1,REAL_FIRE,3915.766399999484,5,False,1,,37.88472900123452
fire_videos,1,detectium_fire/fire/12109024_1920_1080_30fps.mp4,23,15,335,455,0,0.0,58.96487700010766,1,REAL_FIRE,2813.797495999097,5,True,1,REAL_FIRE,3338.267229999474
fire_videos,1,detectium_fire/fire/12109024_1920_1080_30fps.mp4,23,16,359,456,1,0.47948914766311646,37.31754300133616,1,REAL_FIRE,3494.2306249995454,5,False,1,,37.31754300133616
fire_videos,1,detectium_fire/fire/12109024_1920_1080_30fps.mp4,23,17,383,457,1,0.3534541428089142,37.59903300124279,1,REAL_FIRE,2689.0064960007294,5,False,1,,37.59903300124279
fire_videos,1,detectium_fire/fire/12109024_1920_1080_30fps.mp4,23,18,407,458,0,0.0,51.68620800031931,1,REAL_FIRE,3492.929185000321,5,False,0,,51.68620800031931
fire_videos,1,detectium_fire/fire/12109024_1920_1080_30fps.mp4,23,19,431,459,0,0.0,37.56232300111151,1,REAL_FIRE,3128.2032660001278,5,False,0,,37.56232300111151
fire_videos,1,detectium_fire/fire/12109024_1920_1080_30fps.mp4,23,20,455,460,0,0.0,37.50982400015346,0,NO_REAL_FIRE,2786.9783120004286,5,True,0,NO_REAL_FIRE,3864.0230940000038
fire_videos,1,detectium_fire/fire/12150804_1080_1920_30fps.mp4,24,1,0,461,1,0.633667528629303,33.39403100108029,1,REAL_FIRE,2705.006976999357,5,False,1,,33.39403100108029
fire_videos,1,detectium_fire/fire/12150804_1080_1920_30fps.mp4,24,2,8,462,1,0.44630900025367737,16.551315999095095,1,REAL_FIRE,3187.1500260003813,5,False,1,,16.551315999095095
fire_videos,1,detectium_fire/fire/12150804_1080_1920_30fps.mp4,24,3,17,463,1,0.4356938898563385,27.926512999329134,1,REAL_FIRE,3138.3418410005106,5,False,1,,27.926512999329134
fire_videos,1,detectium_fire/fire/12150804_1080_1920_30fps.mp4,24,4,25,464,1,0.6855456829071045,38.782851999712875,1,REAL_FIRE,3026.309716000469,5,False,1,,38.782851999712875
fire_videos,1,detectium_fire/fire/12150804_1080_1920_30fps.mp4,24,5,33,465,1,0.5156978964805603,37.887985999986995,1,REAL_FIRE,3432.878155999788,5,True,1,REAL_FIRE,2507.1193620005943
fire_videos,1,detectium_fire/fire/12150804_1080_1920_30fps.mp4,24,6,42,466,1,0.6255896687507629,37.77456700117909,1,REAL_FIRE,3364.0581109993946,5,False,1,,37.77456700117909
fire_videos,1,detectium_fire/fire/12150804_1080_1920_30fps.mp4,24,7,50,467,1,0.5902830362319946,37.90429699984088,1,REAL_FIRE,2630.6039940009214,5,False,1,,37.90429699984088
fire_videos,1,detectium_fire/fire/12150804_1080_1920_30fps.mp4,24,8,59,468,1,0.5596396923065186,37.89130800032581,1,REAL_FIRE,3460.1865549993818,5,False,1,,37.89130800032581
fire_videos,1,detectium_fire/fire/12150804_1080_1920_30fps.mp4,24,9,67,469,1,0.6366259455680847,37.828206999620306,1,REAL_FIRE,3450.3879559997586,5,False,1,,37.828206999620306
fire_videos,1,detectium_fire/fire/12150804_1080_1920_30fps.mp4,24,10,75,470,1,0.49868062138557434,36.408783998922445,1,REAL_FIRE,3365.659864999543,5,True,1,REAL_FIRE,3158.6690829990403
fire_videos,1,detectium_fire/fire/12150804_1080_1920_30fps.mp4,24,11,84,471,1,0.4849092364311218,36.2804349988437,1,REAL_FIRE,2539.923861999341,5,False,1,,36.2804349988437
fire_videos,1,detectium_fire/fire/12150804_1080_1920_30fps.mp4,24,12,92,472,1,0.43055403232574463,37.08516200094891,1,REAL_FIRE,3079.6858009998687,5,False,1,,37.08516200094891
fire_videos,1,detectium_fire/fire/12150804_1080_1920_30fps.mp4,24,13,100,473,1,0.42592594027519226,28.20399499978521,1,REAL_FIRE,3262.0239129992115,5,False,1,,28.20399499978521
fire_videos,1,detectium_fire/fire/12150804_1080_1920_30fps.mp4,24,14,109,474,1,0.6822850108146667,26.444773000548594,1,REAL_FIRE,3096.9380180013104,5,False,1,,26.444773000548594
fire_videos,1,detectium_fire/fire/12150804_1080_1920_30fps.mp4,24,15,117,475,1,0.5550400614738464,36.315487001047586,1,REAL_FIRE,2821.9526590000896,5,True,1,REAL_FIRE,2838.5757350006315
fire_videos,1,detectium_fire/fire/12150804_1080_1920_30fps.mp4,24,16,126,476,1,0.47047606110572815,36.44034699937038,1,REAL_FIRE,2762.006973000098,5,False,1,,36.44034699937038
fire_videos,1,detectium_fire/fire/12150804_1080_1920_30fps.mp4,24,17,134,477,1,0.5487462282180786,36.24568799932604,1,REAL_FIRE,3645.7354810008837,5,False,1,,36.24568799932604
fire_videos,1,detectium_fire/fire/12150804_1080_1920_30fps.mp4,24,18,142,478,1,0.5575740337371826,52.19843099985155,1,REAL_FIRE,3026.676027000576,5,False,1,,52.19843099985155
fire_videos,1,detectium_fire/fire/12150804_1080_1920_30fps.mp4,24,19,151,479,1,0.625278115272522,36.764946999028325,1,REAL_FIRE,3536.6873189996113,5,False,1,,36.764946999028325
fire_videos,1,detectium_fire/fire/12150804_1080_1920_30fps.mp4,24,20,159,480,1,0.5279067158699036,36.25996899972961,1,REAL_FIRE,2615.1090080002177,5,True,1,REAL_FIRE,3621.8661750008323
fire_videos,1,detectium_fire/fire/12151393_2160_3840_30fps.mp4,25,1,0,481,1,0.5463286638259888,71.65863299997,1,REAL_FIRE,3310.694394998791,5,False,1,,71.65863299997
fire_videos,1,detectium_fire/fire/12151393_2160_3840_30fps.mp4,25,2,26,482,1,0.6585768461227417,68.1983369995578,1,REAL_FIRE,3389.073432999794,5,False,1,,68.1983369995578
fire_videos,1,detectium_fire/fire/12151393_2160_3840_30fps.mp4,25,3,52,483,1,0.3895530104637146,72.47100200038403,1,REAL_FIRE,3456.2285830015753,5,False,1,,72.47100200038403
fire_videos,1,detectium_fire/fire/12151393_2160_3840_30fps.mp4,25,4,78,484,1,0.41181108355522156,81.33848099896568,1,REAL_FIRE,2950.1478069996665,5,False,1,,81.33848099896568
fire_videos,1,detectium_fire/fire/12151393_2160_3840_30fps.mp4,25,5,104,485,1,0.5457485318183899,83.43331400101306,1,REAL_FIRE,3046.1592779993225,5,True,1,REAL_FIRE,3253.4989540017705
fire_videos,1,detectium_fire/fire/12151393_2160_3840_30fps.mp4,25,6,130,486,1,0.5582751035690308,73.81815000007919,1,REAL_FIRE,3286.1856170002284,5,False,1,,73.81815000007919
fire_videos,1,detectium_fire/fire/12151393_2160_3840_30fps.mp4,25,7,156,487,1,0.6185324788093567,82.19762099906802,1,REAL_FIRE,2931.8675060003443,5,False,1,,82.19762099906802
fire_videos,1,detectium_fire/fire/12151393_2160_3840_30fps.mp4,25,8,182,488,1,0.521131694316864,65.33869199847686,1,REAL_FIRE,2791.8733449987485,5,False,1,,65.33869199847686
fire_videos,1,detectium_fire/fire/12151393_2160_3840_30fps.mp4,25,9,208,489,1,0.7026525735855103,67.49912399936875,1,REAL_FIRE,2840.547173998857,5,False,1,,67.49912399936875
fire_videos,1,detectium_fire/fire/12151393_2160_3840_30fps.mp4,25,10,234,490,1,0.3935847580432892,62.24049400043441,1,REAL_FIRE,3238.1862649999675,5,True,1,REAL_FIRE,3075.27860799928
fire_videos,1,detectium_fire/fire/12151393_2160_3840_30fps.mp4,25,11,261,491,1,0.6745155453681946,87.40741799920215,1,REAL_FIRE,3379.6079849998932,5,False,1,,87.40741799920215
fire_videos,1,detectium_fire/fire/12151393_2160_3840_30fps.mp4,25,12,287,492,1,0.44650039076805115,67.40916799935803,1,REAL_FIRE,3611.0548359993118,5,False,1,,67.40916799935803
fire_videos,1,detectium_fire/fire/12151393_2160_3840_30fps.mp4,25,13,313,493,1,0.5980798602104187,105.775486001221,1,REAL_FIRE,2939.7032169999875,5,False,1,,105.775486001221
fire_videos,1,detectium_fire/fire/12151393_2160_3840_30fps.mp4,25,14,339,494,1,0.5225851535797119,70.19054900047195,1,REAL_FIRE,2921.3211679998494,5,False,1,,70.19054900047195
fire_videos,1,detectium_fire/fire/12151393_2160_3840_30fps.mp4,25,15,365,495,1,0.6833638548851013,74.01146799929847,1,REAL_FIRE,2836.2295259994426,5,True,1,REAL_FIRE,3145.7579659982002
fire_videos,1,detectium_fire/fire/12151393_2160_3840_30fps.mp4,25,16,391,496,1,0.5621616840362549,82.46924900049635,1,REAL_FIRE,3329.041908000363,5,False,1,,82.46924900049635
fire_videos,1,detectium_fire/fire/12151393_2160_3840_30fps.mp4,25,17,417,497,1,0.665092408657074,80.68910600013623,1,REAL_FIRE,2808.9069110010314,5,False,1,,80.68910600013623
fire_videos,1,detectium_fire/fire/12151393_2160_3840_30fps.mp4,25,18,443,498,1,0.5156587362289429,54.09956699986651,1,REAL_FIRE,2835.5918570014182,5,False,1,,54.09956699986651
fire_videos,1,detectium_fire/fire/12151393_2160_3840_30fps.mp4,25,19,469,499,1,0.4163154363632202,66.61234500097635,1,REAL_FIRE,3150.7965860000695,5,False,1,,66.61234500097635
fire_videos,1,detectium_fire/fire/12151393_2160_3840_30fps.mp4,25,20,495,500,1,0.38925832509994507,70.50889300080598,1,REAL_FIRE,3163.8124660003086,5,True,1,REAL_FIRE,3211.6210810017947
fire_videos,1,detectium_fire/fire/12151479_2160_3840_60fps.mp4,26,1,0,501,1,0.5477050542831421,58.522555000308785,1,REAL_FIRE,2713.9469610010565,5,False,1,,58.522555000308785
fire_videos,1,detectium_fire/fire/12151479_2160_3840_60fps.mp4,26,2,50,502,1,0.37164437770843506,83.43017199877067,1,REAL_FIRE,2958.1108519996633,5,False,1,,83.43017199877067
fire_videos,1,detectium_fire/fire/12151479_2160_3840_60fps.mp4,26,3,100,503,1,0.4500175416469574,98.3626440010994,1,REAL_FIRE,3142.705357000523,5,False,1,,98.3626440010994
fire_videos,1,detectium_fire/fire/12151479_2160_3840_60fps.mp4,26,4,151,504,1,0.33594244718551636,84.36056999926222,1,REAL_FIRE,2442.5240809996467,5,False,1,,84.36056999926222
fire_videos,1,detectium_fire/fire/12151479_2160_3840_60fps.mp4,26,5,201,505,1,0.5106407999992371,46.72498499894573,1,REAL_FIRE,2928.837607998503,5,True,1,REAL_FIRE,2875.34619500002
fire_videos,1,detectium_fire/fire/12151479_2160_3840_60fps.mp4,26,6,251,506,1,0.5825957655906677,71.68440499845019,1,REAL_FIRE,2565.041971000028,5,False,1,,71.68440499845019
fire_videos,1,detectium_fire/fire/12151479_2160_3840_60fps.mp4,26,7,301,507,1,0.32503610849380493,74.99323399861169,1,REAL_FIRE,2542.5988330007385,5,False,1,,74.99323399861169
fire_videos,1,detectium_fire/fire/12151479_2160_3840_60fps.mp4,26,8,351,508,1,0.5643688440322876,64.70711799920537,1,REAL_FIRE,2660.5193769992184,5,False,1,,64.70711799920537
fire_videos,1,detectium_fire/fire/12151479_2160_3840_60fps.mp4,26,9,402,509,1,0.5142404437065125,66.65682299899345,1,REAL_FIRE,2946.9192260003183,5,False,1,,66.65682299899345
fire_videos,1,detectium_fire/fire/12151479_2160_3840_60fps.mp4,26,10,452,510,1,0.7232643961906433,88.07739300027606,1,REAL_FIRE,2879.5173919988883,5,True,1,REAL_FIRE,3009.4398300007015
fire_videos,1,detectium_fire/fire/12151479_2160_3840_60fps.mp4,26,11,502,511,1,0.6096200346946716,83.04111100005684,1,REAL_FIRE,2647.4978789992747,5,False,1,,83.04111100005684
fire_videos,1,detectium_fire/fire/12151479_2160_3840_60fps.mp4,26,12,552,512,1,0.5226947069168091,87.0720490001986,1,REAL_FIRE,3667.832470999201,5,False,1,,87.0720490001986
fire_videos,1,detectium_fire/fire/12151479_2160_3840_60fps.mp4,26,13,603,513,1,0.26438283920288086,66.9299149994913,1,REAL_FIRE,3263.4780159987713,5,False,1,,66.9299149994913
fire_videos,1,detectium_fire/fire/12151479_2160_3840_60fps.mp4,26,14,653,514,1,0.3561648428440094,78.47873799983063,1,REAL_FIRE,3130.8763710003404,5,False,1,,78.47873799983063
fire_videos,1,detectium_fire/fire/12151479_2160_3840_60fps.mp4,26,15,703,515,1,0.40672749280929565,84.25980099855224,1,REAL_FIRE,3092.0719940004346,5,True,1,REAL_FIRE,3117.0552679977845
fire_videos,1,detectium_fire/fire/12151479_2160_3840_60fps.mp4,26,16,753,516,1,0.33644238114356995,85.32246799950371,1,REAL_FIRE,3231.558982999559,5,False,1,,85.32246799950371
fire_videos,1,detectium_fire/fire/12151479_2160_3840_60fps.mp4,26,17,803,517,0,0.0,62.39134200041008,1,REAL_FIRE,2680.333086000246,5,False,0,,62.39134200041008
fire_videos,1,detectium_fire/fire/12151479_2160_3840_60fps.mp4,26,18,854,518,1,0.41101861000061035,59.72497100083274,1,REAL_FIRE,2690.658113000609,5,False,1,,59.72497100083274
fire_videos,1,detectium_fire/fire/12151479_2160_3840_60fps.mp4,26,19,904,519,1,0.5168923139572144,81.55694199922436,1,REAL_FIRE,3166.597012999773,5,False,1,,81.55694199922436
fire_videos,1,detectium_fire/fire/12151479_2160_3840_60fps.mp4,26,20,954,520,1,0.5197854042053223,66.67652999931306,1,REAL_FIRE,2952.5475640002696,5,True,1,REAL_FIRE,3178.2052159996965
fire_videos,1,detectium_fire/fire/12172035_2160_3840_30fps.mp4,27,1,0,521,1,0.38751181960105896,54.346650000297814,1,REAL_FIRE,3702.958210000361,5,False,1,,54.346650000297814
fire_videos,1,detectium_fire/fire/12172035_2160_3840_30fps.mp4,27,2,20,522,1,0.3250791132450104,82.38075200097228,1,REAL_FIRE,2712.324805001117,5,False,1,,82.38075200097228
fire_videos,1,detectium_fire/fire/12172035_2160_3840_30fps.mp4,27,3,39,523,1,0.27306023240089417,77.6870070003497,1,REAL_FIRE,2785.0976170011563,5,False,1,,77.6870070003497
fire_videos,1,detectium_fire/fire/12172035_2160_3840_30fps.mp4,27,4,59,524,1,0.3927665054798126,92.92717100106529,1,REAL_FIRE,3603.66204499951,5,False,1,,92.92717100106529
fire_videos,1,detectium_fire/fire/12172035_2160_3840_30fps.mp4,27,5,79,525,1,0.3981052041053772,82.3954949992185,1,REAL_FIRE,2638.164488000257,5,True,1,REAL_FIRE,3110.74833100065
fire_videos,1,detectium_fire/fire/12172035_2160_3840_30fps.mp4,27,6,99,526,1,0.2972058355808258,79.53593400088721,1,REAL_FIRE,3387.1875439999712,5,False,1,,79.53593400088721
fire_videos,1,detectium_fire/fire/12172035_2160_3840_30fps.mp4,27,7,118,527,1,0.3977748155593872,67.39950199880695,1,REAL_FIRE,2807.072226998571,5,False,1,,67.39950199880695
fire_videos,1,detectium_fire/fire/12172035_2160_3840_30fps.mp4,27,8,138,528,1,0.3857196569442749,63.41634499949578,1,REAL_FIRE,2943.7909579992265,5,False,1,,63.41634499949578
fire_videos,1,detectium_fire/fire/12172035_2160_3840_30fps.mp4,27,9,158,529,1,0.4693671762943268,65.682268999808,1,REAL_FIRE,3263.5064930000226,5,False,1,,65.682268999808
fire_videos,1,detectium_fire/fire/12172035_2160_3840_30fps.mp4,27,10,178,530,1,0.3854324221611023,64.0591539995512,1,REAL_FIRE,3726.790307999181,5,True,1,REAL_FIRE,3438.165683999614
fire_videos,1,detectium_fire/fire/12172035_2160_3840_30fps.mp4,27,11,197,531,1,0.3719452917575836,61.238623999088304,1,REAL_FIRE,2981.8018410005607,5,False,1,,61.238623999088304
fire_videos,1,detectium_fire/fire/12172035_2160_3840_30fps.mp4,27,12,217,532,1,0.3675902485847473,47.83767499975511,1,REAL_FIRE,2808.9782780007226,5,False,1,,47.83767499975511
fire_videos,1,detectium_fire/fire/12172035_2160_3840_30fps.mp4,27,13,237,533,1,0.4835527837276459,63.19809900014661,1,REAL_FIRE,3554.751146999479,5,False,1,,63.19809900014661
fire_videos,1,detectium_fire/fire/12172035_2160_3840_30fps.mp4,27,14,257,534,1,0.5012643337249756,65.12740399921313,1,REAL_FIRE,3693.6905829988973,5,False,1,,65.12740399921313
fire_videos,1,detectium_fire/fire/12172035_2160_3840_30fps.mp4,27,15,276,535,1,0.4516354501247406,76.59337899895036,1,REAL_FIRE,2825.263389999236,5,True,1,REAL_FIRE,2772.7154109979892
fire_videos,1,detectium_fire/fire/12172035_2160_3840_30fps.mp4,27,16,296,536,1,0.35612642765045166,79.36223199976666,1,REAL_FIRE,3162.6065439995728,5,False,1,,79.36223199976666
fire_videos,1,detectium_fire/fire/12172035_2160_3840_30fps.mp4,27,17,316,537,1,0.579056978225708,41.02798699932464,1,REAL_FIRE,3528.892034999444,5,False,1,,41.02798699932464
fire_videos,1,detectium_fire/fire/12172035_2160_3840_30fps.mp4,27,18,336,538,1,0.49312061071395874,97.13027100042382,1,REAL_FIRE,3218.6069159997714,5,False,1,,97.13027100042382
fire_videos,1,detectium_fire/fire/12172035_2160_3840_30fps.mp4,27,19,355,539,1,0.5604605674743652,65.44340500113321,1,REAL_FIRE,3815.784166999947,5,False,1,,65.44340500113321
fire_videos,1,detectium_fire/fire/12192259_1080_1920_30fps.mp4,28,1,0,540,1,0.3409290313720703,22.6903630009474,1,REAL_FIRE,2341.097443999388,5,True,1,REAL_FIRE,2487.3383730009664
fire_videos,1,detectium_fire/fire/12192259_1080_1920_30fps.mp4,28,2,29,541,1,0.44164571166038513,35.71629399993981,1,REAL_FIRE,3407.82623099949,5,False,1,,35.71629399993981
fire_videos,1,detectium_fire/fire/12192259_1080_1920_30fps.mp4,28,3,58,542,1,0.4370315968990326,50.34945199986396,1,REAL_FIRE,3143.4929909992206,5,False,1,,50.34945199986396
fire_videos,1,detectium_fire/fire/12192259_1080_1920_30fps.mp4,28,4,87,543,1,0.46810728311538696,40.4768709995551,1,REAL_FIRE,2760.1396379996004,5,False,1,,40.4768709995551
fire_videos,1,detectium_fire/fire/12192259_1080_1920_30fps.mp4,28,5,116,544,1,0.5372864603996277,36.395324001205154,1,REAL_FIRE,2672.9714489993057,5,False,1,,36.395324001205154
fire_videos,1,detectium_fire/fire/12192259_1080_1920_30fps.mp4,28,6,145,545,1,0.5322102308273315,37.60409000096843,1,REAL_FIRE,2742.214519999834,5,True,1,REAL_FIRE,2969.46655100146
fire_videos,1,detectium_fire/fire/12192259_1080_1920_30fps.mp4,28,7,174,546,1,0.40313225984573364,49.27726599999005,1,REAL_FIRE,3076.7597860012756,5,False,1,,49.27726599999005
fire_videos,1,detectium_fire/fire/12192259_1080_1920_30fps.mp4,28,8,203,547,0,0.0,36.28590500011342,1,REAL_FIRE,2570.8472360001906,5,False,0,,36.28590500011342
fire_videos,1,detectium_fire/fire/12192259_1080_1920_30fps.mp4,28,9,232,548,1,0.36908742785453796,36.365074000059394,1,REAL_FIRE,2501.3959410007374,5,False,1,,36.365074000059394
fire_videos,1,detectium_fire/fire/12192259_1080_1920_30fps.mp4,28,10,261,549,1,0.46051982045173645,36.34025499923155,1,REAL_FIRE,3347.639542000252,5,False,1,,36.34025499923155
fire_videos,1,detectium_fire/fire/12192259_1080_1920_30fps.mp4,28,11,290,550,1,0.2751995325088501,26.947672000460443,1,REAL_FIRE,2821.3205949996336,5,True,1,REAL_FIRE,3234.0829879995
fire_videos,1,detectium_fire/fire/12192259_1080_1920_30fps.mp4,28,12,319,551,1,0.29304417967796326,39.9992740003654,1,REAL_FIRE,3048.1118429997878,5,False,1,,39.9992740003654
fire_videos,1,detectium_fire/fire/12192259_1080_1920_30fps.mp4,28,13,348,552,1,0.4388834834098816,38.94809800112853,1,REAL_FIRE,2975.932297998952,5,False,1,,38.94809800112853
fire_videos,1,detectium_fire/fire/12192259_1080_1920_30fps.mp4,28,14,377,553,1,0.2951613664627075,26.263034998919466,1,REAL_FIRE,3181.4925050002785,5,False,1,,26.263034998919466
fire_videos,1,detectium_fire/fire/12192259_1080_1920_30fps.mp4,28,15,406,554,1,0.5752525925636292,36.4479259988002,1,REAL_FIRE,2418.772278000688,5,False,1,,36.4479259988002
fire_videos,1,detectium_fire/fire/12192259_1080_1920_30fps.mp4,28,16,435,555,1,0.5953279733657837,39.22937700008333,1,REAL_FIRE,2738.0225970009633,5,True,1,REAL_FIRE,2803.319652999562
fire_videos,1,detectium_fire/fire/12192259_1080_1920_30fps.mp4,28,17,464,556,1,0.272251695394516,36.2539959987771,1,REAL_FIRE,3042.574347000482,5,False,1,,36.2539959987771
fire_videos,1,detectium_fire/fire/12192259_1080_1920_30fps.mp4,28,18,493,557,1,0.45285293459892273,33.43636499994318,1,REAL_FIRE,2744.5319819998986,5,False,1,,33.43636499994318
fire_videos,1,detectium_fire/fire/12192259_1080_1920_30fps.mp4,28,19,522,558,1,0.5071854591369629,26.637764000042807,1,REAL_FIRE,3237.329066998427,5,False,1,,26.637764000042807
fire_videos,1,detectium_fire/fire/12192259_1080_1920_30fps.mp4,28,20,551,559,1,0.3668351173400879,39.78817700044601,1,REAL_FIRE,3509.5116360007523,5,False,1,,39.78817700044601
fire_videos,1,detectium_fire/fire/12201944_2160_3840_60fps.mp4,29,1,0,560,1,0.6204699873924255,86.14698599922122,1,REAL_FIRE,2806.0142760004965,5,True,1,REAL_FIRE,3233.470701998158
fire_videos,1,detectium_fire/fire/12201944_2160_3840_60fps.mp4,29,2,15,561,1,0.6282037496566772,60.554970001248876,1,REAL_FIRE,3172.4925540002005,5,False,1,,60.554970001248876
fire_videos,1,detectium_fire/fire/12201944_2160_3840_60fps.mp4,29,3,30,562,1,0.6732355356216431,65.63671599906229,1,REAL_FIRE,3219.1257599988603,5,False,1,,65.63671599906229
fire_videos,1,detectium_fire/fire/12201944_2160_3840_60fps.mp4,29,4,45,563,1,0.6528956890106201,74.60870100112516,1,REAL_FIRE,2780.1514599996153,5,False,1,,74.60870100112516
fire_videos,1,detectium_fire/fire/12201944_2160_3840_60fps.mp4,29,5,59,564,1,0.6215987205505371,62.4796249994688,1,REAL_FIRE,2972.1118559991737,5,False,1,,62.4796249994688
fire_videos,1,detectium_fire/fire/12201944_2160_3840_60fps.mp4,29,6,74,565,1,0.7249822020530701,68.18256000042311,1,REAL_FIRE,2613.9575029992557,5,True,1,REAL_FIRE,2710.959714000637
fire_videos,1,detectium_fire/fire/12201944_2160_3840_60fps.mp4,29,7,89,566,1,0.6433960795402527,73.20942499973171,1,REAL_FIRE,2679.810624000311,5,False,1,,73.20942499973171
fire_videos,1,detectium_fire/fire/12201944_2160_3840_60fps.mp4,29,8,104,567,1,0.5332022309303284,65.11288899855572,1,REAL_FIRE,2869.972187998428,5,False,1,,65.11288899855572
fire_videos,1,detectium_fire/fire/12201944_2160_3840_60fps.mp4,29,9,119,568,1,0.6414286494255066,78.0815830003121,1,REAL_FIRE,3350.1764310003637,5,False,1,,78.0815830003121
fire_videos,1,detectium_fire/fire/12201944_2160_3840_60fps.mp4,29,10,134,569,1,0.5667755007743835,62.373377000767505,1,REAL_FIRE,3216.7275110004994,5,False,1,,62.373377000767505
fire_videos,1,detectium_fire/fire/12201944_2160_3840_60fps.mp4,29,11,148,570,1,0.6450480222702026,69.49069700021937,1,REAL_FIRE,2825.525660000494,5,True,1,REAL_FIRE,2631.5455059993837
fire_videos,1,detectium_fire/fire/12201944_2160_3840_60fps.mp4,29,12,163,571,1,0.6743638515472412,67.0986549994268,1,REAL_FIRE,2729.154581998955,5,False,1,,67.0986549994268
fire_videos,1,detectium_fire/fire/12201944_2160_3840_60fps.mp4,29,13,178,572,1,0.593908965587616,88.09477700015123,1,REAL_FIRE,2674.04311700011,5,False,1,,88.09477700015123
fire_videos,1,detectium_fire/fire/12201944_2160_3840_60fps.mp4,29,14,193,573,1,0.7226030826568604,67.66482400053064,1,REAL_FIRE,2974.583585999426,5,False,1,,67.66482400053064
fire_videos,1,detectium_fire/fire/12201944_2160_3840_60fps.mp4,29,15,208,574,1,0.7386519312858582,73.73506799922325,1,REAL_FIRE,3325.299572001313,5,False,1,,73.73506799922325
fire_videos,1,detectium_fire/fire/12201944_2160_3840_60fps.mp4,29,16,223,575,1,0.52892005443573,62.40429900026356,1,REAL_FIRE,2588.2309849985177,5,True,1,REAL_FIRE,3147.793668000304
fire_videos,1,detectium_fire/fire/12201944_2160_3840_60fps.mp4,29,17,237,576,1,0.6755531430244446,56.00945799960755,1,REAL_FIRE,2668.737301000874,5,False,1,,56.00945799960755
fire_videos,1,detectium_fire/fire/12201944_2160_3840_60fps.mp4,29,18,252,577,1,0.6813392043113708,75.76167400111444,1,REAL_FIRE,3148.718488999293,5,False,1,,75.76167400111444
fire_videos,1,detectium_fire/fire/12201944_2160_3840_60fps.mp4,29,19,267,578,1,0.7363768219947815,63.4025079998537,1,REAL_FIRE,2823.1238380012655,5,False,1,,63.4025079998537
fire_videos,1,detectium_fire/fire/12201944_2160_3840_60fps.mp4,29,20,282,579,1,0.6693408489227295,94.45521399902645,1,REAL_FIRE,2661.957407000955,5,False,1,,94.45521399902645
fire_videos,1,detectium_fire/fire/12213672_1080_1920_30fps.mp4,30,1,0,580,0,0.0,32.75070199924812,1,REAL_FIRE,3348.993460998827,5,True,1,REAL_FIRE,3640.2765120001277
fire_videos,1,detectium_fire/fire/12213672_1080_1920_30fps.mp4,30,2,15,581,0,0.0,29.12559099968348,1,REAL_FIRE,3165.8101990014984,5,False,0,,29.12559099968348
fire_videos,1,detectium_fire/fire/12213672_1080_1920_30fps.mp4,30,3,31,582,1,0.2506130337715149,47.09181299949705,1,REAL_FIRE,3327.5214989989763,5,False,1,,47.09181299949705
fire_videos,1,detectium_fire/fire/12213672_1080_1920_30fps.mp4,30,4,46,583,1,0.795204222202301,47.33825299990713,1,REAL_FIRE,2618.625107999833,5,False,1,,47.33825299990713
fire_videos,1,detectium_fire/fire/12213672_1080_1920_30fps.mp4,30,5,62,584,1,0.8615392446517944,44.59427000074356,1,REAL_FIRE,3183.2586960008484,5,False,1,,44.59427000074356
fire_videos,1,detectium_fire/fire/12213672_1080_1920_30fps.mp4,30,6,77,585,1,0.8241342902183533,37.68957900138048,1,REAL_FIRE,2642.716777001624,5,True,1,REAL_FIRE,2458.8427680009772
fire_videos,1,detectium_fire/fire/12213672_1080_1920_30fps.mp4,30,7,93,586,1,0.8621665239334106,47.69450200001302,1,REAL_FIRE,2807.87387700002,5,False,1,,47.69450200001302
fire_videos,1,detectium_fire/fire/12213672_1080_1920_30fps.mp4,30,8,108,587,1,0.7009422779083252,36.236492998796166,1,REAL_FIRE,3118.0401430010534,5,False,1,,36.236492998796166
fire_videos,1,detectium_fire/fire/12213672_1080_1920_30fps.mp4,30,9,124,588,1,0.37479883432388306,37.944338999295724,1,REAL_FIRE,2974.282550998396,5,False,1,,37.944338999295724
fire_videos,1,detectium_fire/fire/12213672_1080_1920_30fps.mp4,30,10,139,589,1,0.4172716736793518,21.970831001453917,1,REAL_FIRE,2659.9077680002665,5,False,1,,21.970831001453917
fire_videos,1,detectium_fire/fire/12213672_1080_1920_30fps.mp4,30,11,155,590,0,0.0,22.41357100137975,1,REAL_FIRE,2650.207923999915,5,True,1,REAL_FIRE,3313.839309001196
fire_videos,1,detectium_fire/fire/12213672_1080_1920_30fps.mp4,30,12,170,591,1,0.8209993839263916,41.19691099913325,1,REAL_FIRE,3329.674292999698,5,False,1,,41.19691099913325
fire_videos,1,detectium_fire/fire/12213672_1080_1920_30fps.mp4,30,13,186,592,1,0.8184817433357239,39.907354999741074,1,REAL_FIRE,3032.926360001511,5,False,1,,39.907354999741074
fire_videos,1,detectium_fire/fire/12213672_1080_1920_30fps.mp4,30,14,201,593,1,0.758558452129364,21.568263000517618,1,REAL_FIRE,2470.9769930013863,5,False,1,,21.568263000517618
fire_videos,1,detectium_fire/fire/12213672_1080_1920_30fps.mp4,30,15,217,594,1,0.8314119577407837,26.910319000307936,1,REAL_FIRE,2642.8444499997568,5,False,1,,26.910319000307936
fire_videos,1,detectium_fire/fire/12213672_1080_1920_30fps.mp4,30,16,232,595,1,0.8594548106193542,18.859740999687347,1,REAL_FIRE,3153.7644479994924,5,True,1,REAL_FIRE,3236.1445159986033
fire_videos,1,detectium_fire/fire/12213672_1080_1920_30fps.mp4,30,17,248,596,1,0.8261157274246216,18.464400998709607,1,REAL_FIRE,2804.705157999706,5,False,1,,18.464400998709607
fire_videos,1,detectium_fire/fire/12213672_1080_1920_30fps.mp4,30,18,263,597,1,0.7579973340034485,20.85994600020058,1,REAL_FIRE,3143.8884130002407,5,False,1,,20.85994600020058
fire_videos,1,detectium_fire/fire/12213672_1080_1920_30fps.mp4,30,19,279,598,0,0.0,17.605084000024362,1,REAL_FIRE,2538.412435000282,5,False,0,,17.605084000024362
fire_videos,1,detectium_fire/fire/12213672_1080_1920_30fps.mp4,30,20,294,599,0,0.0,27.42909900007362,1,REAL_FIRE,2825.322757000322,5,False,0,,27.42909900007362
fire_videos,1,detectium_fire/fire/12218199_3114_1440_30fps.mp4,31,1,0,600,1,0.3835189938545227,64.69821099926776,1,REAL_FIRE,2659.9190389988507,5,True,1,REAL_FIRE,2779.1983370007074
fire_videos,1,detectium_fire/fire/12218199_3114_1440_30fps.mp4,31,2,17,601,0,0.0,50.13277900070534,1,REAL_FIRE,3240.4112620006345,5,False,0,,50.13277900070534
fire_videos,1,detectium_fire/fire/12218199_3114_1440_30fps.mp4,31,3,33,602,1,0.3672665059566498,50.11113999898953,1,REAL_FIRE,3206.1147450003773,5,False,1,,50.11113999898953
fire_videos,1,detectium_fire/fire/12218199_3114_1440_30fps.mp4,31,4,50,603,0,0.0,49.49097200005781,1,REAL_FIRE,2873.006768000778,5,False,0,,49.49097200005781
fire_videos,1,detectium_fire/fire/12218199_3114_1440_30fps.mp4,31,5,67,604,0,0.0,51.35753800095699,1,REAL_FIRE,2562.5858109997353,5,False,0,,51.35753800095699
fire_videos,1,detectium_fire/fire/12218199_3114_1440_30fps.mp4,31,6,84,605,1,0.7764235138893127,58.179280000331346,1,REAL_FIRE,2608.968321001157,5,True,1,REAL_FIRE,2998.707665999973
fire_videos,1,detectium_fire/fire/12218199_3114_1440_30fps.mp4,31,7,100,606,1,0.7871682643890381,50.2431910008454,1,REAL_FIRE,3267.8945859988744,5,False,1,,50.2431910008454
fire_videos,1,detectium_fire/fire/12218199_3114_1440_30fps.mp4,31,8,117,607,1,0.49708691239356995,72.9645020001044,1,REAL_FIRE,2798.6138939995726,5,False,1,,72.9645020001044
fire_videos,1,detectium_fire/fire/12218199_3114_1440_30fps.mp4,31,9,134,608,1,0.7966777682304382,26.427081998917856,1,REAL_FIRE,2659.3238320001547,5,False,1,,26.427081998917856
fire_videos,1,detectium_fire/fire/12218199_3114_1440_30fps.mp4,31,10,151,609,1,0.3385187089443207,36.590646999684395,1,REAL_FIRE,2637.252307000381,5,False,1,,36.590646999684395
fire_videos,1,detectium_fire/fire/12218199_3114_1440_30fps.mp4,31,11,167,610,1,0.4908701777458191,55.524047998915194,1,REAL_FIRE,2852.2577180010558,5,True,1,REAL_FIRE,3186.2495749992377
fire_videos,1,detectium_fire/fire/12218199_3114_1440_30fps.mp4,31,12,184,611,1,0.7973422408103943,50.027191999106435,1,REAL_FIRE,2509.1556440002023,5,False,1,,50.027191999106435
fire_videos,1,detectium_fire/fire/12218199_3114_1440_30fps.mp4,31,13,201,612,1,0.7790590524673462,29.253745999085368,1,REAL_FIRE,2771.2608259989793,5,False,1,,29.253745999085368
fire_videos,1,detectium_fire/fire/12218199_3114_1440_30fps.mp4,31,14,218,613,1,0.47154510021209717,50.900520000141114,1,REAL_FIRE,2604.38275100023,5,False,1,,50.900520000141114
fire_videos,1,detectium_fire/fire/12218199_3114_1440_30fps.mp4,31,15,234,614,1,0.25093942880630493,52.10160699971311,1,REAL_FIRE,2667.547340000965,5,False,1,,52.10160699971311
fire_videos,1,detectium_fire/fire/12218199_3114_1440_30fps.mp4,31,16,251,615,1,0.533649742603302,52.68723600056546,1,REAL_FIRE,2595.077124000454,5,True,1,REAL_FIRE,2783.3325340016017
fire_videos,1,detectium_fire/fire/12218199_3114_1440_30fps.mp4,31,17,268,616,1,0.6238757371902466,70.91346999914094,1,REAL_FIRE,3314.0834839996387,5,False,1,,70.91346999914094
fire_videos,1,detectium_fire/fire/12218199_3114_1440_30fps.mp4,31,18,285,617,0,0.0,68.24164699901303,1,REAL_FIRE,3300.802649999241,5,False,0,,68.24164699901303
fire_videos,1,detectium_fire/fire/12218199_3114_1440_30fps.mp4,31,19,301,618,0,0.0,72.88041600077122,1,REAL_FIRE,2971.5928320001694,5,False,0,,72.88041600077122
fire_videos,1,detectium_fire/fire/12218199_3114_1440_30fps.mp4,31,20,318,619,1,0.2886795401573181,74.00703399980557,1,REAL_FIRE,3006.750993999958,5,False,1,,74.00703399980557
fire_videos,1,detectium_fire/fire/12220604_1080_1920_30fps.mp4,32,1,0,620,1,0.718553900718689,17.000276999169728,1,REAL_FIRE,2526.988708999852,5,True,1,REAL_FIRE,2686.143056000219
fire_videos,1,detectium_fire/fire/12220604_1080_1920_30fps.mp4,32,2,45,621,1,0.6695438623428345,38.664443000016036,1,REAL_FIRE,3006.3682929994684,5,False,1,,38.664443000016036
fire_videos,1,detectium_fire/fire/12220604_1080_1920_30fps.mp4,32,3,91,622,1,0.5523248910903931,49.430326998844976,1,REAL_FIRE,3368.5649769995507,5,False,1,,49.430326998844976
fire_videos,1,detectium_fire/fire/12220604_1080_1920_30fps.mp4,32,4,136,623,1,0.7232667207717896,51.0183419992245,1,REAL_FIRE,3032.8559889985627,5,False,1,,51.0183419992245
fire_videos,1,detectium_fire/fire/12220604_1080_1920_30fps.mp4,32,5,181,624,1,0.7505411505699158,29.78732599876821,1,REAL_FIRE,3158.9862540004106,5,False,1,,29.78732599876821
fire_videos,1,detectium_fire/fire/12220604_1080_1920_30fps.mp4,32,6,226,625,1,0.625620424747467,23.17041199967207,1,REAL_FIRE,2545.3653759996087,5,True,1,REAL_FIRE,2843.002890000207
fire_videos,1,detectium_fire/fire/12220604_1080_1920_30fps.mp4,32,7,272,626,1,0.7637858390808105,55.131533001258504,1,REAL_FIRE,2545.7498079995275,5,False,1,,55.131533001258504
fire_videos,1,detectium_fire/fire/12220604_1080_1920_30fps.mp4,32,8,317,627,1,0.7209835052490234,17.067717999452725,1,REAL_FIRE,2875.182878000487,5,False,1,,17.067717999452725
fire_videos,1,detectium_fire/fire/12220604_1080_1920_30fps.mp4,32,9,362,628,1,0.7008937001228333,16.80477899935795,1,REAL_FIRE,2745.045088999177,5,False,1,,16.80477899935795
fire_videos,1,detectium_fire/fire/12220604_1080_1920_30fps.mp4,32,10,407,629,1,0.40709468722343445,27.88500099995872,1,REAL_FIRE,2619.1198699998495,5,False,1,,27.88500099995872
fire_videos,1,detectium_fire/fire/12220604_1080_1920_30fps.mp4,32,11,453,630,1,0.7117661237716675,32.89395800129569,1,REAL_FIRE,2684.5647359987197,5,True,1,REAL_FIRE,2605.9046370010037
fire_videos,1,detectium_fire/fire/12220604_1080_1920_30fps.mp4,32,12,498,631,1,0.46215277910232544,18.24987500003772,1,REAL_FIRE,2735.5719660008617,5,False,1,,18.24987500003772
fire_videos,1,detectium_fire/fire/12220604_1080_1920_30fps.mp4,32,13,543,632,1,0.42211470007896423,41.485437999654096,1,REAL_FIRE,3178.951521000272,5,False,1,,41.485437999654096
fire_videos,1,detectium_fire/fire/12220604_1080_1920_30fps.mp4,32,14,588,633,1,0.5084477066993713,39.976820999072515,1,REAL_FIRE,4164.7780960011005,5,False,1,,39.976820999072515
fire_videos,1,detectium_fire/fire/12220604_1080_1920_30fps.mp4,32,15,634,634,1,0.6638938188552856,37.088568999024574,1,REAL_FIRE,2545.8736710006633,5,False,1,,37.088568999024574
fire_videos,1,detectium_fire/fire/12220604_1080_1920_30fps.mp4,32,16,679,635,1,0.6490763425827026,37.77607700067165,1,REAL_FIRE,2970.2338759998383,5,True,1,REAL_FIRE,2908.980385001996
fire_videos,1,detectium_fire/fire/12220604_1080_1920_30fps.mp4,32,17,724,636,1,0.7149466276168823,36.274610998589196,1,REAL_FIRE,3183.4555120003643,5,False,1,,36.274610998589196
fire_videos,1,detectium_fire/fire/12220604_1080_1920_30fps.mp4,32,18,769,637,1,0.681399405002594,51.059804998658365,1,REAL_FIRE,3150.3798040012043,5,False,1,,51.059804998658365
fire_videos,1,detectium_fire/fire/12220604_1080_1920_30fps.mp4,32,19,815,638,1,0.6616717576980591,52.45021100017766,1,REAL_FIRE,3454.647291000583,5,False,1,,52.45021100017766
fire_videos,1,detectium_fire/fire/12224299_3840_2160_25fps.mp4,33,1,0,639,1,0.7386530041694641,37.64244800004235,1,REAL_FIRE,3284.024728998702,5,False,1,,37.64244800004235
fire_videos,1,detectium_fire/fire/12224299_3840_2160_25fps.mp4,33,2,19,640,0,0.0,37.43464800027141,0,NO_REAL_FIRE,3118.4896629983996,5,True,0,NO_REAL_FIRE,3028.0275810000603
fire_videos,1,detectium_fire/fire/12224299_3840_2160_25fps.mp4,33,3,38,641,1,0.7808758020401001,37.640389000443975,1,REAL_FIRE,2616.6996499996458,5,False,1,,37.640389000443975
fire_videos,1,detectium_fire/fire/12224299_3840_2160_25fps.mp4,33,4,56,642,1,0.4849150776863098,40.42452199973923,1,REAL_FIRE,3168.867717999092,5,False,1,,40.42452199973923
fire_videos,1,detectium_fire/fire/12224299_3840_2160_25fps.mp4,33,5,75,643,1,0.6463623046875,42.20541799986677,1,REAL_FIRE,2713.5440809997817,5,False,1,,42.20541799986677
fire_videos,1,detectium_fire/fire/12224299_3840_2160_25fps.mp4,33,6,94,644,1,0.3643941283226013,37.65803900023457,1,REAL_FIRE,3084.1821920002985,5,False,1,,37.65803900023457
fire_videos,1,detectium_fire/fire/12224299_3840_2160_25fps.mp4,33,7,113,645,1,0.6227830648422241,43.69843399945239,0,NO_REAL_FIRE,2871.158677000494,5,True,1,REAL_FIRE,3387.4756770001113
fire_videos,1,detectium_fire/fire/12224299_3840_2160_25fps.mp4,33,8,132,646,1,0.37597760558128357,37.661788999685086,1,REAL_FIRE,3312.7890699997806,5,False,1,,37.661788999685086
fire_videos,1,detectium_fire/fire/12224299_3840_2160_25fps.mp4,33,9,150,647,1,0.4089624881744385,37.59682899908512,0,NO_REAL_FIRE,3290.563333999671,5,False,1,,37.59682899908512
fire_videos,1,detectium_fire/fire/12224299_3840_2160_25fps.mp4,33,10,169,648,1,0.5720374584197998,31.87715300009586,1,REAL_FIRE,3656.7109860006894,5,False,1,,31.87715300009586
fire_videos,1,detectium_fire/fire/12224299_3840_2160_25fps.mp4,33,11,188,649,1,0.49660271406173706,55.553215999680106,1,REAL_FIRE,2979.146753999885,5,False,1,,55.553215999680106
fire_videos,1,detectium_fire/fire/12224299_3840_2160_25fps.mp4,33,12,207,650,1,0.6404552459716797,62.967379000838264,1,REAL_FIRE,4183.979335999538,5,True,1,REAL_FIRE,3269.974746999651
fire_videos,1,detectium_fire/fire/12224299_3840_2160_25fps.mp4,33,13,225,651,0,0.0,53.44123199938622,1,REAL_FIRE,3341.4549059998535,5,False,0,,53.44123199938622
fire_videos,1,detectium_fire/fire/12224299_3840_2160_25fps.mp4,33,14,244,652,1,0.5199182629585266,37.50504100025864,1,REAL_FIRE,2699.9181190003583,5,False,1,,37.50504100025864
fire_videos,1,detectium_fire/fire/12224299_3840_2160_25fps.mp4,33,15,263,653,1,0.44697535037994385,37.57263000079547,1,REAL_FIRE,2944.9779110000236,5,False,1,,37.57263000079547
fire_videos,1,detectium_fire/fire/12224299_3840_2160_25fps.mp4,33,16,282,654,0,0.0,37.80711000035808,0,NO_REAL_FIRE,3018.4027849991253,5,False,0,,37.80711000035808
fire_videos,1,detectium_fire/fire/12224299_3840_2160_25fps.mp4,33,17,301,655,1,0.5033082365989685,50.60111999955552,1,REAL_FIRE,3241.5655630011315,5,True,1,REAL_FIRE,2994.03306000022
fire_videos,1,detectium_fire/fire/12224299_3840_2160_25fps.mp4,33,18,319,656,1,0.5576987862586975,38.05359999932989,1,REAL_FIRE,3214.4778560013947,5,False,1,,38.05359999932989
fire_videos,1,detectium_fire/fire/12224299_3840_2160_25fps.mp4,33,19,338,657,1,0.4016561508178711,48.188205999394995,1,REAL_FIRE,3523.8335610010836,5,False,1,,48.188205999394995
fire_videos,1,detectium_fire/fire/12224299_3840_2160_25fps.mp4,33,20,357,658,0,0.0,42.67651900045166,1,REAL_FIRE,3794.6877900012623,5,False,0,,42.67651900045166
fire_videos,1,detectium_fire/fire/12244988_2320_1080_30fps.mp4,34,1,0,659,1,0.541359543800354,19.933472000047914,1,REAL_FIRE,3287.614830998791,5,False,1,,19.933472000047914
fire_videos,1,detectium_fire/fire/12244988_2320_1080_30fps.mp4,34,2,29,660,1,0.4431791305541992,39.947934999872814,1,REAL_FIRE,3034.923458000776,5,True,1,REAL_FIRE,2918.285878000461
fire_videos,1,detectium_fire/fire/12244988_2320_1080_30fps.mp4,34,3,58,661,1,0.6590511798858643,40.16472600051202,1,REAL_FIRE,3129.410478999489,5,False,1,,40.16472600051202
fire_videos,1,detectium_fire/fire/12244988_2320_1080_30fps.mp4,34,4,87,662,1,0.6354763507843018,41.39672199926281,1,REAL_FIRE,3299.1813469998306,5,False,1,,41.39672199926281
fire_videos,1,detectium_fire/fire/12244988_2320_1080_30fps.mp4,34,5,116,663,1,0.6098682284355164,52.05781800032128,1,REAL_FIRE,3461.447694000526,5,False,1,,52.05781800032128
fire_videos,1,detectium_fire/fire/12244988_2320_1080_30fps.mp4,34,6,145,664,1,0.6082789301872253,48.880555001233006,1,REAL_FIRE,3866.2644129999535,5,False,1,,48.880555001233006
fire_videos,1,detectium_fire/fire/12244988_2320_1080_30fps.mp4,34,7,174,665,1,0.489170104265213,42.17690999939805,1,REAL_FIRE,2867.086920001384,5,True,1,REAL_FIRE,2782.4795129999984
fire_videos,1,detectium_fire/fire/12244988_2320_1080_30fps.mp4,34,8,203,666,1,0.44349047541618347,18.70916599909833,1,REAL_FIRE,2583.2317269996565,5,False,1,,18.70916599909833
fire_videos,1,detectium_fire/fire/12244988_2320_1080_30fps.mp4,34,9,232,667,1,0.4217888414859772,27.7756949999457,1,REAL_FIRE,3004.93209600063,5,False,1,,27.7756949999457
fire_videos,1,detectium_fire/fire/12244988_2320_1080_30fps.mp4,34,10,261,668,0,0.0,25.089200998991146,1,REAL_FIRE,3066.0929910009145,5,False,0,,25.089200998991146
fire_videos,1,detectium_fire/fire/12244988_2320_1080_30fps.mp4,34,11,289,669,0,0.0,41.839382000034675,1,REAL_FIRE,3119.786302999273,5,False,0,,41.839382000034675
fire_videos,1,detectium_fire/fire/12244988_2320_1080_30fps.mp4,34,12,318,670,1,0.30812832713127136,28.15539399853151,1,REAL_FIRE,3108.9323550004337,5,True,1,REAL_FIRE,3520.6246329980786
fire_videos,1,detectium_fire/fire/12244988_2320_1080_30fps.mp4,34,13,347,671,1,0.33712446689605713,31.731506000141962,1,REAL_FIRE,2839.900316999774,5,False,1,,31.731506000141962
fire_videos,1,detectium_fire/fire/12244988_2320_1080_30fps.mp4,34,14,376,672,1,0.25368842482566833,27.32589599872881,1,REAL_FIRE,2751.502129000073,5,False,1,,27.32589599872881
fire_videos,1,detectium_fire/fire/12244988_2320_1080_30fps.mp4,34,15,405,673,1,0.4064697325229645,28.33878499950515,1,REAL_FIRE,3413.5925470000075,5,False,1,,28.33878499950515
fire_videos,1,detectium_fire/fire/12244988_2320_1080_30fps.mp4,34,16,434,674,1,0.26039406657218933,30.117039999822737,1,REAL_FIRE,3731.398538000576,5,False,1,,30.117039999822737
fire_videos,1,detectium_fire/fire/12244988_2320_1080_30fps.mp4,34,17,463,675,1,0.5892744660377502,22.74460700027703,1,REAL_FIRE,2704.550548998668,5,True,1,REAL_FIRE,3066.1165960009384
fire_videos,1,detectium_fire/fire/12244988_2320_1080_30fps.mp4,34,18,492,676,1,0.5608338117599487,21.688179000193486,1,REAL_FIRE,2614.6623479999107,5,False,1,,21.688179000193486
fire_videos,1,detectium_fire/fire/12244988_2320_1080_30fps.mp4,34,19,521,677,1,0.6126320958137512,35.74265799943532,1,REAL_FIRE,2543.95976700107,5,False,1,,35.74265799943532
fire_videos,1,detectium_fire/fire/12244988_2320_1080_30fps.mp4,34,20,550,678,1,0.6507874727249146,38.47386099914729,1,REAL_FIRE,3486.813253000946,5,False,1,,38.47386099914729
fire_videos,1,detectium_fire/fire/1226103820.mp4,35,1,0,679,1,0.7435271739959717,11.045464998460375,1,REAL_FIRE,3421.8133720005426,5,False,1,,11.045464998460375
fire_videos,1,detectium_fire/fire/1226103820.mp4,35,2,5,680,1,0.8377839922904968,14.334247000078904,1,REAL_FIRE,3088.273858998946,5,True,1,REAL_FIRE,3120.423821001168
fire_videos,1,detectium_fire/fire/1226103820.mp4,35,3,11,681,1,0.7817701697349548,9.268878000511904,1,REAL_FIRE,2917.1035649997066,5,False,1,,9.268878000511904
fire_videos,1,detectium_fire/fire/1226103820.mp4,35,4,16,682,1,0.8308852314949036,13.026040000113426,1,REAL_FIRE,2716.4121130008425,5,False,1,,13.026040000113426
fire_videos,1,detectium_fire/fire/1226103820.mp4,35,5,21,683,1,0.8227525353431702,14.633865999712725,1,REAL_FIRE,2512.590636000823,5,False,1,,14.633865999712725
fire_videos,1,detectium_fire/fire/1226103820.mp4,35,6,27,684,1,0.8584067225456238,8.509539999067783,1,REAL_FIRE,2769.519269999364,5,False,1,,8.509539999067783
fire_videos,1,detectium_fire/fire/1226103820.mp4,35,7,32,685,1,0.7197227478027344,14.13808799952676,1,REAL_FIRE,2569.3457140005194,5,True,1,REAL_FIRE,2614.473215999169
fire_videos,1,detectium_fire/fire/1226103820.mp4,35,8,38,686,1,0.71768718957901,17.89201899919135,1,REAL_FIRE,2758.2644110007095,5,False,1,,17.89201899919135
fire_videos,1,detectium_fire/fire/1226103820.mp4,35,9,43,687,1,0.8351227641105652,28.90865400149778,1,REAL_FIRE,3059.365066999817,5,False,1,,28.90865400149778
fire_videos,1,detectium_fire/fire/1226103820.mp4,35,10,48,688,1,0.8424959778785706,32.225726999968174,1,REAL_FIRE,3244.5228500000667,5,False,1,,32.225726999968174
fire_videos,1,detectium_fire/fire/1226103820.mp4,35,11,54,689,1,0.8437625765800476,32.27132600113691,1,REAL_FIRE,2636.231526001211,5,False,1,,32.27132600113691
fire_videos,1,detectium_fire/fire/1226103820.mp4,35,12,59,690,1,0.7634446620941162,8.542970001144568,1,REAL_FIRE,2683.553032000418,5,True,1,REAL_FIRE,3226.8867380007578
fire_videos,1,detectium_fire/fire/1226103820.mp4,35,13,64,691,1,0.7831000089645386,9.202629000355955,1,REAL_FIRE,2865.9724659992207,5,False,1,,9.202629000355955
fire_videos,1,detectium_fire/fire/1226103820.mp4,35,14,70,692,1,0.7748245000839233,23.390237000057823,1,REAL_FIRE,3014.6223530009593,5,False,1,,23.390237000057823
fire_videos,1,detectium_fire/fire/1226103820.mp4,35,15,75,693,1,0.8768664002418518,32.16319700004533,1,REAL_FIRE,2796.3033159994666,5,False,1,,32.16319700004533
fire_videos,1,detectium_fire/fire/1226103820.mp4,35,16,81,694,1,0.8154160976409912,8.481590999508626,1,REAL_FIRE,2770.4582890000893,5,False,1,,8.481590999508626
fire_videos,1,detectium_fire/fire/1226103820.mp4,35,17,86,695,1,0.8503000736236572,31.283387999792467,1,REAL_FIRE,2978.7207710014627,5,True,1,REAL_FIRE,3350.5732220000937
fire_videos,1,detectium_fire/fire/1226103820.mp4,35,18,91,696,1,0.8480411767959595,13.396669000940165,1,REAL_FIRE,2799.004120999598,5,False,1,,13.396669000940165
fire_videos,1,detectium_fire/fire/1226103820.mp4,35,19,97,697,1,0.8315770030021667,8.92519000080938,1,REAL_FIRE,2712.908150999283,5,False,1,,8.92519000080938
fire_videos,1,detectium_fire/fire/1226103820.mp4,35,20,102,698,1,0.5956905484199524,13.527549999707844,1,REAL_FIRE,2414.270070999919,5,False,1,,13.527549999707844
fire_videos,1,detectium_fire/fire/12263032_3840_2160_30fps.mp4,36,1,0,699,1,0.4119611382484436,74.55353099976492,1,REAL_FIRE,3544.207398999788,5,False,1,,74.55353099976492
fire_videos,1,detectium_fire/fire/12263032_3840_2160_30fps.mp4,36,2,10,700,1,0.5438899993896484,61.84016000042902,1,REAL_FIRE,2976.5683799996623,5,True,1,REAL_FIRE,3148.9464349997434
fire_videos,1,detectium_fire/fire/12263032_3840_2160_30fps.mp4,36,3,19,701,1,0.38919755816459656,59.94811399978062,1,REAL_FIRE,3731.4423070001794,5,False,1,,59.94811399978062
fire_videos,1,detectium_fire/fire/12263032_3840_2160_30fps.mp4,36,4,29,702,1,0.28190237283706665,69.04342400048336,1,REAL_FIRE,2922.746588001246,5,False,1,,69.04342400048336
fire_videos,1,detectium_fire/fire/12263032_3840_2160_30fps.mp4,36,5,39,703,1,0.524200439453125,61.1577119998401,1,REAL_FIRE,3586.651138999514,5,False,1,,61.1577119998401
fire_videos,1,detectium_fire/fire/12263032_3840_2160_30fps.mp4,36,6,48,704,1,0.36598286032676697,83.3757920008793,1,REAL_FIRE,3267.6311939994775,5,False,1,,83.3757920008793
fire_videos,1,detectium_fire/fire/12263032_3840_2160_30fps.mp4,36,7,58,705,1,0.46859365701675415,63.794425999731175,1,REAL_FIRE,2659.8116679997474,5,True,1,REAL_FIRE,2642.157069998575
fire_videos,1,detectium_fire/fire/12263032_3840_2160_30fps.mp4,36,8,67,706,1,0.546482264995575,62.14223999995738,1,REAL_FIRE,2824.6850060004363,5,False,1,,62.14223999995738
fire_videos,1,detectium_fire/fire/12263032_3840_2160_30fps.mp4,36,9,77,707,1,0.4533664286136627,84.22820000123465,1,REAL_FIRE,2812.967297999421,5,False,1,,84.22820000123465
fire_videos,1,detectium_fire/fire/12263032_3840_2160_30fps.mp4,36,10,87,708,1,0.33891838788986206,57.73146100000304,1,REAL_FIRE,3051.101598999594,5,False,1,,57.73146100000304
fire_videos,1,detectium_fire/fire/12263032_3840_2160_30fps.mp4,36,11,96,709,1,0.45082199573516846,66.93859000006341,1,REAL_FIRE,3665.8126170004834,5,False,1,,66.93859000006341
fire_videos,1,detectium_fire/fire/12263032_3840_2160_30fps.mp4,36,12,106,710,1,0.3100467920303345,87.08777500032738,1,REAL_FIRE,3152.2984839994024,5,True,1,REAL_FIRE,3290.1118620011403
fire_videos,1,detectium_fire/fire/12263032_3840_2160_30fps.mp4,36,13,116,711,1,0.3402840197086334,70.17284299945459,1,REAL_FIRE,3223.0837579991203,5,False,1,,70.17284299945459
fire_videos,1,detectium_fire/fire/12263032_3840_2160_30fps.mp4,36,14,125,712,1,0.6223933100700378,86.40031699906103,1,REAL_FIRE,2947.1340910004074,5,False,1,,86.40031699906103
fire_videos,1,detectium_fire/fire/12263032_3840_2160_30fps.mp4,36,15,135,713,1,0.6272153258323669,62.01290199896903,1,REAL_FIRE,2755.6619529987074,5,False,1,,62.01290199896903
fire_videos,1,detectium_fire/fire/12263032_3840_2160_30fps.mp4,36,16,144,714,1,0.560408890247345,55.98889499924553,1,REAL_FIRE,3425.510694998593,5,False,1,,55.98889499924553
fire_videos,1,detectium_fire/fire/12263032_3840_2160_30fps.mp4,36,17,154,715,0,0.0,72.13526899977296,1,REAL_FIRE,3094.7126589999243,5,True,1,REAL_FIRE,2720.471954999084
fire_videos,1,detectium_fire/fire/12263032_3840_2160_30fps.mp4,36,18,164,716,1,0.6492770314216614,46.755385999858845,1,REAL_FIRE,2830.2581159987312,5,False,1,,46.755385999858845
fire_videos,1,detectium_fire/fire/12263032_3840_2160_30fps.mp4,36,19,173,717,1,0.5652170777320862,54.420218999439385,1,REAL_FIRE,2797.428943998966,5,False,1,,54.420218999439385
fire_videos,1,detectium_fire/fire/12263032_3840_2160_30fps.mp4,36,20,183,718,1,0.6594852805137634,41.26591800013557,1,REAL_FIRE,3310.232611000174,5,False,1,,41.26591800013557
fire_videos,1,detectium_fire/fire/12263621_3840_2160_30fps.mp4,37,1,0,719,1,0.5726616382598877,58.93740900137345,1,REAL_FIRE,3480.0516909999715,5,False,1,,58.93740900137345
fire_videos,1,detectium_fire/fire/12263621_3840_2160_30fps.mp4,37,2,8,720,1,0.45189976692199707,64.92441600130405,1,REAL_FIRE,2886.165362999236,5,True,1,REAL_FIRE,3437.3379970002134
fire_videos,1,detectium_fire/fire/12263621_3840_2160_30fps.mp4,37,3,16,721,1,0.2761829197406769,86.41611900020507,1,REAL_FIRE,3170.539042999735,5,False,1,,86.41611900020507
fire_videos,1,detectium_fire/fire/12263621_3840_2160_30fps.mp4,37,4,24,722,1,0.48292821645736694,72.63676899856364,1,REAL_FIRE,2857.723150000311,5,False,1,,72.63676899856364
fire_videos,1,detectium_fire/fire/12263621_3840_2160_30fps.mp4,37,5,33,723,1,0.25176042318344116,68.20171899926208,1,REAL_FIRE,3671.225236999817,5,False,1,,68.20171899926208
fire_videos,1,detectium_fire/fire/12263621_3840_2160_30fps.mp4,37,6,41,724,0,0.0,84.65413299927604,1,REAL_FIRE,2916.9865289986774,5,False,0,,84.65413299927604
fire_videos,1,detectium_fire/fire/12263621_3840_2160_30fps.mp4,37,7,49,725,1,0.370358943939209,62.25165300020308,1,REAL_FIRE,2881.3794319994486,5,True,1,REAL_FIRE,2625.498339999467
fire_videos,1,detectium_fire/fire/12263621_3840_2160_30fps.mp4,37,8,57,726,1,0.563044548034668,71.53628199921513,1,REAL_FIRE,3168.816606999826,5,False,1,,71.53628199921513
fire_videos,1,detectium_fire/fire/12263621_3840_2160_30fps.mp4,37,9,65,727,1,0.6372030973434448,57.97088199869904,1,REAL_FIRE,3573.8752010001917,5,False,1,,57.97088199869904
fire_videos,1,detectium_fire/fire/12263621_3840_2160_30fps.mp4,37,10,73,728,1,0.6323758363723755,46.81976699976076,1,REAL_FIRE,2923.629296999934,5,False,1,,46.81976699976076
fire_videos,1,detectium_fire/fire/12263621_3840_2160_30fps.mp4,37,11,82,729,1,0.5738794207572937,94.01461300149094,1,REAL_FIRE,3227.0827749998716,5,False,1,,94.01461300149094
fire_videos,1,detectium_fire/fire/12263621_3840_2160_30fps.mp4,37,12,90,730,1,0.6493507623672485,68.83134900090226,1,REAL_FIRE,3263.054261000434,5,True,1,REAL_FIRE,3003.8433850004367
fire_videos,1,detectium_fire/fire/12263621_3840_2160_30fps.mp4,37,13,98,731,1,0.49348902702331543,64.38777900075365,1,REAL_FIRE,2779.9369510012184,5,False,1,,64.38777900075365
fire_videos,1,detectium_fire/fire/12263621_3840_2160_30fps.mp4,37,14,106,732,1,0.3193568289279938,69.34399799865787,1,REAL_FIRE,3110.073702000591,5,False,1,,69.34399799865787
fire_videos,1,detectium_fire/fire/12263621_3840_2160_30fps.mp4,37,15,114,733,1,0.518761157989502,74.77235599981213,1,REAL_FIRE,3024.6614730003785,5,False,1,,74.77235599981213
fire_videos,1,detectium_fire/fire/12263621_3840_2160_30fps.mp4,37,16,122,734,1,0.41071635484695435,68.708990000232,1,REAL_FIRE,2912.481094001123,5,False,1,,68.708990000232
fire_videos,1,detectium_fire/fire/12263621_3840_2160_30fps.mp4,37,17,131,735,1,0.4474234879016876,70.40400600089924,1,REAL_FIRE,2558.3838619986636,5,True,1,REAL_FIRE,3446.1942150010145
fire_videos,1,detectium_fire/fire/12263621_3840_2160_30fps.mp4,37,18,139,736,1,0.5924188494682312,66.92134399963834,1,REAL_FIRE,3117.7225379997253,5,False,1,,66.92134399963834
fire_videos,1,detectium_fire/fire/12263621_3840_2160_30fps.mp4,37,19,147,737,0,0.0,67.72860199998831,1,REAL_FIRE,3260.0828020003974,5,False,0,,67.72860199998831
fire_videos,1,detectium_fire/fire/12263621_3840_2160_30fps.mp4,37,20,155,738,0,0.0,92.66414800003986,1,REAL_FIRE,3204.836138000246,5,False,0,,92.66414800003986
fire_videos,1,detectium_fire/fire/12265963_1920_1080_50fps.mp4,38,1,0,739,0,0.0,16.879032998986077,1,REAL_FIRE,2262.850085999162,5,False,0,,16.879032998986077
fire_videos,1,detectium_fire/fire/12265963_1920_1080_50fps.mp4,38,2,8,740,0,0.0,20.579316000294057,1,REAL_FIRE,3258.80080800016,5,True,1,REAL_FIRE,3369.0684439989127
fire_videos,1,detectium_fire/fire/12265963_1920_1080_50fps.mp4,38,3,16,741,0,0.0,38.35557599995809,1,REAL_FIRE,3398.499474000346,5,False,0,,38.35557599995809
fire_videos,1,detectium_fire/fire/12265963_1920_1080_50fps.mp4,38,4,23,742,0,0.0,16.56809400083148,1,REAL_FIRE,2894.6646640015388,5,False,0,,16.56809400083148
fire_videos,1,detectium_fire/fire/12265963_1920_1080_50fps.mp4,38,5,31,743,0,0.0,20.40275600120367,1,REAL_FIRE,3130.1593860007415,5,False,0,,20.40275600120367
fire_videos,1,detectium_fire/fire/12265963_1920_1080_50fps.mp4,38,6,39,744,0,0.0,33.05724799974996,1,REAL_FIRE,3190.2226000001974,5,False,0,,33.05724799974996
fire_videos,1,detectium_fire/fire/12265963_1920_1080_50fps.mp4,38,7,47,745,0,0.0,46.95918799916399,1,REAL_FIRE,3136.3343419998273,5,True,1,REAL_FIRE,3420.8009879985184
fire_videos,1,detectium_fire/fire/12265963_1920_1080_50fps.mp4,38,8,55,746,0,0.0,35.549902999264305,0,NO_REAL_FIRE,3083.209194999654,5,False,0,,35.549902999264305
fire_videos,1,detectium_fire/fire/12265963_1920_1080_50fps.mp4,38,9,62,747,0,0.0,36.14224199918681,1,REAL_FIRE,2935.6078390010225,5,False,0,,36.14224199918681
fire_videos,1,detectium_fire/fire/12265963_1920_1080_50fps.mp4,38,10,70,748,0,0.0,35.68053299932217,1,REAL_FIRE,2900.0960899993515,5,False,0,,35.68053299932217
fire_videos,1,detectium_fire/fire/12265963_1920_1080_50fps.mp4,38,11,78,749,0,0.0,36.78476999994018,1,REAL_FIRE,2577.4336619997484,5,False,0,,36.78476999994018
fire_videos,1,detectium_fire/fire/12265963_1920_1080_50fps.mp4,38,12,86,750,0,0.0,49.35721299989382,1,REAL_FIRE,3382.271303999005,5,True,1,REAL_FIRE,3424.8523250007565
fire_videos,1,detectium_fire/fire/12265963_1920_1080_50fps.mp4,38,13,93,751,0,0.0,38.859136000610306,1,REAL_FIRE,3308.330253001259,5,False,0,,38.859136000610306
fire_videos,1,detectium_fire/fire/12265963_1920_1080_50fps.mp4,38,14,101,752,0,0.0,43.523305999769946,1,REAL_FIRE,3403.2869820002816,5,False,0,,43.523305999769946
fire_videos,1,detectium_fire/fire/12265963_1920_1080_50fps.mp4,38,15,109,753,0,0.0,37.554948999968474,1,REAL_FIRE,3638.5405590008304,5,False,0,,37.554948999968474
fire_videos,1,detectium_fire/fire/12265963_1920_1080_50fps.mp4,38,16,117,754,0,0.0,37.2274399996968,1,REAL_FIRE,3292.126140999244,5,False,0,,37.2274399996968
fire_videos,1,detectium_fire/fire/12265963_1920_1080_50fps.mp4,38,17,125,755,0,0.0,37.53287899962743,1,REAL_FIRE,2543.0018699989887,5,True,1,REAL_FIRE,3023.22257799824
fire_videos,1,detectium_fire/fire/12265963_1920_1080_50fps.mp4,38,18,132,756,0,0.0,37.610149000101956,1,REAL_FIRE,3514.9307640003826,5,False,0,,37.610149000101956
fire_videos,1,detectium_fire/fire/12265963_1920_1080_50fps.mp4,38,19,140,757,1,0.25186264514923096,48.51133599913737,1,REAL_FIRE,3170.4183390011167,5,False,1,,48.51133599913737
fire_videos,1,detectium_fire/fire/12265963_1920_1080_50fps.mp4,38,20,148,758,0,0.0,37.45263000018895,0,NO_REAL_FIRE,2878.380850999747,5,False,0,,37.45263000018895
fire_videos,1,detectium_fire/fire/12265973_1920_1080_50fps.mp4,39,1,0,759,0,0.0,21.52166300038516,0,NO_REAL_FIRE,3017.8171150000708,5,False,0,,21.52166300038516
fire_videos,1,detectium_fire/fire/12265973_1920_1080_50fps.mp4,39,2,22,760,1,0.6380359530448914,16.623203999188263,0,NO_REAL_FIRE,3805.9711559999414,5,True,0,NO_REAL_FIRE,3310.515964998558
fire_videos,1,detectium_fire/fire/12265973_1920_1080_50fps.mp4,39,3,43,761,1,0.4305102825164795,35.84091300035652,1,REAL_FIRE,3126.8065120002575,5,False,1,,35.84091300035652
fire_videos,1,detectium_fire/fire/12265973_1920_1080_50fps.mp4,39,4,65,762,1,0.6657994389533997,36.29888300019957,1,REAL_FIRE,3011.1082249986794,5,False,1,,36.29888300019957
fire_videos,1,detectium_fire/fire/12265973_1920_1080_50fps.mp4,39,5,87,763,0,0.0,36.33843300121953,1,REAL_FIRE,2602.064994000102,5,False,0,,36.33843300121953
fire_videos,1,detectium_fire/fire/12265973_1920_1080_50fps.mp4,39,6,108,764,1,0.3119664788246155,36.27258199958305,1,REAL_FIRE,2590.2994719999697,5,False,1,,36.27258199958305
fire_videos,1,detectium_fire/fire/12265973_1920_1080_50fps.mp4,39,7,130,765,1,0.5264407992362976,36.32086200013873,1,REAL_FIRE,3222.7304210009606,5,True,1,REAL_FIRE,3147.3158649987454
fire_videos,1,detectium_fire/fire/12265973_1920_1080_50fps.mp4,39,8,151,766,0,0.0,45.932750999782,1,REAL_FIRE,2787.7180480008974,5,False,0,,45.932750999782
fire_videos,1,detectium_fire/fire/12265973_1920_1080_50fps.mp4,39,9,173,767,1,0.4206418991088867,36.28359300091688,1,REAL_FIRE,2869.852036001248,5,False,1,,36.28359300091688
fire_videos,1,detectium_fire/fire/12265973_1920_1080_50fps.mp4,39,10,195,768,0,0.0,36.102983000091626,1,REAL_FIRE,2918.3721150002384,5,False,0,,36.102983000091626
fire_videos,1,detectium_fire/fire/12265973_1920_1080_50fps.mp4,39,11,216,769,0,0.0,50.44447200089053,1,REAL_FIRE,3013.0999560005876,5,False,0,,50.44447200089053
fire_videos,1,detectium_fire/fire/12265973_1920_1080_50fps.mp4,39,12,238,770,1,0.2711150348186493,45.56935300024634,1,REAL_FIRE,2751.657836999584,5,True,1,REAL_FIRE,2947.5283629999467
fire_videos,1,detectium_fire/fire/12265973_1920_1080_50fps.mp4,39,13,260,771,0,0.0,36.067902998183854,1,REAL_FIRE,3045.2948279998964,5,False,0,,36.067902998183854
fire_videos,1,detectium_fire/fire/12265973_1920_1080_50fps.mp4,39,14,281,772,0,0.0,25.6636249996518,1,REAL_FIRE,2637.5806189989817,5,False,0,,25.6636249996518
fire_videos,1,detectium_fire/fire/12265973_1920_1080_50fps.mp4,39,15,303,773,1,0.41749921441078186,36.045594000825076,1,REAL_FIRE,3390.3621080007724,5,False,1,,36.045594000825076
fire_videos,1,detectium_fire/fire/12265973_1920_1080_50fps.mp4,39,16,324,774,0,0.0,36.1457729995891,1,REAL_FIRE,2872.957084000518,5,False,0,,36.1457729995891
fire_videos,1,detectium_fire/fire/12265973_1920_1080_50fps.mp4,39,17,346,775,0,0.0,36.67950199996994,1,REAL_FIRE,2632.1126889997686,5,True,1,REAL_FIRE,3052.8645270005654
fire_videos,1,detectium_fire/fire/12265973_1920_1080_50fps.mp4,39,18,368,776,1,0.3032746911048889,48.66943700108095,1,REAL_FIRE,2916.3254300001427,5,False,1,,48.66943700108095
fire_videos,1,detectium_fire/fire/12265973_1920_1080_50fps.mp4,39,19,389,777,0,0.0,36.243153001123574,0,NO_REAL_FIRE,4799.316863000058,5,False,0,,36.243153001123574
fire_videos,1,detectium_fire/fire/12265973_1920_1080_50fps.mp4,39,20,411,778,1,0.2738814353942871,36.39800199925958,1,REAL_FIRE,2867.441301999861,5,False,1,,36.39800199925958
fire_videos,1,detectium_fire/fire/12265981_1920_1080_50fps.mp4,40,1,0,779,1,0.39211347699165344,16.4786749992345,1,REAL_FIRE,2504.0713849994063,5,False,1,,16.4786749992345
fire_videos,1,detectium_fire/fire/12265981_1920_1080_50fps.mp4,40,2,18,780,0,0.0,16.369525999834877,1,REAL_FIRE,3301.7080560002796,5,True,1,REAL_FIRE,2681.226984999739
fire_videos,1,detectium_fire/fire/12265981_1920_1080_50fps.mp4,40,3,37,781,0,0.0,33.70833899862191,1,REAL_FIRE,3112.745651998921,5,False,0,,33.70833899862191
fire_videos,1,detectium_fire/fire/12265981_1920_1080_50fps.mp4,40,4,55,782,1,0.31297072768211365,36.5531520001241,1,REAL_FIRE,3086.2410019999515,5,False,1,,36.5531520001241
fire_videos,1,detectium_fire/fire/12265981_1920_1080_50fps.mp4,40,5,73,783,0,0.0,39.849986000263016,1,REAL_FIRE,3268.032171001323,5,False,0,,39.849986000263016
fire_videos,1,detectium_fire/fire/12265981_1920_1080_50fps.mp4,40,6,92,784,0,0.0,37.05551200073387,1,REAL_FIRE,3148.6771759991825,5,False,0,,37.05551200073387
fire_videos,1,detectium_fire/fire/12265981_1920_1080_50fps.mp4,40,7,110,785,1,0.28986072540283203,56.161440999858314,1,REAL_FIRE,3476.4714460015966,5,True,1,REAL_FIRE,3444.7565269983897
fire_videos,1,detectium_fire/fire/12265981_1920_1080_50fps.mp4,40,8,128,786,0,0.0,18.62164100020891,1,REAL_FIRE,3103.454881998914,5,False,0,,18.62164100020891
fire_videos,1,detectium_fire/fire/12265981_1920_1080_50fps.mp4,40,9,147,787,1,0.5751129388809204,18.688800000745687,1,REAL_FIRE,2978.0728799996723,5,False,1,,18.688800000745687
fire_videos,1,detectium_fire/fire/12265981_1920_1080_50fps.mp4,40,10,165,788,1,0.5263873934745789,36.14607400049863,1,REAL_FIRE,3249.3153499999607,5,False,1,,36.14607400049863
fire_videos,1,detectium_fire/fire/12265981_1920_1080_50fps.mp4,40,11,183,789,0,0.0,37.204341000688146,0,NO_REAL_FIRE,3774.1227059996163,5,False,0,,37.204341000688146
fire_videos,1,detectium_fire/fire/12265981_1920_1080_50fps.mp4,40,12,201,790,1,0.32361656427383423,36.20288300044194,1,REAL_FIRE,2531.9343999999546,5,True,1,REAL_FIRE,2979.8107970000274
fire_videos,1,detectium_fire/fire/12265981_1920_1080_50fps.mp4,40,13,220,791,1,0.5901240110397339,36.828262000199175,1,REAL_FIRE,2781.21031900082,5,False,1,,36.828262000199175
fire_videos,1,detectium_fire/fire/12265981_1920_1080_50fps.mp4,40,14,238,792,1,0.645510196685791,36.28798400131927,1,REAL_FIRE,3620.0288939999155,5,False,1,,36.28798400131927
fire_videos,1,detectium_fire/fire/12265981_1920_1080_50fps.mp4,40,15,256,793,1,0.7082464694976807,36.253274000046076,1,REAL_FIRE,2819.3772939994233,5,False,1,,36.253274000046076
fire_videos,1,detectium_fire/fire/12265981_1920_1080_50fps.mp4,40,16,275,794,0,0.0,19.77597900076944,1,REAL_FIRE,2535.0435750006,5,False,0,,19.77597900076944
fire_videos,1,detectium_fire/fire/12265981_1920_1080_50fps.mp4,40,17,293,795,1,0.32168686389923096,35.48724499887612,1,REAL_FIRE,2551.9282309996925,5,True,1,REAL_FIRE,3288.4663039985753
fire_videos,1,detectium_fire/fire/12265981_1920_1080_50fps.mp4,40,18,311,796,0,0.0,37.11819300042407,1,REAL_FIRE,3090.9437340014847,5,False,0,,37.11819300042407
fire_videos,1,detectium_fire/fire/12265981_1920_1080_50fps.mp4,40,19,330,797,0,0.0,36.04487399934442,1,REAL_FIRE,3359.0368120003404,5,False,0,,36.04487399934442
fire_videos,1,detectium_fire/fire/12265981_1920_1080_50fps.mp4,40,20,348,798,0,0.0,51.40886200024397,0,NO_REAL_FIRE,2909.265250000317,5,False,0,,51.40886200024397
fire_videos,1,detectium_fire/fire/12265983_1920_1080_50fps.mp4,41,1,0,799,1,0.28557971119880676,21.233045001281425,1,REAL_FIRE,2550.8414750001975,5,False,1,,21.233045001281425
fire_videos,1,detectium_fire/fire/12265983_1920_1080_50fps.mp4,41,2,11,800,0,0.0,18.84079999945243,1,REAL_FIRE,3228.4020349998173,5,True,1,REAL_FIRE,2743.8551830000506
fire_videos,1,detectium_fire/fire/12265983_1920_1080_50fps.mp4,41,3,22,801,1,0.33769628405570984,18.18161200026225,1,REAL_FIRE,3035.9534439994604,5,False,1,,18.18161200026225
fire_videos,1,detectium_fire/fire/12265983_1920_1080_50fps.mp4,41,4,34,802,1,0.3323788642883301,25.58119599962083,1,REAL_FIRE,3075.7579629989777,5,False,1,,25.58119599962083
fire_videos,1,detectium_fire/fire/12265983_1920_1080_50fps.mp4,41,5,45,803,1,0.577851414680481,35.05634700013616,1,REAL_FIRE,2887.1273910008313,5,False,1,,35.05634700013616
fire_videos,1,detectium_fire/fire/12265983_1920_1080_50fps.mp4,41,6,56,804,1,0.5616843104362488,34.879446000559255,1,REAL_FIRE,3551.4152919986373,5,False,1,,34.879446000559255
fire_videos,1,detectium_fire/fire/12265983_1920_1080_50fps.mp4,41,7,67,805,0,0.0,36.03575399938563,1,REAL_FIRE,2960.0971729996672,5,True,1,REAL_FIRE,2883.7942549998843
fire_videos,1,detectium_fire/fire/12265983_1920_1080_50fps.mp4,41,8,78,806,1,0.46630823612213135,52.355140000145184,1,REAL_FIRE,2913.0582859997958,5,False,1,,52.355140000145184
fire_videos,1,detectium_fire/fire/12265983_1920_1080_50fps.mp4,41,9,90,807,1,0.6903485059738159,36.32223399836221,0,NO_REAL_FIRE,3119.670247000613,5,False,1,,36.32223399836221
fire_videos,1,detectium_fire/fire/12265983_1920_1080_50fps.mp4,41,10,101,808,1,0.26130184531211853,52.830179998636595,0,NO_REAL_FIRE,3263.1965600012336,5,False,1,,52.830179998636595
fire_videos,1,detectium_fire/fire/12265983_1920_1080_50fps.mp4,41,11,112,809,1,0.5010817050933838,47.31113100024231,1,REAL_FIRE,3213.667656000325,5,False,1,,47.31113100024231
fire_videos,1,detectium_fire/fire/12265983_1920_1080_50fps.mp4,41,12,123,810,0,0.0,36.28793399911956,1,REAL_FIRE,3166.6289669992693,5,True,1,REAL_FIRE,3312.251084998934
fire_videos,1,detectium_fire/fire/12265983_1920_1080_50fps.mp4,41,13,135,811,0,0.0,36.23107400017034,1,REAL_FIRE,2774.484769999617,5,False,0,,36.23107400017034
fire_videos,1,detectium_fire/fire/12265983_1920_1080_50fps.mp4,41,14,146,812,1,0.32266363501548767,36.286423999627004,1,REAL_FIRE,3065.926205001233,5,False,1,,36.286423999627004
fire_videos,1,detectium_fire/fire/12265983_1920_1080_50fps.mp4,41,15,157,813,1,0.4078030288219452,36.315964000095846,1,REAL_FIRE,2943.6998319997656,5,False,1,,36.315964000095846
fire_videos,1,detectium_fire/fire/12265983_1920_1080_50fps.mp4,41,16,168,814,1,0.5250451564788818,36.35481399942364,1,REAL_FIRE,2815.98539100014,5,False,1,,36.35481399942364
fire_videos,1,detectium_fire/fire/12265983_1920_1080_50fps.mp4,41,17,179,815,1,0.46772852540016174,41.84454300047946,1,REAL_FIRE,3178.96848700002,5,True,1,REAL_FIRE,2920.470027000192
fire_videos,1,detectium_fire/fire/12265983_1920_1080_50fps.mp4,41,18,191,816,1,0.3001324236392975,37.04565299995011,1,REAL_FIRE,3011.072031000367,5,False,1,,37.04565299995011
fire_videos,1,detectium_fire/fire/12265983_1920_1080_50fps.mp4,41,19,202,817,1,0.49597418308258057,36.294554000050994,1,REAL_FIRE,2616.9931330005056,5,False,1,,36.294554000050994
fire_videos,1,detectium_fire/fire/12265983_1920_1080_50fps.mp4,41,20,213,818,1,0.5723386406898499,17.902212999615585,1,REAL_FIRE,3045.280524000191,5,False,1,,17.902212999615585
fire_videos,1,detectium_fire/fire/12266003_1920_1080_50fps.mp4,42,1,0,819,1,0.40850430727005005,16.48991599904548,1,REAL_FIRE,4036.0943949999637,5,False,1,,16.48991599904548
fire_videos,1,detectium_fire/fire/12266003_1920_1080_50fps.mp4,42,2,30,820,1,0.484556645154953,45.335196000451106,1,REAL_FIRE,3169.755430000805,5,True,0,NO_REAL_FIRE,3096.2762359995395
fire_videos,1,detectium_fire/fire/12266003_1920_1080_50fps.mp4,42,3,60,821,0,0.0,36.251985000490095,1,REAL_FIRE,2690.075741998953,5,False,0,,36.251985000490095
fire_videos,1,detectium_fire/fire/12266003_1920_1080_50fps.mp4,42,4,89,822,0,0.0,37.6544520004245,1,REAL_FIRE,3160.1619470002333,5,False,0,,37.6544520004245
fire_videos,1,detectium_fire/fire/12266003_1920_1080_50fps.mp4,42,5,119,823,1,0.3637799620628357,37.61690200008161,1,REAL_FIRE,3698.511161999704,5,False,1,,37.61690200008161
fire_videos,1,detectium_fire/fire/12266003_1920_1080_50fps.mp4,42,6,149,824,0,0.0,37.78058200077794,1,REAL_FIRE,3407.218809999904,5,False,0,,37.78058200077794
fire_videos,1,detectium_fire/fire/12266003_1920_1080_50fps.mp4,42,7,179,825,1,0.6124072670936584,38.792900000771624,1,REAL_FIRE,3314.555045000816,5,True,1,REAL_FIRE,3023.138253001889
fire_videos,1,detectium_fire/fire/12266003_1920_1080_50fps.mp4,42,8,209,826,0,0.0,52.13268199986487,0,NO_REAL_FIRE,3235.4546440001286,5,False,0,,52.13268199986487
fire_videos,1,detectium_fire/fire/12266003_1920_1080_50fps.mp4,42,9,238,827,0,0.0,37.48100299890211,0,NO_REAL_FIRE,3117.9832800007716,5,False,0,,37.48100299890211
fire_videos,1,detectium_fire/fire/12266003_1920_1080_50fps.mp4,42,10,268,828,0,0.0,35.63380600098753,1,REAL_FIRE,2758.419686999332,5,False,0,,35.63380600098753
fire_videos,1,detectium_fire/fire/12266003_1920_1080_50fps.mp4,42,11,298,829,0,0.0,33.634499999607215,0,NO_REAL_FIRE,3719.563589000245,5,False,0,,33.634499999607215
fire_videos,1,detectium_fire/fire/12266003_1920_1080_50fps.mp4,42,12,328,830,1,0.4900391101837158,36.78583399960189,1,REAL_FIRE,2848.3058250003523,5,True,1,REAL_FIRE,3036.1715979997825
fire_videos,1,detectium_fire/fire/12266003_1920_1080_50fps.mp4,42,13,357,831,0,0.0,37.030913999842596,1,REAL_FIRE,3411.8829230010306,5,False,0,,37.030913999842596
fire_videos,1,detectium_fire/fire/12266003_1920_1080_50fps.mp4,42,14,387,832,0,0.0,37.66868200000317,1,REAL_FIRE,2815.971616999377,5,False,0,,37.66868200000317
fire_videos,1,detectium_fire/fire/12266003_1920_1080_50fps.mp4,42,15,417,833,1,0.29250451922416687,42.48930199901224,1,REAL_FIRE,3115.0991409995186,5,False,1,,42.48930199901224
fire_videos,1,detectium_fire/fire/12266003_1920_1080_50fps.mp4,42,16,447,834,1,0.4047195017337799,36.446234000322875,1,REAL_FIRE,3153.29357399969,5,False,1,,36.446234000322875
fire_videos,1,detectium_fire/fire/12266003_1920_1080_50fps.mp4,42,17,477,835,0,0.0,52.22194199996011,1,REAL_FIRE,2712.735106000764,5,True,1,REAL_FIRE,2917.9980249991786
fire_videos,1,detectium_fire/fire/12266003_1920_1080_50fps.mp4,42,18,506,836,0,0.0,50.212676000228385,1,REAL_FIRE,2932.466756001304,5,False,0,,50.212676000228385
fire_videos,1,detectium_fire/fire/12266003_1920_1080_50fps.mp4,42,19,536,837,0,0.0,32.91880200049491,0,NO_REAL_FIRE,3362.5622109993856,5,False,0,,32.91880200049491
fire_videos,1,detectium_fire/fire/12266003_1920_1080_50fps.mp4,42,20,566,838,0,0.0,16.702055001587723,1,REAL_FIRE,3147.7295360000426,5,False,0,,16.702055001587723
fire_videos,1,detectium_fire/fire/12266026_1920_1080_50fps.mp4,43,1,0,839,0,0.0,31.731563998619094,0,NO_REAL_FIRE,4292.647107999073,5,False,0,,31.731563998619094
fire_videos,1,detectium_fire/fire/12266026_1920_1080_50fps.mp4,43,2,22,840,0,0.0,16.5056950008875,1,REAL_FIRE,2723.9351050011464,5,True,1,REAL_FIRE,2817.6687020004465
fire_videos,1,detectium_fire/fire/12266026_1920_1080_50fps.mp4,43,3,44,841,1,0.5827601552009583,37.23483300018415,1,REAL_FIRE,3239.0786670002853,5,False,1,,37.23483300018415
fire_videos,1,detectium_fire/fire/12266026_1920_1080_50fps.mp4,43,4,66,842,1,0.43566256761550903,26.188875999650918,1,REAL_FIRE,2838.276644000871,5,False,1,,26.188875999650918
fire_videos,1,detectium_fire/fire/12266026_1920_1080_50fps.mp4,43,5,88,843,1,0.37777164578437805,37.743802000477444,1,REAL_FIRE,2893.5542319995875,5,False,1,,37.743802000477444
fire_videos,1,detectium_fire/fire/12266026_1920_1080_50fps.mp4,43,6,110,844,0,0.0,37.59468299904256,1,REAL_FIRE,2810.5291049996595,5,False,0,,37.59468299904256
fire_videos,1,detectium_fire/fire/12266026_1920_1080_50fps.mp4,43,7,132,845,1,0.4431861639022827,37.573352999970666,1,REAL_FIRE,3101.6483170005813,5,True,1,REAL_FIRE,3187.117923000187
fire_videos,1,detectium_fire/fire/12266026_1920_1080_50fps.mp4,43,8,154,846,1,0.36631840467453003,37.62194199953228,1,REAL_FIRE,3067.0237230006023,5,False,1,,37.62194199953228
fire_videos,1,detectium_fire/fire/12266026_1920_1080_50fps.mp4,43,9,176,847,0,0.0,49.25672900026257,1,REAL_FIRE,3376.5336079995905,5,False,0,,49.25672900026257
fire_videos,1,detectium_fire/fire/12266026_1920_1080_50fps.mp4,43,10,198,848,0,0.0,49.60216799918271,1,REAL_FIRE,2791.5026220016443,5,False,0,,49.60216799918271
fire_videos,1,detectium_fire/fire/12266026_1920_1080_50fps.mp4,43,11,219,849,0,0.0,37.6659319990722,1,REAL_FIRE,3343.4441999997944,5,False,0,,37.6659319990722
fire_videos,1,detectium_fire/fire/12266026_1920_1080_50fps.mp4,43,12,241,850,1,0.5339648127555847,37.167013000726,1,REAL_FIRE,3392.6885220007534,5,True,1,REAL_FIRE,3017.2578240017174
fire_videos,1,detectium_fire/fire/12266026_1920_1080_50fps.mp4,43,13,263,851,1,0.34360429644584656,45.17445700003009,1,REAL_FIRE,3217.2240460004105,5,False,1,,45.17445700003009
fire_videos,1,detectium_fire/fire/12266026_1920_1080_50fps.mp4,43,14,285,852,0,0.0,21.91642499929003,1,REAL_FIRE,3266.5528769994125,5,False,0,,21.91642499929003
fire_videos,1,detectium_fire/fire/12266026_1920_1080_50fps.mp4,43,15,307,853,0,0.0,36.11839599943778,1,REAL_FIRE,2916.84839699883,5,False,0,,36.11839599943778
fire_videos,1,detectium_fire/fire/12266026_1920_1080_50fps.mp4,43,16,329,854,1,0.34150001406669617,36.28158500032441,1,REAL_FIRE,2685.7779619986104,5,False,1,,36.28158500032441
fire_videos,1,detectium_fire/fire/12266026_1920_1080_50fps.mp4,43,17,351,855,0,0.0,36.141165999652,1,REAL_FIRE,2735.5486109991034,5,True,1,REAL_FIRE,3157.4435780003114
fire_videos,1,detectium_fire/fire/12266026_1920_1080_50fps.mp4,43,18,373,856,0,0.0,36.08247599913739,1,REAL_FIRE,2805.0599319994944,5,False,0,,36.08247599913739
fire_videos,1,detectium_fire/fire/12266026_1920_1080_50fps.mp4,43,19,395,857,0,0.0,36.12535600041156,1,REAL_FIRE,2416.7410589998326,5,False,0,,36.12535600041156
fire_videos,1,detectium_fire/fire/12266026_1920_1080_50fps.mp4,43,20,417,858,0,0.0,37.11701499923947,1,REAL_FIRE,2932.248213999628,5,False,0,,37.11701499923947
fire_videos,1,detectium_fire/fire/12266932_1080_1920_60fps.mp4,44,1,0,859,1,0.8628438115119934,17.700682999929995,1,REAL_FIRE,2536.1545169998863,5,False,1,,17.700682999929995
fire_videos,1,detectium_fire/fire/12266932_1080_1920_60fps.mp4,44,2,40,860,1,0.8452221751213074,36.40968500076269,1,REAL_FIRE,3252.8227110014996,5,True,1,REAL_FIRE,3289.8246370004927
fire_videos,1,detectium_fire/fire/12266932_1080_1920_60fps.mp4,44,3,80,861,1,0.8814364671707153,48.716360000980785,1,REAL_FIRE,3126.7836530005297,5,False,1,,48.716360000980785
fire_videos,1,detectium_fire/fire/12266932_1080_1920_60fps.mp4,44,4,120,862,1,0.8442448973655701,36.1407260006672,1,REAL_FIRE,3738.362182999481,5,False,1,,36.1407260006672
fire_videos,1,detectium_fire/fire/12266932_1080_1920_60fps.mp4,44,5,159,863,1,0.8204206824302673,36.24011600004451,1,REAL_FIRE,2931.6286749999563,5,False,1,,36.24011600004451
fire_videos,1,detectium_fire/fire/12266932_1080_1920_60fps.mp4,44,6,199,864,1,0.8331577777862549,22.95991299979505,1,REAL_FIRE,3218.9351900015026,5,False,1,,22.95991299979505
fire_videos,1,detectium_fire/fire/12266932_1080_1920_60fps.mp4,44,7,239,865,1,0.8512303829193115,52.29273300028581,1,REAL_FIRE,3113.6825470002805,5,True,1,REAL_FIRE,2769.3219410011807
fire_videos,1,detectium_fire/fire/12266932_1080_1920_60fps.mp4,44,8,279,866,1,0.8252428770065308,20.278498001061962,1,REAL_FIRE,3369.1338379994704,5,False,1,,20.278498001061962
fire_videos,1,detectium_fire/fire/12266932_1080_1920_60fps.mp4,44,9,319,867,1,0.8243488669395447,17.787983999369317,1,REAL_FIRE,3540.6516790008027,5,False,1,,17.787983999369317
fire_videos,1,detectium_fire/fire/12266932_1080_1920_60fps.mp4,44,10,359,868,1,0.8771602511405945,18.861091999497148,1,REAL_FIRE,3683.4859409991623,5,False,1,,18.861091999497148
fire_videos,1,detectium_fire/fire/12266932_1080_1920_60fps.mp4,44,11,398,869,1,0.8738101720809937,36.30964500007394,1,REAL_FIRE,3267.8617410001607,5,False,1,,36.30964500007394
fire_videos,1,detectium_fire/fire/12266932_1080_1920_60fps.mp4,44,12,438,870,1,0.8865479230880737,52.11230299937597,1,REAL_FIRE,2796.410385000854,5,True,1,REAL_FIRE,3626.567631999933
fire_videos,1,detectium_fire/fire/12266932_1080_1920_60fps.mp4,44,13,478,871,1,0.8505111932754517,40.286617000674596,1,REAL_FIRE,2963.1400580001355,5,False,1,,40.286617000674596
fire_videos,1,detectium_fire/fire/12266932_1080_1920_60fps.mp4,44,14,518,872,1,0.8507362008094788,16.486836999320076,1,REAL_FIRE,3096.7961860005744,5,False,1,,16.486836999320076
fire_videos,1,detectium_fire/fire/12266932_1080_1920_60fps.mp4,44,15,558,873,1,0.652988612651825,40.3975770004763,1,REAL_FIRE,3362.5999969990517,5,False,1,,40.3975770004763
fire_videos,1,detectium_fire/fire/12266932_1080_1920_60fps.mp4,44,16,598,874,1,0.8437838554382324,37.10072399917408,1,REAL_FIRE,2677.896883000358,5,False,1,,37.10072399917408
fire_videos,1,detectium_fire/fire/12266932_1080_1920_60fps.mp4,44,17,637,875,1,0.8577887415885925,36.217097000189824,1,REAL_FIRE,3425.6775909998396,5,True,1,REAL_FIRE,3139.4779160000326
fire_videos,1,detectium_fire/fire/12266932_1080_1920_60fps.mp4,44,18,677,876,1,0.8322579860687256,36.218675999407424,1,REAL_FIRE,3161.539181999615,5,False,1,,36.218675999407424
fire_videos,1,detectium_fire/fire/12266932_1080_1920_60fps.mp4,44,19,717,877,1,0.7932651042938232,36.861065000266535,1,REAL_FIRE,3075.2583800003777,5,False,1,,36.861065000266535
fire_videos,1,detectium_fire/fire/12266932_1080_1920_60fps.mp4,44,20,757,878,1,0.848863959312439,36.263225998482085,1,REAL_FIRE,2636.6068240004097,5,False,1,,36.263225998482085
fire_videos,1,detectium_fire/fire/12267411_1920_1080_25fps.mp4,45,1,0,879,1,0.6931827664375305,22.230804999708198,1,REAL_FIRE,3404.442762999679,5,False,1,,22.230804999708198
fire_videos,1,detectium_fire/fire/12267411_1920_1080_25fps.mp4,45,2,20,880,1,0.6275522708892822,16.472567000164418,1,REAL_FIRE,2778.385348001393,5,True,1,REAL_FIRE,2599.29686400028
fire_videos,1,detectium_fire/fire/12267411_1920_1080_25fps.mp4,45,3,40,881,1,0.6669754981994629,46.988244001113344,1,REAL_FIRE,3403.7192790001427,5,False,1,,46.988244001113344
fire_videos,1,detectium_fire/fire/12267411_1920_1080_25fps.mp4,45,4,60,882,1,0.7737364768981934,37.13227399930474,1,REAL_FIRE,3209.783395001068,5,False,1,,37.13227399930474
fire_videos,1,detectium_fire/fire/12267411_1920_1080_25fps.mp4,45,5,80,883,1,0.7366008758544922,36.622376001105295,1,REAL_FIRE,3248.6800469996524,5,False,1,,36.622376001105295
fire_videos,1,detectium_fire/fire/12267411_1920_1080_25fps.mp4,45,6,101,884,1,0.6669713258743286,36.32188700066763,1,REAL_FIRE,2925.1562360004755,5,False,1,,36.32188700066763
fire_videos,1,detectium_fire/fire/12267411_1920_1080_25fps.mp4,45,7,121,885,1,0.3756195604801178,36.32381599891232,1,REAL_FIRE,3455.890969999018,5,True,1,REAL_FIRE,3096.264211999369
fire_videos,1,detectium_fire/fire/12267411_1920_1080_25fps.mp4,45,8,141,886,0,0.0,36.33245700075349,1,REAL_FIRE,4180.174003000502,5,False,0,,36.33245700075349
fire_videos,1,detectium_fire/fire/12267411_1920_1080_25fps.mp4,45,9,161,887,1,0.7595921754837036,37.78835299999628,1,REAL_FIRE,2583.316065998588,5,False,1,,37.78835299999628
fire_videos,1,detectium_fire/fire/12267411_1920_1080_25fps.mp4,45,10,181,888,1,0.5084744095802307,36.37268599959498,1,REAL_FIRE,2480.406706001304,5,False,1,,36.37268599959498
fire_videos,1,detectium_fire/fire/12267411_1920_1080_25fps.mp4,45,11,201,889,1,0.7589459419250488,36.22946600080468,1,REAL_FIRE,3315.1894039983745,5,False,1,,36.22946600080468
fire_videos,1,detectium_fire/fire/12267411_1920_1080_25fps.mp4,45,12,221,890,1,0.3807235360145569,36.33066700058407,1,REAL_FIRE,2845.76339799969,5,True,1,REAL_FIRE,3757.6962290004303
fire_videos,1,detectium_fire/fire/12267411_1920_1080_25fps.mp4,45,13,241,891,1,0.7353869676589966,51.88567499862984,1,REAL_FIRE,3391.411212998719,5,False,1,,51.88567499862984
fire_videos,1,detectium_fire/fire/12267411_1920_1080_25fps.mp4,45,14,261,892,1,0.47812503576278687,26.383337000879692,1,REAL_FIRE,3275.513590000628,5,False,1,,26.383337000879692
fire_videos,1,detectium_fire/fire/12267411_1920_1080_25fps.mp4,45,15,281,893,1,0.585686206817627,33.76932200080773,1,REAL_FIRE,3300.3824910010735,5,False,1,,33.76932200080773
fire_videos,1,detectium_fire/fire/12267411_1920_1080_25fps.mp4,45,16,302,894,1,0.42784884572029114,37.682254000174,1,REAL_FIRE,3546.618184998806,5,False,1,,37.682254000174
fire_videos,1,detectium_fire/fire/12267411_1920_1080_25fps.mp4,45,17,322,895,1,0.37564897537231445,40.83690700099396,1,REAL_FIRE,2451.790113998868,5,True,1,REAL_FIRE,2940.980073000901
fire_videos,1,detectium_fire/fire/12267411_1920_1080_25fps.mp4,45,18,342,896,1,0.569206714630127,52.8838629998063,1,REAL_FIRE,3258.3196830000816,5,False,1,,52.8838629998063
fire_videos,1,detectium_fire/fire/12267411_1920_1080_25fps.mp4,45,19,362,897,1,0.4659426510334015,50.163489000624395,1,REAL_FIRE,2999.65299699943,5,False,1,,50.163489000624395
fire_videos,1,detectium_fire/fire/12267411_1920_1080_25fps.mp4,45,20,382,898,1,0.535206139087677,37.713433001044905,1,REAL_FIRE,3004.7076890004973,5,False,1,,37.713433001044905
fire_videos,1,detectium_fire/fire/12283035_2160_3840_30fps.mp4,46,1,0,899,0,0.0,76.32503599961638,1,REAL_FIRE,2993.362123001134,5,False,0,,76.32503599961638
fire_videos,1,detectium_fire/fire/12283035_2160_3840_30fps.mp4,46,2,16,900,0,0.0,83.42327200080035,1,REAL_FIRE,2790.4207239989773,5,True,1,REAL_FIRE,2961.145391000173
fire_videos,1,detectium_fire/fire/12283035_2160_3840_30fps.mp4,46,3,32,901,0,0.0,77.11839600051462,1,REAL_FIRE,3146.2894619999133,5,False,0,,77.11839600051462
fire_videos,1,detectium_fire/fire/12283035_2160_3840_30fps.mp4,46,4,48,902,0,0.0,61.77137000122457,1,REAL_FIRE,3029.676857000595,5,False,0,,61.77137000122457
fire_videos,1,detectium_fire/fire/12283035_2160_3840_30fps.mp4,46,5,64,903,0,0.0,73.5021130003588,1,REAL_FIRE,2936.461223000151,5,False,0,,73.5021130003588
fire_videos,1,detectium_fire/fire/12283035_2160_3840_30fps.mp4,46,6,80,904,0,0.0,67.91826500011666,1,REAL_FIRE,2829.728468999747,5,False,0,,67.91826500011666
fire_videos,1,detectium_fire/fire/12283035_2160_3840_30fps.mp4,46,7,96,905,0,0.0,73.66513000124542,1,REAL_FIRE,3070.0011209992226,5,True,1,REAL_FIRE,3062.058657002126
fire_videos,1,detectium_fire/fire/12283035_2160_3840_30fps.mp4,46,8,112,906,1,0.3082221746444702,73.67290799993498,1,REAL_FIRE,2753.020263000508,5,False,1,,73.67290799993498
fire_videos,1,detectium_fire/fire/12283035_2160_3840_30fps.mp4,46,9,128,907,0,0.0,62.715444999412284,1,REAL_FIRE,2639.664932999949,5,False,0,,62.715444999412284
fire_videos,1,detectium_fire/fire/12283035_2160_3840_30fps.mp4,46,10,144,908,0,0.0,69.0365099999326,1,REAL_FIRE,2756.8718929996976,5,False,0,,69.0365099999326
fire_videos,1,detectium_fire/fire/12283035_2160_3840_30fps.mp4,46,11,160,909,1,0.5020425319671631,64.64717500057304,1,REAL_FIRE,3040.109581001161,5,False,1,,64.64717500057304
fire_videos,1,detectium_fire/fire/12283035_2160_3840_30fps.mp4,46,12,176,910,1,0.6810725927352905,66.22690499898454,1,REAL_FIRE,2900.022761999935,5,True,1,REAL_FIRE,2932.6359529986803
fire_videos,1,detectium_fire/fire/12283035_2160_3840_30fps.mp4,46,13,192,911,0,0.0,55.45036299918138,1,REAL_FIRE,2744.3792459998804,5,False,0,,55.45036299918138
fire_videos,1,detectium_fire/fire/12283035_2160_3840_30fps.mp4,46,14,208,912,0,0.0,54.529981998712174,1,REAL_FIRE,2968.9607019990945,5,False,0,,54.529981998712174
fire_videos,1,detectium_fire/fire/12283035_2160_3840_30fps.mp4,46,15,224,913,1,0.6319965124130249,55.11401100011426,1,REAL_FIRE,3059.067494001283,5,False,1,,55.11401100011426
fire_videos,1,detectium_fire/fire/12283035_2160_3840_30fps.mp4,46,16,240,914,0,0.0,88.58775100088678,1,REAL_FIRE,3328.7950020003336,5,False,0,,88.58775100088678
fire_videos,1,detectium_fire/fire/12283035_2160_3840_30fps.mp4,46,17,256,915,1,0.6836431622505188,73.92652599992289,1,REAL_FIRE,2918.724580998969,5,True,1,REAL_FIRE,2945.9265870009403
fire_videos,1,detectium_fire/fire/12283035_2160_3840_30fps.mp4,46,18,272,916,0,0.0,56.59005899906333,1,REAL_FIRE,2768.6660030012717,5,False,0,,56.59005899906333
fire_videos,1,detectium_fire/fire/12283035_2160_3840_30fps.mp4,46,19,288,917,1,0.5702617764472961,64.08585399913136,1,REAL_FIRE,3177.9372179989878,5,False,1,,64.08585399913136
fire_videos,1,detectium_fire/fire/12283035_2160_3840_30fps.mp4,46,20,304,918,0,0.0,73.86565099841391,1,REAL_FIRE,3072.025121999104,5,False,0,,73.86565099841391
fire_videos,1,detectium_fire/fire/12299000_1920_1080_60fps.mp4,47,1,0,919,0,0.0,25.16081099929579,1,REAL_FIRE,2430.9224209991953,5,False,0,,25.16081099929579
fire_videos,1,detectium_fire/fire/12299000_1920_1080_60fps.mp4,47,2,41,920,0,0.0,37.22286999982316,1,REAL_FIRE,2898.9954449989455,5,True,1,REAL_FIRE,2883.4414569992077
fire_videos,1,detectium_fire/fire/12299000_1920_1080_60fps.mp4,47,3,82,921,1,0.31147369742393494,49.22785800044949,1,REAL_FIRE,3401.369055000032,5,False,1,,49.22785800044949
fire_videos,1,detectium_fire/fire/12299000_1920_1080_60fps.mp4,47,4,123,922,1,0.30388498306274414,37.58693900090293,1,REAL_FIRE,2685.2441119990544,5,False,1,,37.58693900090293
fire_videos,1,detectium_fire/fire/12299000_1920_1080_60fps.mp4,47,5,164,923,1,0.393943190574646,30.963113998950575,1,REAL_FIRE,3015.651212999728,5,False,1,,30.963113998950575
fire_videos,1,detectium_fire/fire/12299000_1920_1080_60fps.mp4,47,6,205,924,1,0.6835802793502808,36.06186600154615,1,REAL_FIRE,2464.0607290002663,5,False,1,,36.06186600154615
fire_videos,1,detectium_fire/fire/12299000_1920_1080_60fps.mp4,47,7,246,925,1,0.27817147970199585,36.6632169989316,1,REAL_FIRE,2923.040597999716,5,True,1,REAL_FIRE,3210.003524998683
fire_videos,1,detectium_fire/fire/12299000_1920_1080_60fps.mp4,47,8,287,926,1,0.48208940029144287,36.57608600042295,1,REAL_FIRE,3076.9868659990607,5,False,1,,36.57608600042295
fire_videos,1,detectium_fire/fire/12299000_1920_1080_60fps.mp4,47,9,328,927,1,0.3262784481048584,36.15856500073278,1,REAL_FIRE,2762.3987219994888,5,False,1,,36.15856500073278
fire_videos,1,detectium_fire/fire/12299000_1920_1080_60fps.mp4,47,10,369,928,1,0.45178526639938354,36.17195400147466,1,REAL_FIRE,2729.7392670006957,5,False,1,,36.17195400147466
fire_videos,1,detectium_fire/fire/12299000_1920_1080_60fps.mp4,47,11,410,929,1,0.7327849268913269,36.290493999331375,1,REAL_FIRE,2493.687307998698,5,False,1,,36.290493999331375
fire_videos,1,detectium_fire/fire/12299000_1920_1080_60fps.mp4,47,12,451,930,1,0.7430296540260315,49.19300100118562,1,REAL_FIRE,2807.0613399995636,5,True,1,REAL_FIRE,3178.364171000794
fire_videos,1,detectium_fire/fire/12299000_1920_1080_60fps.mp4,47,13,492,931,1,0.5686627626419067,38.539443999979994,1,REAL_FIRE,2996.091383998646,5,False,1,,38.539443999979994
fire_videos,1,detectium_fire/fire/12299000_1920_1080_60fps.mp4,47,14,533,932,1,0.6244518756866455,26.424687001053826,1,REAL_FIRE,3184.1512190003414,5,False,1,,26.424687001053826
fire_videos,1,detectium_fire/fire/12299000_1920_1080_60fps.mp4,47,15,574,933,1,0.4664633274078369,36.72381199976371,1,REAL_FIRE,2716.3570819993765,5,False,1,,36.72381199976371
fire_videos,1,detectium_fire/fire/12299000_1920_1080_60fps.mp4,47,16,615,934,1,0.40779948234558105,38.33919200042146,1,REAL_FIRE,2908.271590998993,5,False,1,,38.33919200042146
fire_videos,1,detectium_fire/fire/12299000_1920_1080_60fps.mp4,47,17,656,935,1,0.5722154974937439,44.702426001094864,1,REAL_FIRE,3245.183762999659,5,True,1,REAL_FIRE,2778.8785560005635
fire_videos,1,detectium_fire/fire/12299000_1920_1080_60fps.mp4,47,18,697,936,1,0.7288198471069336,21.825740999702248,1,REAL_FIRE,2656.7787659987516,5,False,1,,21.825740999702248
fire_videos,1,detectium_fire/fire/12299000_1920_1080_60fps.mp4,47,19,738,937,1,0.7017487287521362,21.0864920009044,1,REAL_FIRE,2847.63615600059,5,False,1,,21.0864920009044
fire_videos,1,detectium_fire/fire/12299000_1920_1080_60fps.mp4,47,20,779,938,1,0.38630732893943787,37.591458998576854,1,REAL_FIRE,3043.997494998621,5,False,1,,37.591458998576854
fire_videos,1,detectium_fire/fire/12358044_3840_2160_30fps.mp4,48,1,0,939,1,0.7506381273269653,73.64157799929671,1,REAL_FIRE,2865.7702849995985,5,False,1,,73.64157799929671
fire_videos,1,detectium_fire/fire/12358044_3840_2160_30fps.mp4,48,2,33,940,1,0.6711851358413696,61.869581000792095,1,REAL_FIRE,2767.372472999341,5,True,1,REAL_FIRE,2998.8349660015956
fire_videos,1,detectium_fire/fire/12358044_3840_2160_30fps.mp4,48,3,67,941,1,0.661066472530365,98.17987700080266,1,REAL_FIRE,2850.2551459987444,5,False,1,,98.17987700080266
fire_videos,1,detectium_fire/fire/12358044_3840_2160_30fps.mp4,48,4,100,942,1,0.7171367406845093,60.49326900028973,1,REAL_FIRE,2771.5963349983213,5,False,1,,60.49326900028973
fire_videos,1,detectium_fire/fire/12358044_3840_2160_30fps.mp4,48,5,134,943,1,0.7565211653709412,74.45376400028181,1,REAL_FIRE,2796.1798919986904,5,False,1,,74.45376400028181
fire_videos,1,detectium_fire/fire/12358044_3840_2160_30fps.mp4,48,6,167,944,1,0.7402957081794739,85.69340799840575,1,REAL_FIRE,2745.8702549993177,5,False,1,,85.69340799840575
fire_videos,1,detectium_fire/fire/12358044_3840_2160_30fps.mp4,48,7,201,945,1,0.6928703188896179,67.98752900067484,1,REAL_FIRE,2671.9321780001337,5,True,1,REAL_FIRE,3077.4601490011264
fire_videos,1,detectium_fire/fire/12358044_3840_2160_30fps.mp4,48,8,234,946,1,0.7768753170967102,79.89746200109948,1,REAL_FIRE,3203.7169539999013,5,False,1,,79.89746200109948
fire_videos,1,detectium_fire/fire/12358044_3840_2160_30fps.mp4,48,9,267,947,1,0.5986795425415039,77.30208099928859,1,REAL_FIRE,3133.7858269998833,5,False,1,,77.30208099928859
fire_videos,1,detectium_fire/fire/12358044_3840_2160_30fps.mp4,48,10,301,948,1,0.7138776779174805,69.54520600083924,1,REAL_FIRE,2521.8281329998717,5,False,1,,69.54520600083924
fire_videos,1,detectium_fire/fire/12358044_3840_2160_30fps.mp4,48,11,334,949,1,0.6652159094810486,65.9137250004278,1,REAL_FIRE,2986.168143001123,5,False,1,,65.9137250004278
fire_videos,1,detectium_fire/fire/12358044_3840_2160_30fps.mp4,48,12,368,950,1,0.7413038611412048,74.35942699885345,1,REAL_FIRE,2799.778441001763,5,True,1,REAL_FIRE,3109.7183799993218
fire_videos,1,detectium_fire/fire/12358044_3840_2160_30fps.mp4,48,13,401,951,1,0.7673860192298889,71.57220400040387,1,REAL_FIRE,2929.79263000052,5,False,1,,71.57220400040387
fire_videos,1,detectium_fire/fire/12358044_3840_2160_30fps.mp4,48,14,434,952,1,0.6861058473587036,65.20013100089272,1,REAL_FIRE,2726.4061289988604,5,False,1,,65.20013100089272
fire_videos,1,detectium_fire/fire/12358044_3840_2160_30fps.mp4,48,15,468,953,1,0.6354238390922546,66.18874999912805,1,REAL_FIRE,2666.1386489995493,5,False,1,,66.18874999912805
fire_videos,1,detectium_fire/fire/12358044_3840_2160_30fps.mp4,48,16,501,954,1,0.668328583240509,58.11355699916021,1,REAL_FIRE,2755.614781000986,5,False,1,,58.11355699916021
fire_videos,1,detectium_fire/fire/12358044_3840_2160_30fps.mp4,48,17,535,955,1,0.6870196461677551,72.37394000003405,1,REAL_FIRE,3115.0776430004044,5,True,1,REAL_FIRE,3064.9970960002975
fire_videos,1,detectium_fire/fire/12358044_3840_2160_30fps.mp4,48,18,568,956,1,0.5625337362289429,89.09553400008008,1,REAL_FIRE,3153.7273729991284,5,False,1,,89.09553400008008
fire_videos,1,detectium_fire/fire/12358044_3840_2160_30fps.mp4,48,19,602,957,1,0.7282270789146423,66.0333569994691,1,REAL_FIRE,2786.1631760006276,5,False,1,,66.0333569994691
fire_videos,1,detectium_fire/fire/12358044_3840_2160_30fps.mp4,48,20,635,958,1,0.7731664180755615,68.18604699947173,1,REAL_FIRE,2943.4043420005764,5,False,1,,68.18604699947173
fire_videos,1,detectium_fire/fire/12358893_1080_1920_30fps.mp4,49,1,0,959,0,0.0,33.33078700052283,1,REAL_FIRE,2410.252865000075,5,False,0,,33.33078700052283
fire_videos,1,detectium_fire/fire/12358893_1080_1920_30fps.mp4,49,2,17,960,1,0.4345584213733673,35.734427998249885,1,REAL_FIRE,2740.6239150004694,5,True,1,REAL_FIRE,2859.8218349980016
fire_videos,1,detectium_fire/fire/12358893_1080_1920_30fps.mp4,49,3,33,961,0,0.0,51.4904209994711,1,REAL_FIRE,3213.8983250006277,5,False,0,,51.4904209994711
fire_videos,1,detectium_fire/fire/12358893_1080_1920_30fps.mp4,49,4,50,962,0,0.0,37.46262799904798,1,REAL_FIRE,3249.3401570009155,5,False,0,,37.46262799904798
fire_videos,1,detectium_fire/fire/12358893_1080_1920_30fps.mp4,49,5,67,963,1,0.3740684986114502,36.26985600021726,1,REAL_FIRE,2511.7149249999784,5,False,1,,36.26985600021726
fire_videos,1,detectium_fire/fire/12358893_1080_1920_30fps.mp4,49,6,83,964,1,0.3321521580219269,38.5333169997466,1,REAL_FIRE,2602.5096680004935,5,False,1,,38.5333169997466
fire_videos,1,detectium_fire/fire/12358893_1080_1920_30fps.mp4,49,7,100,965,1,0.5166760683059692,43.187087001570035,1,REAL_FIRE,2968.2707020001544,5,True,1,REAL_FIRE,3018.0421830027626
fire_videos,1,detectium_fire/fire/12358893_1080_1920_30fps.mp4,49,8,116,966,0,0.0,36.99823599890806,1,REAL_FIRE,2606.3474349994067,5,False,0,,36.99823599890806
fire_videos,1,detectium_fire/fire/12358893_1080_1920_30fps.mp4,49,9,133,967,1,0.3285873830318451,36.357145001602476,1,REAL_FIRE,3029.320016999918,5,False,1,,36.357145001602476
fire_videos,1,detectium_fire/fire/12358893_1080_1920_30fps.mp4,49,10,150,968,0,0.0,51.34175700004562,1,REAL_FIRE,2889.891369999532,5,False,0,,51.34175700004562
fire_videos,1,detectium_fire/fire/12358893_1080_1920_30fps.mp4,49,11,166,969,1,0.35588154196739197,49.87952599913115,1,REAL_FIRE,2890.7035530010035,5,False,1,,49.87952599913115
fire_videos,1,detectium_fire/fire/12358893_1080_1920_30fps.mp4,49,12,183,970,0,0.0,46.00558500169427,1,REAL_FIRE,2819.1745070016623,5,True,1,REAL_FIRE,3140.7570330011367
fire_videos,1,detectium_fire/fire/12358893_1080_1920_30fps.mp4,49,13,200,971,0,0.0,36.25246299998253,1,REAL_FIRE,3307.2430130014254,5,False,0,,36.25246299998253
fire_videos,1,detectium_fire/fire/12358893_1080_1920_30fps.mp4,49,14,216,972,0,0.0,36.21382300116238,1,REAL_FIRE,2612.4864510002226,5,False,0,,36.21382300116238
fire_videos,1,detectium_fire/fire/12358893_1080_1920_30fps.mp4,49,15,233,973,1,0.2851633131504059,43.25691300073231,1,REAL_FIRE,2823.2620420003514,5,False,1,,43.25691300073231
fire_videos,1,detectium_fire/fire/12358893_1080_1920_30fps.mp4,49,16,249,974,1,0.41903725266456604,36.32650199870113,1,REAL_FIRE,2539.6863509995455,5,False,1,,36.32650199870113
fire_videos,1,detectium_fire/fire/12358893_1080_1920_30fps.mp4,49,17,266,975,1,0.5370083451271057,17.36489100039762,1,REAL_FIRE,3091.8126050000865,5,True,1,REAL_FIRE,3198.09462000012
fire_videos,1,detectium_fire/fire/12358893_1080_1920_30fps.mp4,49,18,283,976,1,0.5056085586547852,35.963230999186635,1,REAL_FIRE,3002.173495000534,5,False,1,,35.963230999186635
fire_videos,1,detectium_fire/fire/12358893_1080_1920_30fps.mp4,49,19,299,977,1,0.5444818735122681,35.00341099970683,1,REAL_FIRE,2924.6895460000815,5,False,1,,35.00341099970683
fire_videos,1,detectium_fire/fire/12358893_1080_1920_30fps.mp4,49,20,316,978,1,0.5458559989929199,36.33618099956948,1,REAL_FIRE,2500.1920880004036,5,False,1,,36.33618099956948
fire_videos,1,detectium_fire/fire/12364337_3840_2160_24fps.mp4,50,1,0,979,1,0.5295708179473877,81.75737100100378,1,REAL_FIRE,2573.6841970010573,5,False,1,,81.75737100100378
fire_videos,1,detectium_fire/fire/12364337_3840_2160_24fps.mp4,50,2,35,980,1,0.4496248662471771,57.20667900095577,1,REAL_FIRE,3529.784786000164,5,True,1,REAL_FIRE,3118.107020001844
fire_videos,1,detectium_fire/fire/12364337_3840_2160_24fps.mp4,50,3,69,981,1,0.5619757771492004,62.59644800047681,1,REAL_FIRE,3460.3988689996186,5,False,1,,62.59644800047681
fire_videos,1,detectium_fire/fire/12364337_3840_2160_24fps.mp4,50,4,104,982,1,0.4710927903652191,67.55311800043273,1,REAL_FIRE,3759.075968000616,5,False,1,,67.55311800043273
fire_videos,1,detectium_fire/fire/12364337_3840_2160_24fps.mp4,50,5,139,983,1,0.46434542536735535,69.44432700038305,1,REAL_FIRE,2809.1424030008056,5,False,1,,69.44432700038305
fire_videos,1,detectium_fire/fire/12364337_3840_2160_24fps.mp4,50,6,173,984,1,0.5267654657363892,44.860318001155974,1,REAL_FIRE,2969.0356560004147,5,False,1,,44.860318001155974
fire_videos,1,detectium_fire/fire/12364337_3840_2160_24fps.mp4,50,7,208,985,1,0.5580260157585144,64.24249600058829,1,REAL_FIRE,3659.0730949992576,5,True,1,REAL_FIRE,3393.870952000725
fire_videos,1,detectium_fire/fire/12364337_3840_2160_24fps.mp4,50,8,243,986,1,0.5051549077033997,61.81226500120829,1,REAL_FIRE,3362.107115000981,5,False,1,,61.81226500120829
fire_videos,1,detectium_fire/fire/12364337_3840_2160_24fps.mp4,50,9,277,987,1,0.5039786696434021,64.03841400060628,1,REAL_FIRE,2797.448241000893,5,False,1,,64.03841400060628
fire_videos,1,detectium_fire/fire/12364337_3840_2160_24fps.mp4,50,10,312,988,1,0.4930647909641266,75.30379199852177,1,REAL_FIRE,3999.5599310004764,5,False,1,,75.30379199852177
fire_videos,1,detectium_fire/fire/12364337_3840_2160_24fps.mp4,50,11,347,989,1,0.3907906711101532,69.15206200028479,1,REAL_FIRE,2892.5043630006257,5,False,1,,69.15206200028479
fire_videos,1,detectium_fire/fire/12364337_3840_2160_24fps.mp4,50,12,382,990,1,0.5256783366203308,73.45008099946426,1,REAL_FIRE,2585.524627000268,5,True,1,REAL_FIRE,3322.5193779981055
fire_videos,1,detectium_fire/fire/12364337_3840_2160_24fps.mp4,50,13,416,991,1,0.5078109502792358,45.42158399999607,1,REAL_FIRE,3868.444530000488,5,False,1,,45.42158399999607
fire_videos,1,detectium_fire/fire/12364337_3840_2160_24fps.mp4,50,14,451,992,1,0.6518034934997559,62.42091000058281,1,REAL_FIRE,3280.1773810006125,5,False,1,,62.42091000058281
fire_videos,1,detectium_fire/fire/12364337_3840_2160_24fps.mp4,50,15,486,993,1,0.661852240562439,67.53783900057897,1,REAL_FIRE,3521.7232440008956,5,False,1,,67.53783900057897
fire_videos,1,detectium_fire/fire/12364337_3840_2160_24fps.mp4,50,16,520,994,1,0.6224629282951355,62.95858900011808,1,REAL_FIRE,2615.84653600039,5,False,1,,62.95858900011808
fire_videos,1,detectium_fire/fire/12364337_3840_2160_24fps.mp4,50,17,555,995,1,0.6357094049453735,75.39628599988646,1,REAL_FIRE,3044.510984998851,5,True,1,REAL_FIRE,3410.771819999354
fire_videos,1,detectium_fire/fire/12364337_3840_2160_24fps.mp4,50,18,590,996,1,0.5492815375328064,69.56455599902256,1,REAL_FIRE,3227.6779450003232,5,False,1,,69.56455599902256
fire_videos,1,detectium_fire/fire/12364337_3840_2160_24fps.mp4,50,19,624,997,1,0.556931734085083,62.86278599873185,1,REAL_FIRE,3840.322992000438,5,False,1,,62.86278599873185
fire_videos,1,detectium_fire/fire/12364337_3840_2160_24fps.mp4,50,20,659,998,1,0.5042320489883423,72.46549400042568,1,REAL_FIRE,3129.5201020002423,5,False,1,,72.46549400042568
fire_videos,1,detectium_fire/fire/12364450_3840_2160_24fps.mp4,51,1,0,999,1,0.5801599621772766,51.39389800024219,1,REAL_FIRE,3415.929517999757,5,False,1,,51.39389800024219
fire_videos,1,detectium_fire/fire/12364450_3840_2160_24fps.mp4,51,2,48,1000,1,0.6696313619613647,60.88935499974468,1,REAL_FIRE,2918.542798999624,5,True,1,REAL_FIRE,3413.751184998546
fire_videos,1,detectium_fire/fire/12364450_3840_2160_24fps.mp4,51,3,96,1001,1,0.3923010230064392,67.45542299904628,1,REAL_FIRE,3502.1746610000264,5,False,1,,67.45542299904628
fire_videos,1,detectium_fire/fire/12364450_3840_2160_24fps.mp4,51,4,144,1002,1,0.28704652190208435,74.08337100059725,1,REAL_FIRE,3050.975837999431,5,False,1,,74.08337100059725
fire_videos,1,detectium_fire/fire/12364450_3840_2160_24fps.mp4,51,5,192,1003,1,0.5428579449653625,66.27773199943476,1,REAL_FIRE,3123.399050000444,5,False,1,,66.27773199943476
fire_videos,1,detectium_fire/fire/12364450_3840_2160_24fps.mp4,51,6,240,1004,1,0.40642857551574707,93.43477400034317,1,REAL_FIRE,2942.302772000403,5,False,1,,93.43477400034317
fire_videos,1,detectium_fire/fire/12364450_3840_2160_24fps.mp4,51,7,288,1005,1,0.5775956511497498,53.037544999824604,1,REAL_FIRE,3747.116411001116,5,True,1,REAL_FIRE,3622.6272389994847
fire_videos,1,detectium_fire/fire/12364450_3840_2160_24fps.mp4,51,8,336,1006,1,0.5870695114135742,83.35439400070754,1,REAL_FIRE,3294.737038000676,5,False,1,,83.35439400070754
fire_videos,1,detectium_fire/fire/12364450_3840_2160_24fps.mp4,51,9,384,1007,1,0.5689153671264648,69.20637799885299,1,REAL_FIRE,3046.8580280012247,5,False,1,,69.20637799885299
fire_videos,1,detectium_fire/fire/12364450_3840_2160_24fps.mp4,51,10,432,1008,1,0.536820113658905,77.51759500024491,1,REAL_FIRE,3102.965863001373,5,False,1,,77.51759500024491
fire_videos,1,detectium_fire/fire/12364450_3840_2160_24fps.mp4,51,11,479,1009,1,0.34463566541671753,67.12862700078404,1,REAL_FIRE,3374.193864001427,5,False,1,,67.12862700078404
fire_videos,1,detectium_fire/fire/12364450_3840_2160_24fps.mp4,51,12,527,1010,1,0.40696704387664795,68.58997599920258,1,REAL_FIRE,3504.899640000076,5,True,1,REAL_FIRE,3665.6779859986273
fire_videos,1,detectium_fire/fire/12364450_3840_2160_24fps.mp4,51,13,575,1011,1,0.4230459928512573,90.10857899920666,1,REAL_FIRE,2943.8020380002854,5,False,1,,90.10857899920666
fire_videos,1,detectium_fire/fire/12364450_3840_2160_24fps.mp4,51,14,623,1012,1,0.5756108164787292,72.65925300089293,1,REAL_FIRE,3178.0327880005643,5,False,1,,72.65925300089293
fire_videos,1,detectium_fire/fire/12364450_3840_2160_24fps.mp4,51,15,671,1013,1,0.5393948554992676,76.36119199923996,1,REAL_FIRE,2573.73803000155,5,False,1,,76.36119199923996
fire_videos,1,detectium_fire/fire/12364450_3840_2160_24fps.mp4,51,16,719,1014,1,0.5904595255851746,51.30823099898407,1,REAL_FIRE,2964.8245200005476,5,False,1,,51.30823099898407
fire_videos,1,detectium_fire/fire/12364450_3840_2160_24fps.mp4,51,17,767,1015,1,0.5890260338783264,79.69687900003919,1,REAL_FIRE,3695.207313001447,5,True,1,REAL_FIRE,3267.9999860010867
fire_videos,1,detectium_fire/fire/12364450_3840_2160_24fps.mp4,51,18,815,1016,1,0.5312533378601074,62.12186599987035,1,REAL_FIRE,2617.9927379998844,5,False,1,,62.12186599987035
fire_videos,1,detectium_fire/fire/12364450_3840_2160_24fps.mp4,51,19,863,1017,1,0.578066885471344,76.26881900068838,1,REAL_FIRE,2777.8039040003932,5,False,1,,76.26881900068838
fire_videos,1,detectium_fire/fire/12364450_3840_2160_24fps.mp4,51,20,911,1018,1,0.563470721244812,84.1301949985791,1,REAL_FIRE,3769.999763000669,5,False,1,,84.1301949985791
fire_videos,1,detectium_fire/fire/12383462_1920_1080_200fps.mp4,52,1,0,1019,1,0.3690338134765625,23.13949000017601,1,REAL_FIRE,2731.314181999551,5,False,1,,23.13949000017601
fire_videos,1,detectium_fire/fire/12383462_1920_1080_200fps.mp4,52,2,66,1020,1,0.3372434973716736,35.74915399985912,1,REAL_FIRE,2576.3318139997864,5,True,1,REAL_FIRE,3153.3222159996512
fire_videos,1,detectium_fire/fire/12383462_1920_1080_200fps.mp4,52,3,132,1021,1,0.4443477690219879,46.470479999698,1,REAL_FIRE,3501.005398000416,5,False,1,,46.470479999698
fire_videos,1,detectium_fire/fire/12383462_1920_1080_200fps.mp4,52,4,198,1022,1,0.5621607899665833,36.24173400021391,1,REAL_FIRE,3047.41679000108,5,False,1,,36.24173400021391
fire_videos,1,detectium_fire/fire/12383462_1920_1080_200fps.mp4,52,5,264,1023,0,0.0,38.879452000401216,1,REAL_FIRE,2456.6144830005214,5,False,0,,38.879452000401216
fire_videos,1,detectium_fire/fire/12383462_1920_1080_200fps.mp4,52,6,330,1024,0,0.0,37.13265300029889,1,REAL_FIRE,3398.0674799986446,5,False,0,,37.13265300029889
fire_videos,1,detectium_fire/fire/12383462_1920_1080_200fps.mp4,52,7,396,1025,1,0.39829227328300476,37.70076200089534,1,REAL_FIRE,2913.3648670012917,5,True,1,REAL_FIRE,3062.2042390004935
fire_videos,1,detectium_fire/fire/12383462_1920_1080_200fps.mp4,52,8,462,1026,1,0.36933407187461853,37.7098320004734,1,REAL_FIRE,4298.753597000541,5,False,1,,37.7098320004734
fire_videos,1,detectium_fire/fire/12383462_1920_1080_200fps.mp4,52,9,528,1027,1,0.3346969783306122,16.736681998736458,1,REAL_FIRE,3010.927579000054,5,False,1,,16.736681998736458
fire_videos,1,detectium_fire/fire/12383462_1920_1080_200fps.mp4,52,10,594,1028,1,0.2883516252040863,37.37348200047563,1,REAL_FIRE,2543.111315000715,5,False,1,,37.37348200047563
fire_videos,1,detectium_fire/fire/12383462_1920_1080_200fps.mp4,52,11,659,1029,1,0.3553502857685089,37.6664619998337,1,REAL_FIRE,3233.9365829993767,5,False,1,,37.6664619998337
fire_videos,1,detectium_fire/fire/12383462_1920_1080_200fps.mp4,52,12,725,1030,0,0.0,49.56716500055336,1,REAL_FIRE,3541.5455640013533,5,True,1,REAL_FIRE,3803.3034650015907
fire_videos,1,detectium_fire/fire/12383462_1920_1080_200fps.mp4,52,13,791,1031,1,0.31884780526161194,34.904051000921754,1,REAL_FIRE,2782.946823999737,5,False,1,,34.904051000921754
fire_videos,1,detectium_fire/fire/12383462_1920_1080_200fps.mp4,52,14,857,1032,1,0.3401244282722473,37.48604100110242,1,REAL_FIRE,2776.4216430005035,5,False,1,,37.48604100110242
fire_videos,1,detectium_fire/fire/12383462_1920_1080_200fps.mp4,52,15,923,1033,0,0.0,37.509159999899566,1,REAL_FIRE,5244.0911900012,5,False,0,,37.509159999899566
fire_videos,1,detectium_fire/fire/12383462_1920_1080_200fps.mp4,52,16,989,1034,1,0.30682289600372314,52.87486199995328,1,REAL_FIRE,3131.0473480007204,5,False,1,,52.87486199995328
fire_videos,1,detectium_fire/fire/12383462_1920_1080_200fps.mp4,52,17,1055,1035,0,0.0,35.157741000148235,1,REAL_FIRE,3489.829321000798,5,True,1,REAL_FIRE,3289.3946309995954
fire_videos,1,detectium_fire/fire/12383462_1920_1080_200fps.mp4,52,18,1121,1036,0,0.0,51.98156100050255,1,REAL_FIRE,3444.096184000955,5,False,0,,51.98156100050255
fire_videos,1,detectium_fire/fire/12383462_1920_1080_200fps.mp4,52,19,1187,1037,0,0.0,38.22720899916021,1,REAL_FIRE,3502.8804869998567,5,False,0,,38.22720899916021
fire_videos,1,detectium_fire/fire/12383462_1920_1080_200fps.mp4,52,20,1253,1038,1,0.29113346338272095,37.521188000027905,1,REAL_FIRE,2820.8581790004246,5,False,1,,37.521188000027905
fire_videos,1,detectium_fire/fire/12384078_1920_1080_60fps.mp4,53,1,0,1039,0,0.0,19.543929000064963,1,REAL_FIRE,2543.2725440005015,5,False,0,,19.543929000064963
fire_videos,1,detectium_fire/fire/12384078_1920_1080_60fps.mp4,53,2,18,1040,1,0.389889121055603,33.02846099904855,1,REAL_FIRE,2626.6350540008716,5,True,1,REAL_FIRE,3301.9895529996575
fire_videos,1,detectium_fire/fire/12384078_1920_1080_60fps.mp4,53,3,37,1041,1,0.42136895656585693,52.17833899951074,1,REAL_FIRE,3210.6825080009003,5,False,1,,52.17833899951074
fire_videos,1,detectium_fire/fire/12384078_1920_1080_60fps.mp4,53,4,55,1042,0,0.0,17.89710899902275,1,REAL_FIRE,3162.357138000516,5,False,0,,17.89710899902275
fire_videos,1,detectium_fire/fire/12384078_1920_1080_60fps.mp4,53,5,74,1043,1,0.7045890688896179,36.106718000155524,1,REAL_FIRE,2998.1759209986194,5,False,1,,36.106718000155524
fire_videos,1,detectium_fire/fire/12384078_1920_1080_60fps.mp4,53,6,92,1044,1,0.5999259352684021,21.259496999846306,1,REAL_FIRE,2693.1608719987707,5,False,1,,21.259496999846306
fire_videos,1,detectium_fire/fire/12384078_1920_1080_60fps.mp4,53,7,111,1045,1,0.34691888093948364,36.1048180002399,1,REAL_FIRE,2635.25752500027,5,True,1,REAL_FIRE,2799.570101000427
fire_videos,1,detectium_fire/fire/12384078_1920_1080_60fps.mp4,53,8,129,1046,1,0.3316633999347687,25.232374000552227,1,REAL_FIRE,2750.7146569987526,5,False,1,,25.232374000552227
fire_videos,1,detectium_fire/fire/12384078_1920_1080_60fps.mp4,53,9,148,1047,1,0.32931241393089294,16.747998999562697,1,REAL_FIRE,3461.762953998914,5,False,1,,16.747998999562697
fire_videos,1,detectium_fire/fire/12384078_1920_1080_60fps.mp4,53,10,166,1048,1,0.5788251757621765,16.700228999980027,1,REAL_FIRE,2512.4416210001073,5,False,1,,16.700228999980027
fire_videos,1,detectium_fire/fire/12384078_1920_1080_60fps.mp4,53,11,185,1049,0,0.0,36.088707000089926,1,REAL_FIRE,2817.391442000371,5,False,0,,36.088707000089926
fire_videos,1,detectium_fire/fire/12384078_1920_1080_60fps.mp4,53,12,203,1050,0,0.0,49.124458000733284,1,REAL_FIRE,3210.6076039999607,5,True,1,REAL_FIRE,3394.883866001692
fire_videos,1,detectium_fire/fire/12384078_1920_1080_60fps.mp4,53,13,222,1051,1,0.5484804511070251,36.183627000355045,1,REAL_FIRE,2762.5430050011346,5,False,1,,36.183627000355045
fire_videos,1,detectium_fire/fire/12384078_1920_1080_60fps.mp4,53,14,240,1052,1,0.4782678782939911,18.584597999506514,1,REAL_FIRE,2622.996124000565,5,False,1,,18.584597999506514
fire_videos,1,detectium_fire/fire/12384078_1920_1080_60fps.mp4,53,15,259,1053,0,0.0,41.822182000032626,1,REAL_FIRE,2923.9707800006727,5,False,0,,41.822182000032626
fire_videos,1,detectium_fire/fire/12384078_1920_1080_60fps.mp4,53,16,277,1054,1,0.48247507214546204,43.43209099897649,1,REAL_FIRE,3116.830825998477,5,False,1,,43.43209099897649
fire_videos,1,detectium_fire/fire/12384078_1920_1080_60fps.mp4,53,17,296,1055,1,0.4933493137359619,36.929474999851664,1,REAL_FIRE,3364.4566619987017,5,True,1,REAL_FIRE,3042.459686001166
fire_videos,1,detectium_fire/fire/12384078_1920_1080_60fps.mp4,53,18,314,1056,1,0.5816116333007812,36.2248349993024,1,REAL_FIRE,2828.814906999469,5,False,1,,36.2248349993024
fire_videos,1,detectium_fire/fire/12384078_1920_1080_60fps.mp4,53,19,333,1057,1,0.25921911001205444,39.49219300011464,1,REAL_FIRE,2408.8618460009457,5,False,1,,39.49219300011464
fire_videos,1,detectium_fire/fire/12384078_1920_1080_60fps.mp4,53,20,351,1058,1,0.2882823646068573,36.21835400008422,1,REAL_FIRE,3092.4382690009224,5,False,1,,36.21835400008422
fire_videos,1,detectium_fire/fire/12393269_1440_2560_30fps.mp4,54,1,0,1059,0,0.0,56.18110000068555,1,REAL_FIRE,3489.2884729997604,5,False,0,,56.18110000068555
fire_videos,1,detectium_fire/fire/12393269_1440_2560_30fps.mp4,54,2,17,1060,0,0.0,42.93123000024934,1,REAL_FIRE,3247.0125960007863,5,True,1,REAL_FIRE,3048.035493000498
fire_videos,1,detectium_fire/fire/12393269_1440_2560_30fps.mp4,54,3,33,1061,1,0.8157511353492737,41.754071000468684,1,REAL_FIRE,2454.1717350002727,5,False,1,,41.754071000468684
fire_videos,1,detectium_fire/fire/12393269_1440_2560_30fps.mp4,54,4,50,1062,1,0.719067394733429,48.56038499929127,1,REAL_FIRE,3257.1132449993456,5,False,1,,48.56038499929127
fire_videos,1,detectium_fire/fire/12393269_1440_2560_30fps.mp4,54,5,66,1063,1,0.5587145090103149,66.13754200043331,1,REAL_FIRE,3218.235188000108,5,False,1,,66.13754200043331
fire_videos,1,detectium_fire/fire/12393269_1440_2560_30fps.mp4,54,6,83,1064,1,0.7434911131858826,43.97413799961214,1,REAL_FIRE,3221.10370900009,5,False,1,,43.97413799961214
fire_videos,1,detectium_fire/fire/12393269_1440_2560_30fps.mp4,54,7,99,1065,1,0.8203045129776001,45.98309700122627,1,REAL_FIRE,2930.7037870003114,5,True,1,REAL_FIRE,2911.7321000012453
fire_videos,1,detectium_fire/fire/12393269_1440_2560_30fps.mp4,54,8,116,1066,1,0.5938907265663147,62.112124000123,1,REAL_FIRE,2943.5168119998707,5,False,1,,62.112124000123
fire_videos,1,detectium_fire/fire/12393269_1440_2560_30fps.mp4,54,9,133,1067,1,0.61041659116745,23.49324299939326,1,REAL_FIRE,2937.6154330002464,5,False,1,,23.49324299939326
fire_videos,1,detectium_fire/fire/12393269_1440_2560_30fps.mp4,54,10,149,1068,1,0.819450318813324,23.846711999794934,1,REAL_FIRE,2536.5281729991693,5,False,1,,23.846711999794934
fire_videos,1,detectium_fire/fire/12393269_1440_2560_30fps.mp4,54,11,166,1069,1,0.719785213470459,23.08403300048667,1,REAL_FIRE,2719.1452540009777,5,False,1,,23.08403300048667
fire_videos,1,detectium_fire/fire/12393269_1440_2560_30fps.mp4,54,12,182,1070,0,0.0,23.627242999282316,1,REAL_FIRE,3151.8036930010567,5,True,1,REAL_FIRE,3153.9785389995814
fire_videos,1,detectium_fire/fire/12393269_1440_2560_30fps.mp4,54,13,199,1071,1,0.5418788194656372,45.20575599963195,1,REAL_FIRE,2449.021566000738,5,False,1,,45.20575599963195
fire_videos,1,detectium_fire/fire/12393269_1440_2560_30fps.mp4,54,14,216,1072,1,0.29274770617485046,23.20588200018392,1,REAL_FIRE,2771.3231470006576,5,False,1,,23.20588200018392
fire_videos,1,detectium_fire/fire/12393269_1440_2560_30fps.mp4,54,15,232,1073,1,0.38021451234817505,44.70970599868451,1,REAL_FIRE,3431.67128999994,5,False,1,,44.70970599868451
fire_videos,1,detectium_fire/fire/12393269_1440_2560_30fps.mp4,54,16,249,1074,1,0.35603198409080505,43.705006000891444,1,REAL_FIRE,3472.735589999502,5,False,1,,43.705006000891444
fire_videos,1,detectium_fire/fire/12393269_1440_2560_30fps.mp4,54,17,265,1075,1,0.5878914594650269,43.65876599877083,1,REAL_FIRE,3097.095998999066,5,True,1,REAL_FIRE,2574.7042519979004
fire_videos,1,detectium_fire/fire/12393269_1440_2560_30fps.mp4,54,18,282,1076,1,0.5791078209877014,48.234621001029154,1,REAL_FIRE,2602.9089499988913,5,False,1,,48.234621001029154
fire_videos,1,detectium_fire/fire/12393269_1440_2560_30fps.mp4,54,19,298,1077,1,0.7734934687614441,29.37569700043241,1,REAL_FIRE,2680.849207999927,5,False,1,,29.37569700043241
fire_videos,1,detectium_fire/fire/12393269_1440_2560_30fps.mp4,54,20,315,1078,1,0.4788070321083069,54.82288600069296,1,REAL_FIRE,2529.3999089990393,5,False,1,,54.82288600069296
fire_videos,1,detectium_fire/fire/12399227_3840_2160_60fps.mp4,55,1,0,1079,1,0.3982667922973633,59.64273199970194,1,REAL_FIRE,2599.1548639995017,5,False,1,,59.64273199970194
fire_videos,1,detectium_fire/fire/12399227_3840_2160_60fps.mp4,55,2,121,1080,1,0.34272104501724243,88.8113479995809,1,REAL_FIRE,2371.366809000392,5,True,1,REAL_FIRE,3048.3000809999794
fire_videos,1,detectium_fire/fire/12399227_3840_2160_60fps.mp4,55,3,241,1081,0,0.0,88.04810800029372,1,REAL_FIRE,3185.668424999676,5,False,0,,88.04810800029372
fire_videos,1,detectium_fire/fire/12399227_3840_2160_60fps.mp4,55,4,362,1082,1,0.447934627532959,63.99199699990277,1,REAL_FIRE,3033.975406000536,5,False,1,,63.99199699990277
fire_videos,1,detectium_fire/fire/12399227_3840_2160_60fps.mp4,55,5,482,1083,0,0.0,75.75621800060617,1,REAL_FIRE,2707.126862998848,5,False,0,,75.75621800060617
fire_videos,1,detectium_fire/fire/12399227_3840_2160_60fps.mp4,55,6,603,1084,1,0.5221794843673706,69.217562000631,1,REAL_FIRE,2808.6620490012137,5,False,1,,69.217562000631
fire_videos,1,detectium_fire/fire/12399227_3840_2160_60fps.mp4,55,7,723,1085,1,0.33431825041770935,70.92196099983994,1,REAL_FIRE,2693.2917030007957,5,True,1,REAL_FIRE,3171.2238939999224
fire_videos,1,detectium_fire/fire/12399227_3840_2160_60fps.mp4,55,8,844,1086,1,0.4402042627334595,70.24498099963239,1,REAL_FIRE,3486.582774999988,5,False,1,,70.24498099963239
fire_videos,1,detectium_fire/fire/12399227_3840_2160_60fps.mp4,55,9,964,1087,1,0.3964758813381195,84.19617900108278,1,REAL_FIRE,2971.8217849986104,5,False,1,,84.19617900108278
fire_videos,1,detectium_fire/fire/12399227_3840_2160_60fps.mp4,55,10,1085,1088,1,0.35404592752456665,71.41357900036382,1,REAL_FIRE,3154.0295880004123,5,False,1,,71.41357900036382
fire_videos,1,detectium_fire/fire/12399227_3840_2160_60fps.mp4,55,11,1205,1089,1,0.623688817024231,84.19761799996195,1,REAL_FIRE,2954.7042949998286,5,False,1,,84.19761799996195
fire_videos,1,detectium_fire/fire/12399227_3840_2160_60fps.mp4,55,12,1326,1090,1,0.45331066846847534,63.42072500046925,1,REAL_FIRE,2417.456585999389,5,True,1,REAL_FIRE,2989.988635001282
fire_videos,1,detectium_fire/fire/12399227_3840_2160_60fps.mp4,55,13,1446,1091,0,0.0,63.7974450000911,1,REAL_FIRE,2695.5739090008137,5,False,0,,63.7974450000911
fire_videos,1,detectium_fire/fire/12399227_3840_2160_60fps.mp4,55,14,1567,1092,1,0.4999934434890747,62.00253600036376,1,REAL_FIRE,2757.8017760006333,5,False,1,,62.00253600036376
fire_videos,1,detectium_fire/fire/12399227_3840_2160_60fps.mp4,55,15,1687,1093,1,0.506563663482666,66.89012200149591,1,REAL_FIRE,2408.2769699998607,5,False,1,,66.89012200149591
fire_videos,1,detectium_fire/fire/12399227_3840_2160_60fps.mp4,55,16,1808,1094,1,0.4429973363876343,66.32537200130173,1,REAL_FIRE,2639.1703320005035,5,False,1,,66.32537200130173
fire_videos,1,detectium_fire/fire/12399227_3840_2160_60fps.mp4,55,17,1928,1095,1,0.5724592804908752,67.60370099982538,1,REAL_FIRE,2595.310590999361,5,True,1,REAL_FIRE,2798.7229749996914
fire_videos,1,detectium_fire/fire/12399227_3840_2160_60fps.mp4,55,18,2049,1096,1,0.4137706756591797,64.81517300017003,1,REAL_FIRE,2870.637010999417,5,False,1,,64.81517300017003
fire_videos,1,detectium_fire/fire/12399227_3840_2160_60fps.mp4,55,19,2169,1097,0,0.0,67.59465100003581,1,REAL_FIRE,2414.127196001573,5,False,0,,67.59465100003581
fire_videos,1,detectium_fire/fire/12399227_3840_2160_60fps.mp4,55,20,2290,1098,1,0.32067033648490906,54.20512199998484,1,REAL_FIRE,2853.5920579997764,5,False,1,,54.20512199998484
fire_videos,1,detectium_fire/fire/12399285_3840_2160_60fps.mp4,56,1,0,1099,0,0.0,70.93442599943955,0,NO_REAL_FIRE,5390.515979999691,5,False,0,,70.93442599943955
fire_videos,1,detectium_fire/fire/12399285_3840_2160_60fps.mp4,56,2,166,1100,1,0.4175184667110443,43.1839509983547,1,REAL_FIRE,2563.346910999826,5,True,1,REAL_FIRE,2652.0407129974046
fire_videos,1,detectium_fire/fire/12399285_3840_2160_60fps.mp4,56,3,331,1101,0,0.0,72.05671499832533,1,REAL_FIRE,3281.581962000928,5,False,0,,72.05671499832533
fire_videos,1,detectium_fire/fire/12399285_3840_2160_60fps.mp4,56,4,497,1102,1,0.6652923822402954,55.42061900086992,1,REAL_FIRE,3124.180561000685,5,False,1,,55.42061900086992
fire_videos,1,detectium_fire/fire/12399285_3840_2160_60fps.mp4,56,5,663,1103,0,0.0,65.63719999940076,1,REAL_FIRE,2638.116584999807,5,False,0,,65.63719999940076
fire_videos,1,detectium_fire/fire/12399285_3840_2160_60fps.mp4,56,6,829,1104,1,0.5483391880989075,65.16258999909041,1,REAL_FIRE,2446.608083000683,5,False,1,,65.16258999909041
fire_videos,1,detectium_fire/fire/12399285_3840_2160_60fps.mp4,56,7,994,1105,0,0.0,64.9126910011546,1,REAL_FIRE,2591.2760209994303,5,True,1,REAL_FIRE,2778.4306120011024
fire_videos,1,detectium_fire/fire/12399285_3840_2160_60fps.mp4,56,8,1160,1106,1,0.2629092037677765,69.37040500088187,0,NO_REAL_FIRE,5025.9651109990955,5,False,1,,69.37040500088187
fire_videos,1,detectium_fire/fire/12399285_3840_2160_60fps.mp4,56,9,1326,1107,1,0.5497932434082031,71.69284299925494,1,REAL_FIRE,3537.5056060001953,5,False,1,,71.69284299925494
fire_videos,1,detectium_fire/fire/12399285_3840_2160_60fps.mp4,56,10,1492,1108,1,0.2739127278327942,85.22478000122646,1,REAL_FIRE,2876.4238219991967,5,False,1,,85.22478000122646
fire_videos,1,detectium_fire/fire/12399285_3840_2160_60fps.mp4,56,11,1657,1109,1,0.6361061334609985,51.18040200068208,1,REAL_FIRE,2893.9823049986444,5,False,1,,51.18040200068208
fire_videos,1,detectium_fire/fire/12399285_3840_2160_60fps.mp4,56,12,1823,1110,0,0.0,69.50046500060125,1,REAL_FIRE,2722.5267969988636,5,True,1,REAL_FIRE,2581.865834999917
fire_videos,1,detectium_fire/fire/12399285_3840_2160_60fps.mp4,56,13,1989,1111,1,0.7170859575271606,61.859741999796825,1,REAL_FIRE,2709.3098139994254,5,False,1,,61.859741999796825
fire_videos,1,detectium_fire/fire/12399285_3840_2160_60fps.mp4,56,14,2155,1112,1,0.8399164080619812,62.156861000403296,1,REAL_FIRE,3402.878681999937,5,False,1,,62.156861000403296
fire_videos,1,detectium_fire/fire/12399285_3840_2160_60fps.mp4,56,15,2320,1113,1,0.49689847230911255,82.95098099915776,1,REAL_FIRE,3591.4621179999813,5,False,1,,82.95098099915776
fire_videos,1,detectium_fire/fire/12399285_3840_2160_60fps.mp4,56,16,2486,1114,1,0.7694902420043945,68.73229400116543,1,REAL_FIRE,2731.1704820003797,5,False,1,,68.73229400116543
fire_videos,1,detectium_fire/fire/12399285_3840_2160_60fps.mp4,56,17,2652,1115,1,0.5759928822517395,65.97827600126038,1,REAL_FIRE,2515.1503719989705,5,True,1,REAL_FIRE,2792.234617001668
fire_videos,1,detectium_fire/fire/12399285_3840_2160_60fps.mp4,56,18,2818,1116,1,0.7731757164001465,68.75776299966674,1,REAL_FIRE,2504.040849999001,5,False,1,,68.75776299966674
fire_videos,1,detectium_fire/fire/12399285_3840_2160_60fps.mp4,56,19,2983,1117,1,0.6899808645248413,66.52497600043716,1,REAL_FIRE,2698.9280309990136,5,False,1,,66.52497600043716
fire_videos,1,detectium_fire/fire/12399285_3840_2160_60fps.mp4,56,20,3149,1118,0,0.0,74.4760680008767,1,REAL_FIRE,2793.5091109993664,5,False,0,,74.4760680008767
fire_videos,1,detectium_fire/fire/12463457_1080_1920_60fps.mp4,57,1,0,1119,0,0.0,22.006748000421794,1,REAL_FIRE,3972.6743749997695,5,False,0,,22.006748000421794
fire_videos,1,detectium_fire/fire/12463457_1080_1920_60fps.mp4,57,2,35,1120,0,0.0,17.34421200126235,0,NO_REAL_FIRE,4441.475146999437,5,True,0,NO_REAL_FIRE,3648.8144430004468
fire_videos,1,detectium_fire/fire/12463457_1080_1920_60fps.mp4,57,3,70,1121,0,0.0,35.620605000076466,0,NO_REAL_FIRE,3608.102260999658,5,False,0,,35.620605000076466
fire_videos,1,detectium_fire/fire/12463457_1080_1920_60fps.mp4,57,4,105,1122,0,0.0,36.00668500075699,1,REAL_FIRE,3399.5972860011534,5,False,0,,36.00668500075699
fire_videos,1,detectium_fire/fire/12463457_1080_1920_60fps.mp4,57,5,140,1123,0,0.0,35.54060500027845,1,REAL_FIRE,3907.5353869993705,5,False,0,,35.54060500027845
fire_videos,1,detectium_fire/fire/12463457_1080_1920_60fps.mp4,57,6,175,1124,0,0.0,39.522680001027766,0,NO_REAL_FIRE,5012.8341910003655,5,False,0,,39.522680001027766
fire_videos,1,detectium_fire/fire/12463457_1080_1920_60fps.mp4,57,7,210,1125,0,0.0,36.11237400036771,1,REAL_FIRE,3697.5190970006224,5,True,0,NO_REAL_FIRE,4353.914279001401
fire_videos,1,detectium_fire/fire/12463457_1080_1920_60fps.mp4,57,8,245,1126,0,0.0,17.801431999032502,0,NO_REAL_FIRE,3230.098044001352,5,False,0,,17.801431999032502
fire_videos,1,detectium_fire/fire/12463457_1080_1920_60fps.mp4,57,9,280,1127,0,0.0,16.505063000295195,0,NO_REAL_FIRE,4557.608252000136,5,False,0,,16.505063000295195
fire_videos,1,detectium_fire/fire/12463457_1080_1920_60fps.mp4,57,10,315,1128,0,0.0,35.463744001390296,0,NO_REAL_FIRE,3715.4721740007517,5,False,0,,35.463744001390296
fire_videos,1,detectium_fire/fire/12463457_1080_1920_60fps.mp4,57,11,350,1129,0,0.0,35.166843999832054,1,REAL_FIRE,3181.7383500001597,5,False,0,,35.166843999832054
fire_videos,1,detectium_fire/fire/12463457_1080_1920_60fps.mp4,57,12,385,1130,0,0.0,35.771433998888824,1,REAL_FIRE,3479.8260939987813,5,True,1,REAL_FIRE,4056.8536089976988
fire_videos,1,detectium_fire/fire/12463457_1080_1920_60fps.mp4,57,13,420,1131,0,0.0,37.058392001199536,1,REAL_FIRE,3602.564294000331,5,False,0,,37.058392001199536
fire_videos,1,detectium_fire/fire/12463457_1080_1920_60fps.mp4,57,14,455,1132,0,0.0,46.86968100031663,0,NO_REAL_FIRE,2913.289039001029,5,False,0,,46.86968100031663
fire_videos,1,detectium_fire/fire/12463457_1080_1920_60fps.mp4,57,15,490,1133,0,0.0,51.66788600035943,1,REAL_FIRE,3373.593782000171,5,False,0,,51.66788600035943
fire_videos,1,detectium_fire/fire/12463457_1080_1920_60fps.mp4,57,16,525,1134,0,0.0,17.38887200008321,1,REAL_FIRE,3073.9449850007077,5,False,0,,17.38887200008321
fire_videos,1,detectium_fire/fire/12463457_1080_1920_60fps.mp4,57,17,560,1135,0,0.0,34.614104000866064,1,REAL_FIRE,3206.7642279998836,5,True,1,REAL_FIRE,3406.2318700016476
fire_videos,1,detectium_fire/fire/12463457_1080_1920_60fps.mp4,57,18,595,1136,0,0.0,52.234574999602046,1,REAL_FIRE,3756.9440609986486,5,False,0,,52.234574999602046
fire_videos,1,detectium_fire/fire/12463457_1080_1920_60fps.mp4,57,19,630,1137,0,0.0,52.195665000908775,0,NO_REAL_FIRE,4223.48634699847,5,False,0,,52.195665000908775
fire_videos,1,detectium_fire/fire/12463457_1080_1920_60fps.mp4,57,20,665,1138,1,0.44398894906044006,36.28768199996557,1,REAL_FIRE,3454.269256000771,5,False,1,,36.28768199996557
fire_videos,1,detectium_fire/fire/12463889_2160_3840_30fps.mp4,58,1,0,1139,1,0.427373468875885,81.64886399936222,1,REAL_FIRE,3048.113816001205,5,False,1,,81.64886399936222
fire_videos,1,detectium_fire/fire/12463889_2160_3840_30fps.mp4,58,2,6,1140,1,0.5061826109886169,94.94735900079831,1,REAL_FIRE,3888.505493001503,5,True,1,REAL_FIRE,3315.5174130006344
fire_videos,1,detectium_fire/fire/12463889_2160_3840_30fps.mp4,58,3,11,1141,1,0.5943984985351562,65.86246000006213,1,REAL_FIRE,3286.497535000308,5,False,1,,65.86246000006213
fire_videos,1,detectium_fire/fire/12463889_2160_3840_30fps.mp4,58,4,17,1142,1,0.3416489064693451,42.49791499933053,1,REAL_FIRE,3631.267385000683,5,False,1,,42.49791499933053
fire_videos,1,detectium_fire/fire/12463889_2160_3840_30fps.mp4,58,5,23,1143,1,0.579415500164032,59.65906599885784,1,REAL_FIRE,3013.2008100008534,5,False,1,,59.65906599885784
fire_videos,1,detectium_fire/fire/12463889_2160_3840_30fps.mp4,58,6,28,1144,1,0.42336976528167725,46.813190001557814,1,REAL_FIRE,2728.0218189989682,5,False,1,,46.813190001557814
fire_videos,1,detectium_fire/fire/12463889_2160_3840_30fps.mp4,58,7,34,1145,1,0.5601930022239685,66.7269479999959,1,REAL_FIRE,2645.6311019992427,5,True,1,REAL_FIRE,3742.4076789993705
fire_videos,1,detectium_fire/fire/12463889_2160_3840_30fps.mp4,58,8,39,1146,1,0.2709690034389496,68.75336500161211,1,REAL_FIRE,3587.2043759991357,5,False,1,,68.75336500161211
fire_videos,1,detectium_fire/fire/12463889_2160_3840_30fps.mp4,58,9,45,1147,1,0.6454660296440125,72.1259319998353,1,REAL_FIRE,2818.4928729988314,5,False,1,,72.1259319998353
fire_videos,1,detectium_fire/fire/12463889_2160_3840_30fps.mp4,58,10,51,1148,1,0.3572247326374054,46.19758000080765,1,REAL_FIRE,3849.248359001649,5,False,1,,46.19758000080765
fire_videos,1,detectium_fire/fire/12463889_2160_3840_30fps.mp4,58,11,56,1149,1,0.6683592796325684,62.39577099950111,1,REAL_FIRE,2937.5803359998827,5,False,1,,62.39577099950111
fire_videos,1,detectium_fire/fire/12463889_2160_3840_30fps.mp4,58,12,62,1150,1,0.5238295197486877,76.14004599963664,1,REAL_FIRE,3374.425259000418,5,True,1,REAL_FIRE,2681.382611999652
fire_videos,1,detectium_fire/fire/12463889_2160_3840_30fps.mp4,58,13,68,1151,1,0.5462440848350525,59.81862400039972,1,REAL_FIRE,3356.7545619989687,5,False,1,,59.81862400039972
fire_videos,1,detectium_fire/fire/12463889_2160_3840_30fps.mp4,58,14,73,1152,1,0.7288912534713745,67.36521600032574,1,REAL_FIRE,3241.9578690005437,5,False,1,,67.36521600032574
fire_videos,1,detectium_fire/fire/12463889_2160_3840_30fps.mp4,58,15,79,1153,1,0.6488428711891174,53.55343099836318,1,REAL_FIRE,2970.720641000298,5,False,1,,53.55343099836318
fire_videos,1,detectium_fire/fire/12463889_2160_3840_30fps.mp4,58,16,84,1154,1,0.5874273180961609,55.67758799952571,1,REAL_FIRE,3148.267444999874,5,False,1,,55.67758799952571
fire_videos,1,detectium_fire/fire/12463889_2160_3840_30fps.mp4,58,17,90,1155,1,0.3846789300441742,55.34053900009894,1,REAL_FIRE,3670.7638739990216,5,True,1,REAL_FIRE,3260.6715740002983
fire_videos,1,detectium_fire/fire/12463889_2160_3840_30fps.mp4,58,18,96,1156,1,0.7580690383911133,64.15547799952037,1,REAL_FIRE,3302.279477000411,5,False,1,,64.15547799952037
fire_videos,1,detectium_fire/fire/12463889_2160_3840_30fps.mp4,58,19,101,1157,1,0.5933627486228943,68.8955329987948,1,REAL_FIRE,3204.9384570000257,5,False,1,,68.8955329987948
fire_videos,1,detectium_fire/fire/12463889_2160_3840_30fps.mp4,58,20,107,1158,1,0.5536492466926575,74.7808560008707,1,REAL_FIRE,2795.5794389999937,5,False,1,,74.7808560008707
fire_videos,1,detectium_fire/fire/12487517_1920_1080_30fps.mp4,59,1,0,1159,1,0.49962708353996277,42.78569100097229,1,REAL_FIRE,2928.5520239991456,5,False,1,,42.78569100097229
fire_videos,1,detectium_fire/fire/12487517_1920_1080_30fps.mp4,59,2,12,1160,1,0.5004317760467529,20.41640700008429,1,REAL_FIRE,2909.4562889986264,5,True,1,REAL_FIRE,2463.5073079989525
fire_videos,1,detectium_fire/fire/12487517_1920_1080_30fps.mp4,59,3,24,1161,1,0.4019986093044281,37.62255800029379,1,REAL_FIRE,2791.942902000301,5,False,1,,37.62255800029379
fire_videos,1,detectium_fire/fire/12487517_1920_1080_30fps.mp4,59,4,36,1162,1,0.30873820185661316,45.74267800126108,1,REAL_FIRE,2642.7947459997085,5,False,1,,45.74267800126108
fire_videos,1,detectium_fire/fire/12487517_1920_1080_30fps.mp4,59,5,48,1163,1,0.3165181875228882,37.67132699977083,1,REAL_FIRE,3030.5999100000918,5,False,1,,37.67132699977083
fire_videos,1,detectium_fire/fire/12487517_1920_1080_30fps.mp4,59,6,61,1164,1,0.42354241013526917,39.19040499931725,1,REAL_FIRE,2564.691424000557,5,False,1,,39.19040499931725
fire_videos,1,detectium_fire/fire/12487517_1920_1080_30fps.mp4,59,7,73,1165,1,0.4464511275291443,38.84654600005888,1,REAL_FIRE,2992.9965209994407,5,True,1,REAL_FIRE,3087.3325480006315
fire_videos,1,detectium_fire/fire/12487517_1920_1080_30fps.mp4,59,8,85,1166,1,0.40875327587127686,37.717627001256915,1,REAL_FIRE,3116.429507999783,5,False,1,,37.717627001256915
fire_videos,1,detectium_fire/fire/12487517_1920_1080_30fps.mp4,59,9,97,1167,1,0.4930191934108734,41.48393299874442,1,REAL_FIRE,3502.6763080004457,5,False,1,,41.48393299874442
fire_videos,1,detectium_fire/fire/12487517_1920_1080_30fps.mp4,59,10,109,1168,1,0.3351515829563141,36.30794899981993,1,REAL_FIRE,2575.7478949999495,5,False,1,,36.30794899981993
fire_videos,1,detectium_fire/fire/12487517_1920_1080_30fps.mp4,59,11,121,1169,1,0.3969358205795288,36.34264799984521,1,REAL_FIRE,3184.052470998722,5,False,1,,36.34264799984521
fire_videos,1,detectium_fire/fire/12487517_1920_1080_30fps.mp4,59,12,133,1170,1,0.5096772909164429,38.501465000081225,1,REAL_FIRE,2783.0050060001668,5,True,1,REAL_FIRE,3219.0320580011758
fire_videos,1,detectium_fire/fire/12487517_1920_1080_30fps.mp4,59,13,145,1171,1,0.4203961193561554,52.53808999987086,1,REAL_FIRE,2673.492582000108,5,False,1,,52.53808999987086
fire_videos,1,detectium_fire/fire/12487517_1920_1080_30fps.mp4,59,14,157,1172,1,0.37540510296821594,36.227098000381375,1,REAL_FIRE,2637.9780579991348,5,False,1,,36.227098000381375
fire_videos,1,detectium_fire/fire/12487517_1920_1080_30fps.mp4,59,15,169,1173,1,0.3697876036167145,37.12141699907079,1,REAL_FIRE,2699.9821519984835,5,False,1,,37.12141699907079
fire_videos,1,detectium_fire/fire/12487517_1920_1080_30fps.mp4,59,16,182,1174,1,0.5391252636909485,36.6743470003712,1,REAL_FIRE,3146.4486880013283,5,False,1,,36.6743470003712
fire_videos,1,detectium_fire/fire/12487517_1920_1080_30fps.mp4,59,17,194,1175,1,0.6361792683601379,36.37358800006041,1,REAL_FIRE,3133.1139670000994,5,True,1,REAL_FIRE,2735.5168249996495
fire_videos,1,detectium_fire/fire/12487517_1920_1080_30fps.mp4,59,18,206,1176,1,0.5092779397964478,52.64477899982012,1,REAL_FIRE,3062.9157469993515,5,False,1,,52.64477899982012
fire_videos,1,detectium_fire/fire/12487517_1920_1080_30fps.mp4,59,19,218,1177,1,0.5741129517555237,36.528676999296295,1,REAL_FIRE,3048.0814689999534,5,False,1,,36.528676999296295
fire_videos,1,detectium_fire/fire/12487517_1920_1080_30fps.mp4,59,20,230,1178,1,0.3246324360370636,38.40626499913924,1,REAL_FIRE,2903.1562820000545,5,False,1,,38.40626499913924
fire_videos,1,detectium_fire/fire/12487565_1920_1080_30fps.mp4,60,1,0,1179,1,0.5697906017303467,33.73981000004278,1,REAL_FIRE,2489.6871719993214,5,False,1,,33.73981000004278
fire_videos,1,detectium_fire/fire/12487565_1920_1080_30fps.mp4,60,2,20,1180,1,0.635206937789917,37.70455499943637,1,REAL_FIRE,2834.803682999336,5,True,1,REAL_FIRE,2617.383503999008
fire_videos,1,detectium_fire/fire/12487565_1920_1080_30fps.mp4,60,3,40,1181,1,0.5641525387763977,38.72497500015015,1,REAL_FIRE,2978.7745550002,5,False,1,,38.72497500015015
fire_videos,1,detectium_fire/fire/12487565_1920_1080_30fps.mp4,60,4,61,1182,1,0.4719904065132141,37.854015001357766,1,REAL_FIRE,2557.7800959999877,5,False,1,,37.854015001357766
fire_videos,1,detectium_fire/fire/12487565_1920_1080_30fps.mp4,60,5,81,1183,1,0.6223104000091553,37.662284999896656,1,REAL_FIRE,2839.952178999738,5,False,1,,37.662284999896656
fire_videos,1,detectium_fire/fire/12487565_1920_1080_30fps.mp4,60,6,101,1184,1,0.5463516116142273,52.48368800130265,1,REAL_FIRE,3025.1053939991834,5,False,1,,52.48368800130265
fire_videos,1,detectium_fire/fire/12487565_1920_1080_30fps.mp4,60,7,121,1185,1,0.6656702160835266,33.82389999933366,1,REAL_FIRE,2976.020927000718,5,True,1,REAL_FIRE,2915.642433999892
fire_videos,1,detectium_fire/fire/12487565_1920_1080_30fps.mp4,60,8,141,1186,1,0.4926064610481262,36.48179700030596,1,REAL_FIRE,2436.7522779994033,5,False,1,,36.48179700030596
fire_videos,1,detectium_fire/fire/12487565_1920_1080_30fps.mp4,60,9,162,1187,1,0.5272284746170044,36.32468700016034,1,REAL_FIRE,2812.5713869994797,5,False,1,,36.32468700016034
fire_videos,1,detectium_fire/fire/12487565_1920_1080_30fps.mp4,60,10,182,1188,1,0.6233801245689392,36.29588699914166,1,REAL_FIRE,3103.2309170004737,5,False,1,,36.29588699914166
fire_videos,1,detectium_fire/fire/12487565_1920_1080_30fps.mp4,60,11,202,1189,1,0.5994234085083008,46.24775500087708,1,REAL_FIRE,2933.3237829996506,5,False,1,,46.24775500087708
fire_videos,1,detectium_fire/fire/12487565_1920_1080_30fps.mp4,60,12,222,1190,1,0.6123915314674377,51.475189000484534,1,REAL_FIRE,3231.4873109990003,5,True,1,REAL_FIRE,3089.2747969992342
fire_videos,1,detectium_fire/fire/12487565_1920_1080_30fps.mp4,60,13,243,1191,1,0.7347998023033142,36.398596999788424,1,REAL_FIRE,2461.8742629991175,5,False,1,,36.398596999788424
fire_videos,1,detectium_fire/fire/12487565_1920_1080_30fps.mp4,60,14,263,1192,1,0.6582893133163452,36.46523600036744,1,REAL_FIRE,2564.528186001553,5,False,1,,36.46523600036744
fire_videos,1,detectium_fire/fire/12487565_1920_1080_30fps.mp4,60,15,283,1193,1,0.7191991209983826,38.90099300042493,1,REAL_FIRE,3110.526917000243,5,False,1,,38.90099300042493
fire_videos,1,detectium_fire/fire/12487565_1920_1080_30fps.mp4,60,16,303,1194,1,0.7273815870285034,44.27740699975402,1,REAL_FIRE,2960.3727419998904,5,False,1,,44.27740699975402
fire_videos,1,detectium_fire/fire/12487565_1920_1080_30fps.mp4,60,17,323,1195,1,0.7716779112815857,36.250925999411265,1,REAL_FIRE,2772.3257029992965,5,True,1,REAL_FIRE,2622.3450799989223
fire_videos,1,detectium_fire/fire/12487565_1920_1080_30fps.mp4,60,18,344,1196,1,0.6780726909637451,40.19890200106602,1,REAL_FIRE,3369.1601249993255,5,False,1,,40.19890200106602
fire_videos,1,detectium_fire/fire/12487565_1920_1080_30fps.mp4,60,19,364,1197,1,0.7299054861068726,18.863466999391676,1,REAL_FIRE,2608.429507999972,5,False,1,,18.863466999391676
fire_videos,1,detectium_fire/fire/12487565_1920_1080_30fps.mp4,60,20,384,1198,1,0.7152497172355652,40.883309999117046,1,REAL_FIRE,2563.920249000148,5,False,1,,40.883309999117046
fire_videos,1,detectium_fire/fire/12487573_1920_1080_30fps.mp4,61,1,0,1199,1,0.7898999452590942,22.07137300138129,1,REAL_FIRE,3557.5288309992175,5,False,1,,22.07137300138129
fire_videos,1,detectium_fire/fire/12487573_1920_1080_30fps.mp4,61,2,40,1200,1,0.49517494440078735,37.71645400047419,1,REAL_FIRE,3283.1078769995656,5,True,1,REAL_FIRE,2530.013237001185
fire_videos,1,detectium_fire/fire/12487573_1920_1080_30fps.mp4,61,3,80,1201,1,0.7361086010932922,36.16564600088168,1,REAL_FIRE,2437.1701370000665,5,False,1,,36.16564600088168
fire_videos,1,detectium_fire/fire/12487573_1920_1080_30fps.mp4,61,4,119,1202,1,0.4735682010650635,36.40958500000124,1,REAL_FIRE,2969.5358460012358,5,False,1,,36.40958500000124
fire_videos,1,detectium_fire/fire/12487573_1920_1080_30fps.mp4,61,5,159,1203,1,0.5550339221954346,52.51537599906442,1,REAL_FIRE,3237.480693998805,5,False,1,,52.51537599906442
fire_videos,1,detectium_fire/fire/12487573_1920_1080_30fps.mp4,61,6,199,1204,1,0.7040196061134338,18.71111699983885,1,REAL_FIRE,2868.986319001124,5,False,1,,18.71111699983885
fire_videos,1,detectium_fire/fire/12487573_1920_1080_30fps.mp4,61,7,239,1205,1,0.6384644508361816,40.174780999223,1,REAL_FIRE,2772.326222000629,5,True,1,REAL_FIRE,2940.696092999133
fire_videos,1,detectium_fire/fire/12487573_1920_1080_30fps.mp4,61,8,279,1206,1,0.45900803804397583,42.81769699991855,1,REAL_FIRE,3126.986029999898,5,False,1,,42.81769699991855
fire_videos,1,detectium_fire/fire/12487573_1920_1080_30fps.mp4,61,9,318,1207,1,0.7483166456222534,41.5923489999841,1,REAL_FIRE,2957.9611019998993,5,False,1,,41.5923489999841
fire_videos,1,detectium_fire/fire/12487573_1920_1080_30fps.mp4,61,10,358,1208,1,0.6289332509040833,40.55248999975447,1,REAL_FIRE,2816.325241999948,5,False,1,,40.55248999975447
fire_videos,1,detectium_fire/fire/12487573_1920_1080_30fps.mp4,61,11,398,1209,1,0.6894078254699707,28.99303400045028,1,REAL_FIRE,3005.753524999818,5,False,1,,28.99303400045028
fire_videos,1,detectium_fire/fire/12487573_1920_1080_30fps.mp4,61,12,438,1210,1,0.6607399582862854,36.938974999429774,1,REAL_FIRE,2660.9631549999904,5,True,1,REAL_FIRE,2657.8328960004
fire_videos,1,detectium_fire/fire/12487573_1920_1080_30fps.mp4,61,13,477,1211,1,0.6978660225868225,36.57050500078185,1,REAL_FIRE,3279.662184000699,5,False,1,,36.57050500078185
fire_videos,1,detectium_fire/fire/12487573_1920_1080_30fps.mp4,61,14,517,1212,1,0.5693347454071045,37.90070300055959,1,REAL_FIRE,3074.0040939999744,5,False,1,,37.90070300055959
fire_videos,1,detectium_fire/fire/12487573_1920_1080_30fps.mp4,61,15,557,1213,1,0.5343343019485474,36.75445400040189,1,REAL_FIRE,3095.0544930001342,5,False,1,,36.75445400040189
fire_videos,1,detectium_fire/fire/12487573_1920_1080_30fps.mp4,61,16,597,1214,1,0.7165374755859375,36.52274399973976,1,REAL_FIRE,3028.9646299988817,5,False,1,,36.52274399973976
fire_videos,1,detectium_fire/fire/12487573_1920_1080_30fps.mp4,61,17,637,1215,1,0.38926002383232117,37.25520400075766,1,REAL_FIRE,2673.8192459997663,5,True,1,REAL_FIRE,2546.888991000742
fire_videos,1,detectium_fire/fire/12487573_1920_1080_30fps.mp4,61,18,676,1216,1,0.7416075468063354,36.445075000301586,1,REAL_FIRE,2908.1994080006552,5,False,1,,36.445075000301586
fire_videos,1,detectium_fire/fire/12487573_1920_1080_30fps.mp4,61,19,716,1217,1,0.7022185325622559,51.963876001536846,1,REAL_FIRE,2932.8678239999135,5,False,1,,51.963876001536846
fire_videos,1,detectium_fire/fire/12487573_1920_1080_30fps.mp4,61,20,756,1218,1,0.765179455280304,49.83258799984469,1,REAL_FIRE,3013.794477999909,5,False,1,,49.83258799984469
fire_videos,1,detectium_fire/fire/12487581_1920_1080_30fps.mp4,62,1,0,1219,1,0.7363196611404419,35.00289600015094,1,REAL_FIRE,3015.6774320003024,5,False,1,,35.00289600015094
fire_videos,1,detectium_fire/fire/12487581_1920_1080_30fps.mp4,62,2,45,1220,1,0.6339680552482605,36.48331400108873,1,REAL_FIRE,2959.21203800026,5,True,1,REAL_FIRE,2723.929149000469
fire_videos,1,detectium_fire/fire/12487581_1920_1080_30fps.mp4,62,3,90,1221,1,0.7545409798622131,36.34229399904143,1,REAL_FIRE,2640.8648489996267,5,False,1,,36.34229399904143
fire_videos,1,detectium_fire/fire/12487581_1920_1080_30fps.mp4,62,4,135,1222,1,0.7626464366912842,36.2416440002562,1,REAL_FIRE,2987.2076519986877,5,False,1,,36.2416440002562
fire_videos,1,detectium_fire/fire/12487581_1920_1080_30fps.mp4,62,5,180,1223,1,0.775765597820282,53.17067299984046,1,REAL_FIRE,3166.7372929987323,5,False,1,,53.17067299984046
fire_videos,1,detectium_fire/fire/12487581_1920_1080_30fps.mp4,62,6,224,1224,1,0.7266528606414795,36.37432399955287,1,REAL_FIRE,2477.104313000382,5,False,1,,36.37432399955287
fire_videos,1,detectium_fire/fire/12487581_1920_1080_30fps.mp4,62,7,269,1225,1,0.7434110045433044,41.01878899928124,1,REAL_FIRE,3258.4475299991027,5,True,1,REAL_FIRE,3050.6054069992388
fire_videos,1,detectium_fire/fire/12487581_1920_1080_30fps.mp4,62,8,314,1226,1,0.7048461437225342,38.66607199961436,1,REAL_FIRE,3297.2101210016262,5,False,1,,38.66607199961436
fire_videos,1,detectium_fire/fire/12487581_1920_1080_30fps.mp4,62,9,359,1227,1,0.8105955123901367,22.348731999954907,1,REAL_FIRE,3053.662293999878,5,False,1,,22.348731999954907
fire_videos,1,detectium_fire/fire/12487581_1920_1080_30fps.mp4,62,10,404,1228,1,0.6776699423789978,29.02268300022115,1,REAL_FIRE,2735.1226120008505,5,False,1,,29.02268300022115
fire_videos,1,detectium_fire/fire/12487581_1920_1080_30fps.mp4,62,11,449,1229,1,0.7589766979217529,16.90198899996176,1,REAL_FIRE,2725.3746400001546,5,False,1,,16.90198899996176
fire_videos,1,detectium_fire/fire/12487581_1920_1080_30fps.mp4,62,12,494,1230,1,0.8127585053443909,36.347033999845735,1,REAL_FIRE,3296.914124999603,5,True,1,REAL_FIRE,3074.870951999401
fire_videos,1,detectium_fire/fire/12487581_1920_1080_30fps.mp4,62,13,539,1231,1,0.7314822673797607,52.580064000721904,1,REAL_FIRE,2944.608801999493,5,False,1,,52.580064000721904
fire_videos,1,detectium_fire/fire/12487581_1920_1080_30fps.mp4,62,14,584,1232,1,0.740695059299469,36.314274000687874,1,REAL_FIRE,3008.936956999605,5,False,1,,36.314274000687874
fire_videos,1,detectium_fire/fire/12487581_1920_1080_30fps.mp4,62,15,629,1233,1,0.6756196618080139,36.28889399988111,1,REAL_FIRE,2673.8377879992186,5,False,1,,36.28889399988111
fire_videos,1,detectium_fire/fire/12487581_1920_1080_30fps.mp4,62,16,673,1234,1,0.655705988407135,26.455975999851944,1,REAL_FIRE,2996.151145998738,5,False,1,,26.455975999851944
fire_videos,1,detectium_fire/fire/12487581_1920_1080_30fps.mp4,62,17,718,1235,1,0.7845017313957214,18.024277998847538,1,REAL_FIRE,3106.170402999851,5,True,1,REAL_FIRE,2980.7674889980262
fire_videos,1,detectium_fire/fire/12487581_1920_1080_30fps.mp4,62,18,763,1236,1,0.7751929759979248,25.648367000030703,1,REAL_FIRE,2457.253871998546,5,False,1,,25.648367000030703
fire_videos,1,detectium_fire/fire/12487581_1920_1080_30fps.mp4,62,19,808,1237,1,0.7161088585853577,26.97676599927945,1,REAL_FIRE,2525.338842000565,5,False,1,,26.97676599927945
fire_videos,1,detectium_fire/fire/12487581_1920_1080_30fps.mp4,62,20,853,1238,1,0.8172832131385803,20.40529400073865,1,REAL_FIRE,2852.1201519997703,5,False,1,,20.40529400073865
fire_videos,1,detectium_fire/fire/12503840_3840_2160_50fps.mp4,63,1,0,1239,1,0.41988661885261536,88.3369480015972,1,REAL_FIRE,3206.0503880002216,5,False,1,,88.3369480015972
fire_videos,1,detectium_fire/fire/12503840_3840_2160_50fps.mp4,63,2,30,1240,1,0.5867480039596558,65.01634699998249,1,REAL_FIRE,2988.2563709998067,5,True,1,REAL_FIRE,3230.0378899999487
fire_videos,1,detectium_fire/fire/12503840_3840_2160_50fps.mp4,63,3,61,1241,1,0.3756556808948517,63.9254580000852,1,REAL_FIRE,2944.5873600016057,5,False,1,,63.9254580000852
fire_videos,1,detectium_fire/fire/12503840_3840_2160_50fps.mp4,63,4,91,1242,1,0.42512115836143494,64.81174700093106,1,REAL_FIRE,2696.2561050004297,5,False,1,,64.81174700093106
fire_videos,1,detectium_fire/fire/12503840_3840_2160_50fps.mp4,63,5,121,1243,1,0.2892603278160095,89.51975599848083,1,REAL_FIRE,3266.0406609993515,5,False,1,,89.51975599848083
fire_videos,1,detectium_fire/fire/12503840_3840_2160_50fps.mp4,63,6,151,1244,1,0.609883189201355,48.32255799919949,1,REAL_FIRE,3098.39131300032,5,False,1,,48.32255799919949
fire_videos,1,detectium_fire/fire/12503840_3840_2160_50fps.mp4,63,7,182,1245,1,0.627822995185852,65.55130600099801,1,REAL_FIRE,3123.4533059996465,5,True,1,REAL_FIRE,3472.401485001683
fire_videos,1,detectium_fire/fire/12503840_3840_2160_50fps.mp4,63,8,212,1246,1,0.45450112223625183,89.95671400043648,1,REAL_FIRE,2909.2563949998294,5,False,1,,89.95671400043648
fire_videos,1,detectium_fire/fire/12503840_3840_2160_50fps.mp4,63,9,242,1247,1,0.6437900066375732,66.81878400013375,1,REAL_FIRE,2830.0054329993145,5,False,1,,66.81878400013375
fire_videos,1,detectium_fire/fire/12503840_3840_2160_50fps.mp4,63,10,272,1248,1,0.5695956945419312,60.125432999484474,1,REAL_FIRE,2861.9730200007325,5,False,1,,60.125432999484474
fire_videos,1,detectium_fire/fire/12503840_3840_2160_50fps.mp4,63,11,303,1249,1,0.5871038436889648,65.09979600014049,1,REAL_FIRE,2597.576158001175,5,False,1,,65.09979600014049
fire_videos,1,detectium_fire/fire/12503840_3840_2160_50fps.mp4,63,12,333,1250,1,0.5857622623443604,89.2982250006753,1,REAL_FIRE,3131.811994999225,5,True,1,REAL_FIRE,3200.659531999918
fire_videos,1,detectium_fire/fire/12503840_3840_2160_50fps.mp4,63,13,363,1251,1,0.6943952441215515,63.46760799897311,1,REAL_FIRE,2552.2628170001553,5,False,1,,63.46760799897311
fire_videos,1,detectium_fire/fire/12503840_3840_2160_50fps.mp4,63,14,393,1252,0,0.0,73.51623500107962,1,REAL_FIRE,2654.078293000566,5,False,0,,73.51623500107962
fire_videos,1,detectium_fire/fire/12503840_3840_2160_50fps.mp4,63,15,424,1253,1,0.3120564818382263,83.28686200002267,1,REAL_FIRE,3007.6473420012917,5,False,1,,83.28686200002267
fire_videos,1,detectium_fire/fire/12503840_3840_2160_50fps.mp4,63,16,454,1254,1,0.5574504733085632,66.46425399958389,1,REAL_FIRE,3246.004479999101,5,False,1,,66.46425399958389
fire_videos,1,detectium_fire/fire/12503840_3840_2160_50fps.mp4,63,17,484,1255,0,0.0,90.45089199935319,1,REAL_FIRE,2906.2827469988406,5,True,1,REAL_FIRE,2922.420613000213
fire_videos,1,detectium_fire/fire/12503840_3840_2160_50fps.mp4,63,18,514,1256,1,0.30565857887268066,66.3435139995272,1,REAL_FIRE,2681.9495930012636,5,False,1,,66.3435139995272
fire_videos,1,detectium_fire/fire/12503840_3840_2160_50fps.mp4,63,19,545,1257,1,0.5082075595855713,82.93622200108075,1,REAL_FIRE,2863.0915640005696,5,False,1,,82.93622200108075
fire_videos,1,detectium_fire/fire/12503840_3840_2160_50fps.mp4,63,20,575,1258,1,0.620739221572876,66.96349300000293,1,REAL_FIRE,2641.3428699997894,5,False,1,,66.96349300000293
fire_videos,1,detectium_fire/fire/12529455_3840_2160_30fps.mp4,64,1,0,1259,1,0.6510846018791199,61.31941999956325,1,REAL_FIRE,3082.0691939989047,5,False,1,,61.31941999956325
fire_videos,1,detectium_fire/fire/12529455_3840_2160_30fps.mp4,64,2,51,1260,1,0.7693083882331848,76.12966099986807,1,REAL_FIRE,2875.158399998327,5,True,1,REAL_FIRE,3358.386686999438
fire_videos,1,detectium_fire/fire/12529455_3840_2160_30fps.mp4,64,3,102,1261,1,0.37348902225494385,60.73586999991676,1,REAL_FIRE,2729.6210149997933,5,False,1,,60.73586999991676
fire_videos,1,detectium_fire/fire/12529455_3840_2160_30fps.mp4,64,4,153,1262,1,0.41337063908576965,89.92169300108799,1,REAL_FIRE,3157.9106709996267,5,False,1,,89.92169300108799
fire_videos,1,detectium_fire/fire/12529455_3840_2160_30fps.mp4,64,5,204,1263,1,0.4242689311504364,74.75281199913297,1,REAL_FIRE,3001.9737319998967,5,False,1,,74.75281199913297
fire_videos,1,detectium_fire/fire/12529455_3840_2160_30fps.mp4,64,6,255,1264,1,0.6270021200180054,68.23000099939236,1,REAL_FIRE,3123.8530490009,5,False,1,,68.23000099939236
fire_videos,1,detectium_fire/fire/12529455_3840_2160_30fps.mp4,64,7,306,1265,1,0.7396702170372009,63.57229700006428,1,REAL_FIRE,2770.86166799927,5,True,1,REAL_FIRE,3692.1138479992806
fire_videos,1,detectium_fire/fire/12529455_3840_2160_30fps.mp4,64,8,357,1266,1,0.481311559677124,66.95111199951498,1,REAL_FIRE,3638.565154000389,5,False,1,,66.95111199951498
fire_videos,1,detectium_fire/fire/12529455_3840_2160_30fps.mp4,64,9,408,1267,1,0.25829052925109863,62.02621899865335,1,REAL_FIRE,3086.850174000574,5,False,1,,62.02621899865335
fire_videos,1,detectium_fire/fire/12529455_3840_2160_30fps.mp4,64,10,459,1268,1,0.377551406621933,79.77302499966754,1,REAL_FIRE,3733.989439000652,5,False,1,,79.77302499966754
fire_videos,1,detectium_fire/fire/12529455_3840_2160_30fps.mp4,64,11,510,1269,1,0.5213602781295776,82.62210100110678,1,REAL_FIRE,3543.3944650012563,5,False,1,,82.62210100110678
fire_videos,1,detectium_fire/fire/12529455_3840_2160_30fps.mp4,64,12,561,1270,1,0.538986086845398,63.232516000425676,1,REAL_FIRE,2796.394605999012,5,True,1,REAL_FIRE,2986.8058820011356
fire_videos,1,detectium_fire/fire/12529455_3840_2160_30fps.mp4,64,13,612,1271,0,0.0,69.67483799962793,1,REAL_FIRE,2630.5523900009575,5,False,0,,69.67483799962793
fire_videos,1,detectium_fire/fire/12529455_3840_2160_30fps.mp4,64,14,663,1272,1,0.5609025359153748,88.25259399964125,1,REAL_FIRE,3247.8131530006067,5,False,1,,88.25259399964125
fire_videos,1,detectium_fire/fire/12529455_3840_2160_30fps.mp4,64,15,714,1273,1,0.45585405826568604,77.81984699977329,1,REAL_FIRE,3219.9318160000985,5,False,1,,77.81984699977329
fire_videos,1,detectium_fire/fire/12529455_3840_2160_30fps.mp4,64,16,765,1274,1,0.6396410465240479,82.06731199970818,1,REAL_FIRE,2731.9669380012783,5,False,1,,82.06731199970818
fire_videos,1,detectium_fire/fire/12529455_3840_2160_30fps.mp4,64,17,816,1275,1,0.5863204598426819,55.708335999952396,1,REAL_FIRE,2925.4528590008704,5,True,1,REAL_FIRE,2910.536707000574
fire_videos,1,detectium_fire/fire/12529455_3840_2160_30fps.mp4,64,18,867,1276,1,0.6436879634857178,61.791418000211706,1,REAL_FIRE,3199.6568310005387,5,False,1,,61.791418000211706
fire_videos,1,detectium_fire/fire/12529455_3840_2160_30fps.mp4,64,19,918,1277,1,0.5228398442268372,85.55209699989064,1,REAL_FIRE,2640.2167399992322,5,False,1,,85.55209699989064
fire_videos,1,detectium_fire/fire/12529455_3840_2160_30fps.mp4,64,20,969,1278,1,0.615975558757782,69.54317700001411,1,REAL_FIRE,3099.8231780013157,5,False,1,,69.54317700001411
fire_videos,1,detectium_fire/fire/12540105_2160_3840_50fps.mp4,65,1,0,1279,1,0.6698994636535645,53.54613899908145,1,REAL_FIRE,3660.4265390014916,5,False,1,,53.54613899908145
fire_videos,1,detectium_fire/fire/12540105_2160_3840_50fps.mp4,65,2,27,1280,1,0.5542049407958984,59.5726610008569,1,REAL_FIRE,2966.301978000047,5,True,1,REAL_FIRE,3625.513070001034
fire_videos,1,detectium_fire/fire/12540105_2160_3840_50fps.mp4,65,3,53,1281,1,0.604505181312561,65.24322299992491,1,REAL_FIRE,2678.40903600154,5,False,1,,65.24322299992491
fire_videos,1,detectium_fire/fire/12540105_2160_3840_50fps.mp4,65,4,80,1282,1,0.5623846650123596,65.50494200018875,1,REAL_FIRE,2835.7780749993253,5,False,1,,65.50494200018875
fire_videos,1,detectium_fire/fire/12540105_2160_3840_50fps.mp4,65,5,107,1283,1,0.6528207063674927,85.27723599945602,1,REAL_FIRE,3431.089599000188,5,False,1,,85.27723599945602
fire_videos,1,detectium_fire/fire/12540105_2160_3840_50fps.mp4,65,6,133,1284,1,0.5491471886634827,62.0817380004155,1,REAL_FIRE,2962.1779400004016,5,False,1,,62.0817380004155
fire_videos,1,detectium_fire/fire/12540105_2160_3840_50fps.mp4,65,7,160,1285,1,0.6402776837348938,68.30662900028983,1,REAL_FIRE,3609.034803999748,5,True,1,REAL_FIRE,3194.4774850016984
fire_videos,1,detectium_fire/fire/12540105_2160_3840_50fps.mp4,65,8,187,1286,1,0.5667592287063599,58.80140099907294,1,REAL_FIRE,3081.543652999244,5,False,1,,58.80140099907294
fire_videos,1,detectium_fire/fire/12540105_2160_3840_50fps.mp4,65,9,213,1287,1,0.598280668258667,63.80168500072614,1,REAL_FIRE,2597.754726999483,5,False,1,,63.80168500072614
fire_videos,1,detectium_fire/fire/12540105_2160_3840_50fps.mp4,65,10,240,1288,1,0.652830183506012,62.121246999595314,1,REAL_FIRE,3215.9616760000063,5,False,1,,62.121246999595314
fire_videos,1,detectium_fire/fire/12540105_2160_3840_50fps.mp4,65,11,267,1289,1,0.5826588869094849,59.69199100036349,1,REAL_FIRE,3583.723681000265,5,False,1,,59.69199100036349
fire_videos,1,detectium_fire/fire/12540105_2160_3840_50fps.mp4,65,12,294,1290,1,0.53648841381073,84.31777700025123,1,REAL_FIRE,3076.504348000526,5,True,1,REAL_FIRE,3216.8881369998417
fire_videos,1,detectium_fire/fire/12540105_2160_3840_50fps.mp4,65,13,320,1291,1,0.4019789397716522,62.69752600019274,1,REAL_FIRE,3032.422222000605,5,False,1,,62.69752600019274
fire_videos,1,detectium_fire/fire/12540105_2160_3840_50fps.mp4,65,14,347,1292,0,0.0,71.80829400022049,1,REAL_FIRE,3172.5019609984884,5,False,0,,71.80829400022049
fire_videos,1,detectium_fire/fire/12540105_2160_3840_50fps.mp4,65,15,374,1293,0,0.0,62.93780499981949,1,REAL_FIRE,2631.547145998411,5,False,0,,62.93780499981949
fire_videos,1,detectium_fire/fire/12540105_2160_3840_50fps.mp4,65,16,400,1294,0,0.0,59.639200000674464,1,REAL_FIRE,2970.268347999081,5,False,0,,59.639200000674464
fire_videos,1,detectium_fire/fire/12540105_2160_3840_50fps.mp4,65,17,427,1295,0,0.0,61.82350699964445,1,REAL_FIRE,3212.818788999357,5,True,1,REAL_FIRE,3054.3323410001904
fire_videos,1,detectium_fire/fire/12540105_2160_3840_50fps.mp4,65,18,454,1296,0,0.0,68.71801699890057,1,REAL_FIRE,2683.785096000065,5,False,0,,68.71801699890057
fire_videos,1,detectium_fire/fire/12540105_2160_3840_50fps.mp4,65,19,480,1297,0,0.0,85.03964599913161,1,REAL_FIRE,2412.531840000156,5,False,0,,85.03964599913161
fire_videos,1,detectium_fire/fire/12540105_2160_3840_50fps.mp4,65,20,507,1298,0,0.0,68.3390780013724,1,REAL_FIRE,3369.3150079998304,5,False,0,,68.3390780013724
fire_videos,1,detectium_fire/fire/12549109_1920_1080_25fps.mp4,66,1,0,1299,1,0.639637291431427,59.15118999837432,1,REAL_FIRE,2856.417707000219,5,False,1,,59.15118999837432
fire_videos,1,detectium_fire/fire/12549109_1920_1080_25fps.mp4,66,2,15,1300,1,0.5049921870231628,19.776143999479245,1,REAL_FIRE,2676.0317590014893,5,True,1,REAL_FIRE,2514.3626669996593
fire_videos,1,detectium_fire/fire/12549109_1920_1080_25fps.mp4,66,3,30,1301,1,0.5598523616790771,37.801648999447934,1,REAL_FIRE,2428.1497909996688,5,False,1,,37.801648999447934
fire_videos,1,detectium_fire/fire/12549109_1920_1080_25fps.mp4,66,4,44,1302,1,0.5772106647491455,38.934727001105784,1,REAL_FIRE,3087.221578000026,5,False,1,,38.934727001105784
fire_videos,1,detectium_fire/fire/12549109_1920_1080_25fps.mp4,66,5,59,1303,1,0.5253903269767761,38.531658001375035,1,REAL_FIRE,2866.001555001276,5,False,1,,38.531658001375035
fire_videos,1,detectium_fire/fire/12549109_1920_1080_25fps.mp4,66,6,74,1304,1,0.5234492421150208,41.51767400071549,1,REAL_FIRE,2909.8767029990995,5,False,1,,41.51767400071549
fire_videos,1,detectium_fire/fire/12549109_1920_1080_25fps.mp4,66,7,89,1305,1,0.5199505090713501,36.21788099917467,1,REAL_FIRE,2777.766799999881,5,True,1,REAL_FIRE,2568.1314329995075
fire_videos,1,detectium_fire/fire/12549109_1920_1080_25fps.mp4,66,8,104,1306,1,0.4530123770236969,46.127817000524374,1,REAL_FIRE,2756.6837760005,5,False,1,,46.127817000524374
fire_videos,1,detectium_fire/fire/12549109_1920_1080_25fps.mp4,66,9,118,1307,1,0.5112408399581909,50.68869199931214,1,REAL_FIRE,2914.9580390003393,5,False,1,,50.68869199931214
fire_videos,1,detectium_fire/fire/12549109_1920_1080_25fps.mp4,66,10,133,1308,1,0.4849156439304352,52.304998998806695,1,REAL_FIRE,2919.2121510004654,5,False,1,,52.304998998806695
fire_videos,1,detectium_fire/fire/12549109_1920_1080_25fps.mp4,66,11,148,1309,1,0.40550369024276733,44.14265000013984,1,REAL_FIRE,2850.0547029998415,5,False,1,,44.14265000013984
fire_videos,1,detectium_fire/fire/12549109_1920_1080_25fps.mp4,66,12,163,1310,1,0.507851779460907,41.96909300117113,1,REAL_FIRE,2665.4697009998927,5,True,1,REAL_FIRE,2609.9095650006348
fire_videos,1,detectium_fire/fire/12549109_1920_1080_25fps.mp4,66,13,177,1311,1,0.5595231056213379,52.84580800071126,1,REAL_FIRE,2988.8376380004047,5,False,1,,52.84580800071126
fire_videos,1,detectium_fire/fire/12549109_1920_1080_25fps.mp4,66,14,192,1312,1,0.6341748833656311,51.890359000026365,1,REAL_FIRE,2588.9253109999117,5,False,1,,51.890359000026365
fire_videos,1,detectium_fire/fire/12549109_1920_1080_25fps.mp4,66,15,207,1313,1,0.6290485858917236,49.25711299983959,1,REAL_FIRE,2516.7412669998157,5,False,1,,49.25711299983959
fire_videos,1,detectium_fire/fire/12549109_1920_1080_25fps.mp4,66,16,222,1314,1,0.5128730535507202,36.49479999876348,1,REAL_FIRE,2573.451648999253,5,False,1,,36.49479999876348
fire_videos,1,detectium_fire/fire/12549109_1920_1080_25fps.mp4,66,17,237,1315,1,0.5761640667915344,41.98562300007325,1,REAL_FIRE,2612.725242999659,5,True,1,REAL_FIRE,2703.288649001479
fire_videos,1,detectium_fire/fire/12549109_1920_1080_25fps.mp4,66,18,251,1316,1,0.6615350246429443,39.18243699990853,1,REAL_FIRE,2913.4701109996968,5,False,1,,39.18243699990853
fire_videos,1,detectium_fire/fire/12549109_1920_1080_25fps.mp4,66,19,266,1317,1,0.6106904149055481,37.02531999988423,1,REAL_FIRE,2966.518356000961,5,False,1,,37.02531999988423
fire_videos,1,detectium_fire/fire/12549109_1920_1080_25fps.mp4,66,20,281,1318,1,0.5948357582092285,36.191580000377144,0,NO_REAL_FIRE,5231.063904999246,5,False,1,,36.191580000377144
fire_videos,1,detectium_fire/fire/12563729_3840_2160_24fps.mp4,67,1,0,1319,1,0.5156474113464355,89.34367800065957,1,REAL_FIRE,3533.4126870002365,5,False,1,,89.34367800065957
fire_videos,1,detectium_fire/fire/12563729_3840_2160_24fps.mp4,67,2,19,1320,1,0.49216604232788086,71.32444200033206,1,REAL_FIRE,2842.093548999401,5,True,1,REAL_FIRE,3347.95033500086
fire_videos,1,detectium_fire/fire/12563729_3840_2160_24fps.mp4,67,3,39,1321,1,0.5445478558540344,64.9433010003122,1,REAL_FIRE,3419.167677000587,5,False,1,,64.9433010003122
fire_videos,1,detectium_fire/fire/12563729_3840_2160_24fps.mp4,67,4,58,1322,1,0.6178522706031799,76.84599499953038,1,REAL_FIRE,2726.5668010004447,5,False,1,,76.84599499953038
fire_videos,1,detectium_fire/fire/12563729_3840_2160_24fps.mp4,67,5,77,1323,1,0.6172959208488464,85.53828300136956,1,REAL_FIRE,3252.565369999502,5,False,1,,85.53828300136956
fire_videos,1,detectium_fire/fire/12563729_3840_2160_24fps.mp4,67,6,96,1324,1,0.6313287615776062,89.22082800017961,1,REAL_FIRE,3644.0396520010836,5,False,1,,89.22082800017961
fire_videos,1,detectium_fire/fire/12563729_3840_2160_24fps.mp4,67,7,116,1325,1,0.6359538435935974,65.36096000127145,1,REAL_FIRE,3041.213095000785,5,True,1,REAL_FIRE,3625.570850999793
fire_videos,1,detectium_fire/fire/12563729_3840_2160_24fps.mp4,67,8,135,1326,1,0.5355371832847595,76.96954499988351,1,REAL_FIRE,2937.452533000396,5,False,1,,76.96954499988351
fire_videos,1,detectium_fire/fire/12563729_3840_2160_24fps.mp4,67,9,154,1327,1,0.6691766381263733,66.54226799946628,1,REAL_FIRE,2696.7140810011188,5,False,1,,66.54226799946628
fire_videos,1,detectium_fire/fire/12563729_3840_2160_24fps.mp4,67,10,173,1328,1,0.575486421585083,64.69447100062098,1,REAL_FIRE,2809.745324000687,5,False,1,,64.69447100062098
fire_videos,1,detectium_fire/fire/12563729_3840_2160_24fps.mp4,67,11,193,1329,1,0.511374294757843,75.93843500035291,1,REAL_FIRE,3323.294497999086,5,False,1,,75.93843500035291
fire_videos,1,detectium_fire/fire/12563729_3840_2160_24fps.mp4,67,12,212,1330,1,0.592055082321167,88.08449899879633,1,REAL_FIRE,3514.8555419982586,5,True,1,REAL_FIRE,3820.804388999022
fire_videos,1,detectium_fire/fire/12563729_3840_2160_24fps.mp4,67,13,231,1331,1,0.5373262763023376,63.72509299944795,1,REAL_FIRE,2861.545654999645,5,False,1,,63.72509299944795
fire_videos,1,detectium_fire/fire/12563729_3840_2160_24fps.mp4,67,14,250,1332,1,0.5654109716415405,85.27352199962479,1,REAL_FIRE,3248.6595710015536,5,False,1,,85.27352199962479
fire_videos,1,detectium_fire/fire/12563729_3840_2160_24fps.mp4,67,15,270,1333,1,0.5247093439102173,85.35776300050202,1,REAL_FIRE,3381.716294999933,5,False,1,,85.35776300050202
fire_videos,1,detectium_fire/fire/12563729_3840_2160_24fps.mp4,67,16,289,1334,1,0.502551257610321,69.77390400061267,1,REAL_FIRE,2759.5605499991507,5,False,1,,69.77390400061267
fire_videos,1,detectium_fire/fire/12563729_3840_2160_24fps.mp4,67,17,308,1335,1,0.543702244758606,65.69664000016928,1,REAL_FIRE,2700.4567500007397,5,True,1,REAL_FIRE,3716.0849390002113
fire_videos,1,detectium_fire/fire/12563729_3840_2160_24fps.mp4,67,18,327,1336,1,0.47135061025619507,76.19615499970678,1,REAL_FIRE,2626.3282890013215,5,False,1,,76.19615499970678
fire_videos,1,detectium_fire/fire/12563729_3840_2160_24fps.mp4,67,19,347,1337,1,0.5256620049476624,68.90597500023432,1,REAL_FIRE,2677.435687999605,5,False,1,,68.90597500023432
fire_videos,1,detectium_fire/fire/12563729_3840_2160_24fps.mp4,67,20,366,1338,1,0.43719029426574707,66.0472799991112,1,REAL_FIRE,2638.648979998834,5,False,1,,66.0472799991112
fire_videos,1,detectium_fire/fire/12565081_3840_2160_24fps.mp4,68,1,0,1339,0,0.0,62.32313399959821,0,NO_REAL_FIRE,3493.9969970000675,5,False,0,,62.32313399959821
fire_videos,1,detectium_fire/fire/12565081_3840_2160_24fps.mp4,68,2,27,1340,0,0.0,64.96458100082236,1,REAL_FIRE,2994.885213998714,5,True,1,REAL_FIRE,2967.358141002478
fire_videos,1,detectium_fire/fire/12565081_3840_2160_24fps.mp4,68,3,55,1341,0,0.0,65.44080000094255,1,REAL_FIRE,2883.2220360000065,5,False,0,,65.44080000094255
fire_videos,1,detectium_fire/fire/12565081_3840_2160_24fps.mp4,68,4,82,1342,0,0.0,68.32487599967862,1,REAL_FIRE,2925.2283759997226,5,False,0,,68.32487599967862
fire_videos,1,detectium_fire/fire/12565081_3840_2160_24fps.mp4,68,5,110,1343,1,0.32093673944473267,73.68761799989443,1,REAL_FIRE,3135.1518239989673,5,False,1,,73.68761799989443
fire_videos,1,detectium_fire/fire/12565081_3840_2160_24fps.mp4,68,6,137,1344,1,0.5734438896179199,64.58916100018541,1,REAL_FIRE,3289.5759689999977,5,False,1,,64.58916100018541
fire_videos,1,detectium_fire/fire/12565081_3840_2160_24fps.mp4,68,7,165,1345,1,0.42658647894859314,60.72680599936575,1,REAL_FIRE,3215.663778999442,5,True,1,REAL_FIRE,3159.4911749998573
fire_videos,1,detectium_fire/fire/12565081_3840_2160_24fps.mp4,68,8,192,1346,1,0.5985392928123474,65.86139799946977,1,REAL_FIRE,2824.5910570003616,5,False,1,,65.86139799946977
fire_videos,1,detectium_fire/fire/12565081_3840_2160_24fps.mp4,68,9,219,1347,1,0.5759662985801697,55.35105399940221,1,REAL_FIRE,3184.870236000279,5,False,1,,55.35105399940221
fire_videos,1,detectium_fire/fire/12565081_3840_2160_24fps.mp4,68,10,247,1348,1,0.6635757088661194,63.56861200038111,1,REAL_FIRE,3188.044088999959,5,False,1,,63.56861200038111
fire_videos,1,detectium_fire/fire/12565081_3840_2160_24fps.mp4,68,11,274,1349,1,0.6349806189537048,62.01779399998486,1,REAL_FIRE,2949.506688999463,5,False,1,,62.01779399998486
fire_videos,1,detectium_fire/fire/12565081_3840_2160_24fps.mp4,68,12,302,1350,1,0.6551926136016846,70.94447099916579,1,REAL_FIRE,2640.8674649992463,5,True,1,REAL_FIRE,2747.821015998852
fire_videos,1,detectium_fire/fire/12565081_3840_2160_24fps.mp4,68,13,329,1351,1,0.5460373759269714,66.5361169994867,1,REAL_FIRE,2960.3148800015333,5,False,1,,66.5361169994867
fire_videos,1,detectium_fire/fire/12565081_3840_2160_24fps.mp4,68,14,356,1352,1,0.6325181722640991,60.123696999653475,1,REAL_FIRE,2460.5482120005036,5,False,1,,60.123696999653475
fire_videos,1,detectium_fire/fire/12565081_3840_2160_24fps.mp4,68,15,384,1353,1,0.6148051619529724,61.554813999464386,1,REAL_FIRE,2508.9335340016987,5,False,1,,61.554813999464386
fire_videos,1,detectium_fire/fire/12565081_3840_2160_24fps.mp4,68,16,411,1354,1,0.6230073571205139,56.92402999920887,1,REAL_FIRE,3259.724298000947,5,False,1,,56.92402999920887
fire_videos,1,detectium_fire/fire/12565081_3840_2160_24fps.mp4,68,17,439,1355,1,0.6186502575874329,68.59963500028243,1,REAL_FIRE,2853.192343000046,5,True,1,REAL_FIRE,2888.670431000719
fire_videos,1,detectium_fire/fire/12565081_3840_2160_24fps.mp4,68,18,466,1356,1,0.5404044985771179,69.27384399932635,1,REAL_FIRE,2860.9644080006547,5,False,1,,69.27384399932635
fire_videos,1,detectium_fire/fire/12565081_3840_2160_24fps.mp4,68,19,494,1357,1,0.5643566250801086,65.38011900011043,1,REAL_FIRE,2916.4751790012815,5,False,1,,65.38011900011043
fire_videos,1,detectium_fire/fire/12565081_3840_2160_24fps.mp4,68,20,521,1358,1,0.6301011443138123,76.09434400001192,1,REAL_FIRE,3119.961514001261,5,False,1,,76.09434400001192
fire_videos,1,detectium_fire/fire/12588006_1920_1080_30fps.mp4,69,1,0,1359,1,0.5344998240470886,24.182107001252007,1,REAL_FIRE,2811.102473000574,5,False,1,,24.182107001252007
fire_videos,1,detectium_fire/fire/12588006_1920_1080_30fps.mp4,69,2,53,1360,1,0.6458180546760559,37.951917000100366,1,REAL_FIRE,2551.216724999904,5,True,1,REAL_FIRE,2743.9495750004426
fire_videos,1,detectium_fire/fire/12588006_1920_1080_30fps.mp4,69,3,107,1361,1,0.775163471698761,40.348542999709025,1,REAL_FIRE,3080.5967149990465,5,False,1,,40.348542999709025
fire_videos,1,detectium_fire/fire/12588006_1920_1080_30fps.mp4,69,4,160,1362,1,0.746050238609314,38.01964699960081,1,REAL_FIRE,3048.167769000429,5,False,1,,38.01964699960081
fire_videos,1,detectium_fire/fire/12588006_1920_1080_30fps.mp4,69,5,213,1363,1,0.7314475774765015,36.530608998873504,1,REAL_FIRE,3501.660134001213,5,False,1,,36.530608998873504
fire_videos,1,detectium_fire/fire/12588006_1920_1080_30fps.mp4,69,6,267,1364,1,0.7403548359870911,34.94771099940408,1,REAL_FIRE,3132.071547999658,5,False,1,,34.94771099940408
fire_videos,1,detectium_fire/fire/12588006_1920_1080_30fps.mp4,69,7,320,1365,1,0.6315519213676453,36.315920000561164,1,REAL_FIRE,2945.7002170001942,5,True,1,REAL_FIRE,2765.435298000739
fire_videos,1,detectium_fire/fire/12588006_1920_1080_30fps.mp4,69,8,373,1366,1,0.7950878739356995,36.39251999993576,1,REAL_FIRE,2803.4432439999364,5,False,1,,36.39251999993576
fire_videos,1,detectium_fire/fire/12588006_1920_1080_30fps.mp4,69,9,427,1367,1,0.6999680399894714,37.041988000055426,1,REAL_FIRE,3218.0621229999815,5,False,1,,37.041988000055426
fire_videos,1,detectium_fire/fire/12588006_1920_1080_30fps.mp4,69,10,480,1368,1,0.7046911120414734,22.04380900002434,1,REAL_FIRE,3011.319029999868,5,False,1,,22.04380900002434
fire_videos,1,detectium_fire/fire/12588006_1920_1080_30fps.mp4,69,11,533,1369,1,0.7790154218673706,44.4961079992936,1,REAL_FIRE,3129.7477330008405,5,False,1,,44.4961079992936
fire_videos,1,detectium_fire/fire/12588006_1920_1080_30fps.mp4,69,12,586,1370,1,0.775057852268219,38.13817700029176,1,REAL_FIRE,2608.6201909984084,5,True,1,REAL_FIRE,3043.9622510002664
fire_videos,1,detectium_fire/fire/12588006_1920_1080_30fps.mp4,69,13,640,1371,1,0.6632143259048462,36.28338900125527,1,REAL_FIRE,2775.188444999003,5,False,1,,36.28338900125527
fire_videos,1,detectium_fire/fire/12588006_1920_1080_30fps.mp4,69,14,693,1372,1,0.6541690230369568,36.545749000651995,1,REAL_FIRE,3126.5224429989757,5,False,1,,36.545749000651995
fire_videos,1,detectium_fire/fire/12588006_1920_1080_30fps.mp4,69,15,746,1373,1,0.600236177444458,39.08720499930496,1,REAL_FIRE,2793.1314690013096,5,False,1,,39.08720499930496
fire_videos,1,detectium_fire/fire/12588006_1920_1080_30fps.mp4,69,16,800,1374,1,0.7656446695327759,36.45702900030301,1,REAL_FIRE,3062.001100000998,5,False,1,,36.45702900030301
fire_videos,1,detectium_fire/fire/12588006_1920_1080_30fps.mp4,69,17,853,1375,1,0.6547850370407104,36.38483899885614,1,REAL_FIRE,3030.9219419996225,5,True,1,REAL_FIRE,3020.3749970005447
fire_videos,1,detectium_fire/fire/12588006_1920_1080_30fps.mp4,69,18,906,1376,1,0.7407075762748718,43.2899389998056,1,REAL_FIRE,2717.23965000092,5,False,1,,43.2899389998056
fire_videos,1,detectium_fire/fire/12588006_1920_1080_30fps.mp4,69,19,960,1377,1,0.5308535099029541,36.34010899986606,1,REAL_FIRE,2831.560198999796,5,False,1,,36.34010899986606
fire_videos,1,detectium_fire/fire/12588006_1920_1080_30fps.mp4,69,20,1013,1378,1,0.7203070521354675,36.42241899979126,1,REAL_FIRE,2785.1693039992824,5,False,1,,36.42241899979126
fire_videos,1,detectium_fire/fire/12602504_3840_2160_24fps.mp4,70,1,0,1379,1,0.5526679754257202,73.64349699855666,1,REAL_FIRE,3198.3138310006325,5,False,1,,73.64349699855666
fire_videos,1,detectium_fire/fire/12602504_3840_2160_24fps.mp4,70,2,9,1380,1,0.27011358737945557,66.47633700049482,1,REAL_FIRE,2581.9476950000535,5,True,1,REAL_FIRE,3181.9799130007596
fire_videos,1,detectium_fire/fire/12602504_3840_2160_24fps.mp4,70,3,17,1381,1,0.4982894957065582,86.31255799991777,1,REAL_FIRE,3353.0787309991865,5,False,1,,86.31255799991777
fire_videos,1,detectium_fire/fire/12602504_3840_2160_24fps.mp4,70,4,26,1382,1,0.6579576730728149,67.56167499952426,1,REAL_FIRE,2708.6079549990245,5,False,1,,67.56167499952426
fire_videos,1,detectium_fire/fire/12602504_3840_2160_24fps.mp4,70,5,34,1383,1,0.6013073325157166,73.25259800018102,1,REAL_FIRE,2976.872657000058,5,False,1,,73.25259800018102
fire_videos,1,detectium_fire/fire/12602504_3840_2160_24fps.mp4,70,6,43,1384,1,0.49778687953948975,71.164270000736,1,REAL_FIRE,3350.5317800008925,5,False,1,,71.164270000736
fire_videos,1,detectium_fire/fire/12602504_3840_2160_24fps.mp4,70,7,51,1385,1,0.5766732692718506,68.62796399946092,1,REAL_FIRE,3171.1830709991773,5,True,1,REAL_FIRE,3180.168707998746
fire_videos,1,detectium_fire/fire/12602504_3840_2160_24fps.mp4,70,8,60,1386,1,0.2994728088378906,68.55166300010751,1,REAL_FIRE,2974.2169760011166,5,False,1,,68.55166300010751
fire_videos,1,detectium_fire/fire/12602504_3840_2160_24fps.mp4,70,9,69,1387,1,0.6044870615005493,86.57488800054125,1,REAL_FIRE,3063.7365879993013,5,False,1,,86.57488800054125
fire_videos,1,detectium_fire/fire/12602504_3840_2160_24fps.mp4,70,10,77,1388,1,0.2706878185272217,85.84432899988315,1,REAL_FIRE,2935.5305380013306,5,False,1,,85.84432899988315
fire_videos,1,detectium_fire/fire/12602504_3840_2160_24fps.mp4,70,11,86,1389,1,0.6367433071136475,51.47980699985055,1,REAL_FIRE,2999.918285999229,5,False,1,,51.47980699985055
fire_videos,1,detectium_fire/fire/12602504_3840_2160_24fps.mp4,70,12,94,1390,1,0.565330982208252,72.39540800037503,1,REAL_FIRE,2953.911808999692,5,True,1,REAL_FIRE,2596.3553029996547
fire_videos,1,detectium_fire/fire/12602504_3840_2160_24fps.mp4,70,13,103,1391,1,0.40907275676727295,57.252799000707455,1,REAL_FIRE,2724.360620999505,5,False,1,,57.252799000707455
fire_videos,1,detectium_fire/fire/12602504_3840_2160_24fps.mp4,70,14,112,1392,1,0.41580885648727417,61.48335299985774,1,REAL_FIRE,3169.681261999358,5,False,1,,61.48335299985774
fire_videos,1,detectium_fire/fire/12602504_3840_2160_24fps.mp4,70,15,120,1393,0,0.0,65.9699179996096,1,REAL_FIRE,3043.625628999507,5,False,0,,65.9699179996096
fire_videos,1,detectium_fire/fire/12602504_3840_2160_24fps.mp4,70,16,129,1394,1,0.6512356400489807,68.58567299968854,1,REAL_FIRE,3198.808998000459,5,False,1,,68.58567299968854
fire_videos,1,detectium_fire/fire/12602504_3840_2160_24fps.mp4,70,17,137,1395,1,0.5013515949249268,92.8186689998256,1,REAL_FIRE,2527.2755150017474,5,True,1,REAL_FIRE,3167.9096299994853
fire_videos,1,detectium_fire/fire/12602504_3840_2160_24fps.mp4,70,18,146,1396,1,0.5809048414230347,85.31352899990452,1,REAL_FIRE,3192.197184000179,5,False,1,,85.31352899990452
fire_videos,1,detectium_fire/fire/12602504_3840_2160_24fps.mp4,70,19,154,1397,1,0.4152148962020874,68.45757299925026,1,REAL_FIRE,2982.1210499994777,5,False,1,,68.45757299925026
fire_videos,1,detectium_fire/fire/12602504_3840_2160_24fps.mp4,70,20,163,1398,1,0.3881411850452423,60.72381400008453,1,REAL_FIRE,2926.1555670000234,5,False,1,,60.72381400008453
fire_videos,1,detectium_fire/fire/12602511_3840_2160_24fps.mp4,71,1,0,1399,1,0.7468549013137817,59.53867599964724,1,REAL_FIRE,2799.3748460012284,5,False,1,,59.53867599964724
fire_videos,1,detectium_fire/fire/12602511_3840_2160_24fps.mp4,71,2,13,1400,1,0.5910643935203552,60.87572400065255,1,REAL_FIRE,2755.1405369995337,5,True,1,REAL_FIRE,3170.7820290012023
fire_videos,1,detectium_fire/fire/12602511_3840_2160_24fps.mp4,71,3,26,1401,1,0.7675310969352722,73.64122599938128,1,REAL_FIRE,3690.6408930008183,5,False,1,,73.64122599938128
fire_videos,1,detectium_fire/fire/12602511_3840_2160_24fps.mp4,71,4,39,1402,1,0.7898454666137695,84.18345200152544,1,REAL_FIRE,3491.5820930000336,5,False,1,,84.18345200152544
fire_videos,1,detectium_fire/fire/12602511_3840_2160_24fps.mp4,71,5,52,1403,1,0.7938794493675232,64.20935999994981,1,REAL_FIRE,2986.444345999189,5,False,1,,64.20935999994981
fire_videos,1,detectium_fire/fire/12602511_3840_2160_24fps.mp4,71,6,64,1404,1,0.7514380216598511,66.81818600009137,1,REAL_FIRE,2636.9021289992816,5,False,1,,66.81818600009137
fire_videos,1,detectium_fire/fire/12602511_3840_2160_24fps.mp4,71,7,77,1405,1,0.8336248993873596,84.04821099975379,1,REAL_FIRE,2598.6083530006,5,True,1,REAL_FIRE,3222.795388999657
fire_videos,1,detectium_fire/fire/12602511_3840_2160_24fps.mp4,71,8,90,1406,1,0.7580394148826599,82.7368430000206,1,REAL_FIRE,2893.107455000063,5,False,1,,82.7368430000206
fire_videos,1,detectium_fire/fire/12602511_3840_2160_24fps.mp4,71,9,103,1407,1,0.6336771249771118,61.695632999544614,1,REAL_FIRE,3320.7850480011984,5,False,1,,61.695632999544614
fire_videos,1,detectium_fire/fire/12602511_3840_2160_24fps.mp4,71,10,116,1408,1,0.679257333278656,79.25510799941549,1,REAL_FIRE,3184.366970001065,5,False,1,,79.25510799941549
fire_videos,1,detectium_fire/fire/12602511_3840_2160_24fps.mp4,71,11,129,1409,1,0.7566832304000854,84.30644000145548,1,REAL_FIRE,3000.3746499987756,5,False,1,,84.30644000145548
fire_videos,1,detectium_fire/fire/12602511_3840_2160_24fps.mp4,71,12,142,1410,1,0.8013362288475037,53.87171399888757,1,REAL_FIRE,3095.7314830011455,5,True,1,REAL_FIRE,2771.3754229989718
fire_videos,1,detectium_fire/fire/12602511_3840_2160_24fps.mp4,71,13,155,1411,1,0.6646926999092102,64.54439899971476,1,REAL_FIRE,3009.5335629994224,5,False,1,,64.54439899971476
fire_videos,1,detectium_fire/fire/12602511_3840_2160_24fps.mp4,71,14,168,1412,1,0.7370189428329468,64.16149799952109,1,REAL_FIRE,3143.3511129998806,5,False,1,,64.16149799952109
fire_videos,1,detectium_fire/fire/12602511_3840_2160_24fps.mp4,71,15,181,1413,0,0.0,60.75844400038477,1,REAL_FIRE,2913.4681279992947,5,False,0,,60.75844400038477
fire_videos,1,detectium_fire/fire/12602511_3840_2160_24fps.mp4,71,16,193,1414,1,0.5825528502464294,62.09136200050125,1,REAL_FIRE,2989.515339000718,5,False,1,,62.09136200050125
fire_videos,1,detectium_fire/fire/12602511_3840_2160_24fps.mp4,71,17,206,1415,1,0.43979620933532715,61.22111300101096,1,REAL_FIRE,3557.4477270001807,5,True,1,REAL_FIRE,3033.6906680004176
fire_videos,1,detectium_fire/fire/12602511_3840_2160_24fps.mp4,71,18,219,1416,1,0.35102367401123047,61.78270700002031,1,REAL_FIRE,3712.7820559999236,5,False,1,,61.78270700002031
fire_videos,1,detectium_fire/fire/12602511_3840_2160_24fps.mp4,71,19,232,1417,1,0.4322303831577301,62.73794600019755,1,REAL_FIRE,3102.3638760016183,5,False,1,,62.73794600019755
fire_videos,1,detectium_fire/fire/12602511_3840_2160_24fps.mp4,71,20,245,1418,1,0.5070147514343262,67.7146130001347,1,REAL_FIRE,2512.2383540001465,5,False,1,,67.7146130001347
fire_videos,1,detectium_fire/fire/12629298_1920_1080_30fps.mp4,72,1,0,1419,1,0.8480219841003418,18.787758999678772,1,REAL_FIRE,3034.4949520003865,5,False,1,,18.787758999678772
fire_videos,1,detectium_fire/fire/12629298_1920_1080_30fps.mp4,72,2,9,1420,1,0.6043437719345093,35.91991000212147,1,REAL_FIRE,3303.6530950012093,5,True,1,REAL_FIRE,2688.8952190020063
fire_videos,1,detectium_fire/fire/12629298_1920_1080_30fps.mp4,72,3,18,1421,1,0.35553044080734253,16.717430000426248,1,REAL_FIRE,3316.535246998683,5,False,1,,16.717430000426248
fire_videos,1,detectium_fire/fire/12629298_1920_1080_30fps.mp4,72,4,26,1422,1,0.3551863431930542,27.151015001436463,1,REAL_FIRE,3006.562608999957,5,False,1,,27.151015001436463
fire_videos,1,detectium_fire/fire/12629298_1920_1080_30fps.mp4,72,5,35,1423,1,0.5073454976081848,39.93605700088665,1,REAL_FIRE,3428.535789000307,5,False,1,,39.93605700088665
fire_videos,1,detectium_fire/fire/12629298_1920_1080_30fps.mp4,72,6,44,1424,1,0.3191886246204376,30.69615200001863,1,REAL_FIRE,3145.3620370011777,5,False,1,,30.69615200001863
fire_videos,1,detectium_fire/fire/12629298_1920_1080_30fps.mp4,72,7,53,1425,1,0.42374280095100403,29.85737299968605,1,REAL_FIRE,3042.570691999572,5,True,1,REAL_FIRE,2782.5281050027115
fire_videos,1,detectium_fire/fire/12629298_1920_1080_30fps.mp4,72,8,62,1426,1,0.459784597158432,31.87700100170332,1,REAL_FIRE,3752.668167999218,5,False,1,,31.87700100170332
fire_videos,1,detectium_fire/fire/12629298_1920_1080_30fps.mp4,72,9,70,1427,1,0.7306081056594849,22.9706959980831,1,REAL_FIRE,3216.934001997288,5,False,1,,22.9706959980831
fire_videos,1,detectium_fire/fire/12629298_1920_1080_30fps.mp4,72,10,79,1428,1,0.7153310179710388,18.663188002392417,1,REAL_FIRE,2805.17895900266,5,False,1,,18.663188002392417
fire_videos,1,detectium_fire/fire/12629298_1920_1080_30fps.mp4,72,11,88,1429,1,0.3329305648803711,22.1275069998228,1,REAL_FIRE,3193.517117000738,5,False,1,,22.1275069998228
fire_videos,1,detectium_fire/fire/12629298_1920_1080_30fps.mp4,72,12,97,1430,1,0.2716287076473236,40.01319500093814,1,REAL_FIRE,3409.864576002292,5,True,1,REAL_FIRE,3389.3769130008877
fire_videos,1,detectium_fire/fire/12629298_1920_1080_30fps.mp4,72,13,105,1431,1,0.2834194600582123,25.098615002207225,1,REAL_FIRE,2422.3523049986397,5,False,1,,25.098615002207225
fire_videos,1,detectium_fire/fire/12629298_1920_1080_30fps.mp4,72,14,114,1432,1,0.5436055064201355,38.259326000115834,1,REAL_FIRE,3124.8126110003795,5,False,1,,38.259326000115834
fire_videos,1,detectium_fire/fire/12629298_1920_1080_30fps.mp4,72,15,123,1433,1,0.45790114998817444,38.961656002356904,1,REAL_FIRE,3117.310560999613,5,False,1,,38.961656002356904
fire_videos,1,detectium_fire/fire/12629298_1920_1080_30fps.mp4,72,16,132,1434,1,0.7016658782958984,46.00930000015069,1,REAL_FIRE,3270.052078001754,5,False,1,,46.00930000015069
fire_videos,1,detectium_fire/fire/12629298_1920_1080_30fps.mp4,72,17,141,1435,1,0.35028886795043945,43.7965119999717,1,REAL_FIRE,3051.6722230022424,5,True,1,REAL_FIRE,2960.031462000188
fire_videos,1,detectium_fire/fire/12629298_1920_1080_30fps.mp4,72,18,149,1436,1,0.5834446549415588,38.28733599948464,1,REAL_FIRE,3310.8260270018945,5,False,1,,38.28733599948464
fire_videos,1,detectium_fire/fire/12629298_1920_1080_30fps.mp4,72,19,158,1437,1,0.4727495610713959,22.7928449967294,1,REAL_FIRE,2614.5326030018623,5,False,1,,22.7928449967294
fire_videos,1,detectium_fire/fire/12629298_1920_1080_30fps.mp4,72,20,167,1438,1,0.43179652094841003,21.646814999257913,1,REAL_FIRE,2452.942511001311,5,False,1,,21.646814999257913
fire_videos,1,detectium_fire/fire/12641002_3840_2160_25fps.mp4,73,1,0,1439,1,0.7475519180297852,84.37150399913662,1,REAL_FIRE,2511.46724100181,5,False,1,,84.37150399913662
fire_videos,1,detectium_fire/fire/12641002_3840_2160_25fps.mp4,73,2,27,1440,1,0.7552767992019653,89.26260099906358,1,REAL_FIRE,3254.610281001078,5,True,1,REAL_FIRE,3208.46168099888
fire_videos,1,detectium_fire/fire/12641002_3840_2160_25fps.mp4,73,3,54,1441,1,0.785634458065033,84.85070199822076,1,REAL_FIRE,2610.509333000664,5,False,1,,84.85070199822076
fire_videos,1,detectium_fire/fire/12641002_3840_2160_25fps.mp4,73,4,81,1442,1,0.7672007083892822,64.39573600073345,1,REAL_FIRE,2734.8079880030127,5,False,1,,64.39573600073345
fire_videos,1,detectium_fire/fire/12641002_3840_2160_25fps.mp4,73,5,108,1443,1,0.7839127779006958,81.54320399989956,1,REAL_FIRE,2403.016555999784,5,False,1,,81.54320399989956
fire_videos,1,detectium_fire/fire/12641002_3840_2160_25fps.mp4,73,6,135,1444,1,0.743147075176239,66.17012499918928,1,REAL_FIRE,2537.884862998908,5,False,1,,66.17012499918928
fire_videos,1,detectium_fire/fire/12641002_3840_2160_25fps.mp4,73,7,162,1445,1,0.7634922862052917,64.58472499798518,1,REAL_FIRE,3092.62650600067,5,True,1,REAL_FIRE,2781.2517230013327
fire_videos,1,detectium_fire/fire/12641002_3840_2160_25fps.mp4,73,8,189,1446,1,0.7193689942359924,88.56760799972108,1,REAL_FIRE,2581.680901999789,5,False,1,,88.56760799972108
fire_videos,1,detectium_fire/fire/12641002_3840_2160_25fps.mp4,73,9,216,1447,1,0.7486234307289124,87.37175799979013,1,REAL_FIRE,2887.4255740010994,5,False,1,,87.37175799979013
fire_videos,1,detectium_fire/fire/12641002_3840_2160_25fps.mp4,73,10,243,1448,1,0.7735818028450012,85.15839000028791,1,REAL_FIRE,2847.8713699987566,5,False,1,,85.15839000028791
fire_videos,1,detectium_fire/fire/12641002_3840_2160_25fps.mp4,73,11,270,1449,1,0.7015256881713867,56.219879999844125,1,REAL_FIRE,2907.7361160016153,5,False,1,,56.219879999844125
fire_videos,1,detectium_fire/fire/12641002_3840_2160_25fps.mp4,73,12,297,1450,1,0.7774158120155334,67.17968199882307,1,REAL_FIRE,2707.3016289978113,5,True,1,REAL_FIRE,2706.6401809970557
fire_videos,1,detectium_fire/fire/12641002_3840_2160_25fps.mp4,73,13,324,1451,1,0.7466895580291748,61.60589600040112,1,REAL_FIRE,2571.721209002135,5,False,1,,61.60589600040112
fire_videos,1,detectium_fire/fire/12641002_3840_2160_25fps.mp4,73,14,351,1452,1,0.7569578289985657,67.57813100193744,1,REAL_FIRE,2310.606260998611,5,False,1,,67.57813100193744
fire_videos,1,detectium_fire/fire/12641002_3840_2160_25fps.mp4,73,15,378,1453,1,0.7684497237205505,62.692213999980595,1,REAL_FIRE,2840.836903997115,5,False,1,,62.692213999980595
fire_videos,1,detectium_fire/fire/12641002_3840_2160_25fps.mp4,73,16,405,1454,1,0.703350841999054,67.24988999849302,1,REAL_FIRE,2666.6954219981562,5,False,1,,67.24988999849302
fire_videos,1,detectium_fire/fire/12641002_3840_2160_25fps.mp4,73,17,432,1455,1,0.637564480304718,93.0104510007368,1,REAL_FIRE,3036.9266660018184,5,True,1,REAL_FIRE,3257.9606900035287
fire_videos,1,detectium_fire/fire/12641002_3840_2160_25fps.mp4,73,18,459,1456,1,0.6692419648170471,87.20850499958033,1,REAL_FIRE,2679.0961809965665,5,False,1,,87.20850499958033
fire_videos,1,detectium_fire/fire/12641002_3840_2160_25fps.mp4,73,19,486,1457,1,0.6744486689567566,67.72865899984026,1,REAL_FIRE,2629.2456179980945,5,False,1,,67.72865899984026
fire_videos,1,detectium_fire/fire/12656246_2160_3840_30fps.mp4,74,1,0,1458,1,0.3113265633583069,76.16471200162778,1,REAL_FIRE,2835.919229997671,5,False,1,,76.16471200162778
fire_videos,1,detectium_fire/fire/12656246_2160_3840_30fps.mp4,74,2,18,1459,1,0.45449283719062805,60.3370429998904,1,REAL_FIRE,2628.0794390004303,5,False,1,,60.3370429998904
fire_videos,1,detectium_fire/fire/12656246_2160_3840_30fps.mp4,74,3,35,1460,1,0.5693045258522034,70.49902600192581,1,REAL_FIRE,3046.907308998925,5,True,1,REAL_FIRE,3305.7077690027654
fire_videos,1,detectium_fire/fire/12656246_2160_3840_30fps.mp4,74,4,53,1461,1,0.2685725688934326,72.98215400078334,1,REAL_FIRE,3002.410750999843,5,False,1,,72.98215400078334
fire_videos,1,detectium_fire/fire/12656246_2160_3840_30fps.mp4,74,5,71,1462,0,0.0,66.74306800050545,1,REAL_FIRE,3601.0878730012337,5,False,0,,66.74306800050545
fire_videos,1,detectium_fire/fire/12656246_2160_3840_30fps.mp4,74,6,89,1463,1,0.3508051931858063,75.2750309984549,1,REAL_FIRE,2725.5552720016567,5,False,1,,75.2750309984549
fire_videos,1,detectium_fire/fire/12656246_2160_3840_30fps.mp4,74,7,106,1464,1,0.3608621060848236,70.03956499829656,1,REAL_FIRE,3027.9196239971498,5,False,1,,70.03956499829656
fire_videos,1,detectium_fire/fire/12656246_2160_3840_30fps.mp4,74,8,124,1465,1,0.28010714054107666,71.3220840007125,1,REAL_FIRE,3364.1285369994876,5,True,1,REAL_FIRE,2923.136944998987
fire_videos,1,detectium_fire/fire/12656246_2160_3840_30fps.mp4,74,9,142,1466,0,0.0,68.50868499896023,1,REAL_FIRE,3146.418915999675,5,False,0,,68.50868499896023
fire_videos,1,detectium_fire/fire/12656246_2160_3840_30fps.mp4,74,10,160,1467,1,0.6709969639778137,75.42133899914916,1,REAL_FIRE,3301.5167490011663,5,False,1,,75.42133899914916
fire_videos,1,detectium_fire/fire/12656246_2160_3840_30fps.mp4,74,11,177,1468,1,0.4710652232170105,83.99007199841435,1,REAL_FIRE,3149.4418869988294,5,False,1,,83.99007199841435
fire_videos,1,detectium_fire/fire/12656246_2160_3840_30fps.mp4,74,12,195,1469,1,0.5325410962104797,63.15920900306082,1,REAL_FIRE,2698.038760001509,5,False,1,,63.15920900306082
fire_videos,1,detectium_fire/fire/12656246_2160_3840_30fps.mp4,74,13,213,1470,0,0.0,73.54502100133686,1,REAL_FIRE,2702.7847159988596,5,True,1,REAL_FIRE,2759.75186299911
fire_videos,1,detectium_fire/fire/12656246_2160_3840_30fps.mp4,74,14,231,1471,1,0.5890957713127136,80.3523540016613,1,REAL_FIRE,3236.758030998317,5,False,1,,80.3523540016613
fire_videos,1,detectium_fire/fire/12656246_2160_3840_30fps.mp4,74,15,248,1472,1,0.6882542967796326,61.76460000278894,1,REAL_FIRE,3184.7114299998793,5,False,1,,61.76460000278894
fire_videos,1,detectium_fire/fire/12656246_2160_3840_30fps.mp4,74,16,266,1473,1,0.47975969314575195,62.06799800202134,1,REAL_FIRE,2825.170436000917,5,False,1,,62.06799800202134
fire_videos,1,detectium_fire/fire/12656246_2160_3840_30fps.mp4,74,17,284,1474,1,0.43071335554122925,71.2284709989035,1,REAL_FIRE,3120.663792000414,5,False,1,,71.2284709989035
fire_videos,1,detectium_fire/fire/12656246_2160_3840_30fps.mp4,74,18,302,1475,1,0.542517364025116,62.846518001606455,1,REAL_FIRE,2520.971270998416,5,True,1,REAL_FIRE,2878.6839160020463
fire_videos,1,detectium_fire/fire/12656246_2160_3840_30fps.mp4,74,19,319,1476,1,0.273176372051239,61.170098997536115,1,REAL_FIRE,2682.9906510029105,5,False,1,,61.170098997536115
fire_videos,1,detectium_fire/fire/12656246_2160_3840_30fps.mp4,74,20,337,1477,1,0.5343018174171448,75.26839700221899,1,REAL_FIRE,3375.9131280021393,5,False,1,,75.26839700221899
fire_videos,1,detectium_fire/fire/12687106_2160_3840_50fps.mp4,75,1,0,1478,1,0.7816081643104553,41.83915499743307,1,REAL_FIRE,3379.3507929985935,5,False,1,,41.83915499743307
fire_videos,1,detectium_fire/fire/12687106_2160_3840_50fps.mp4,75,2,13,1479,1,0.6146465539932251,65.4531539985328,1,REAL_FIRE,2791.1693210007797,5,False,1,,65.4531539985328
fire_videos,1,detectium_fire/fire/12687106_2160_3840_50fps.mp4,75,3,27,1480,1,0.6399675607681274,62.81490699984715,1,REAL_FIRE,2874.3410909992235,5,True,1,REAL_FIRE,3359.0925890021026
fire_videos,1,detectium_fire/fire/12687106_2160_3840_50fps.mp4,75,4,40,1481,1,0.37117281556129456,65.17273399731494,1,REAL_FIRE,3487.786715999391,5,False,1,,65.17273399731494
fire_videos,1,detectium_fire/fire/12687106_2160_3840_50fps.mp4,75,5,53,1482,1,0.6557469964027405,63.40863500008709,1,REAL_FIRE,2969.5301710016793,5,False,1,,63.40863500008709
fire_videos,1,detectium_fire/fire/12687106_2160_3840_50fps.mp4,75,6,67,1483,1,0.6621205806732178,61.418947003403446,1,REAL_FIRE,2971.8944390006072,5,False,1,,61.418947003403446
fire_videos,1,detectium_fire/fire/12687106_2160_3840_50fps.mp4,75,7,80,1484,1,0.5327379107475281,87.82716399946366,1,REAL_FIRE,3318.0137689996627,5,False,1,,87.82716399946366
fire_videos,1,detectium_fire/fire/12687106_2160_3840_50fps.mp4,75,8,93,1485,1,0.7371976971626282,44.60564200053341,1,REAL_FIRE,3313.735442003235,5,True,1,REAL_FIRE,3338.004510002065
fire_videos,1,detectium_fire/fire/12687106_2160_3840_50fps.mp4,75,9,107,1486,1,0.566336989402771,50.65430600006948,1,REAL_FIRE,2979.1577140022127,5,False,1,,50.65430600006948
fire_videos,1,detectium_fire/fire/12687106_2160_3840_50fps.mp4,75,10,120,1487,1,0.2998866140842438,67.10747100078152,1,REAL_FIRE,3169.9151060020085,5,False,1,,67.10747100078152
fire_videos,1,detectium_fire/fire/12687106_2160_3840_50fps.mp4,75,11,133,1488,1,0.3603408634662628,71.4336170021852,1,REAL_FIRE,2694.3203670016374,5,False,1,,71.4336170021852
fire_videos,1,detectium_fire/fire/12687106_2160_3840_50fps.mp4,75,12,146,1489,1,0.581692636013031,62.58971400166047,1,REAL_FIRE,2582.0201390015427,5,False,1,,62.58971400166047
fire_videos,1,detectium_fire/fire/12687106_2160_3840_50fps.mp4,75,13,160,1490,1,0.5623675584793091,65.71643200004473,1,REAL_FIRE,3290.4694200005906,5,True,1,REAL_FIRE,3632.269465000718
fire_videos,1,detectium_fire/fire/12687106_2160_3840_50fps.mp4,75,14,173,1491,1,0.42559340596199036,79.9406980004278,1,REAL_FIRE,2964.4812010010355,5,False,1,,79.9406980004278
fire_videos,1,detectium_fire/fire/12687106_2160_3840_50fps.mp4,75,15,186,1492,1,0.6031537055969238,75.92554200164159,1,REAL_FIRE,2838.260545999219,5,False,1,,75.92554200164159
fire_videos,1,detectium_fire/fire/12687106_2160_3840_50fps.mp4,75,16,200,1493,1,0.4997504949569702,78.50849899841705,1,REAL_FIRE,4157.270324998535,5,False,1,,78.50849899841705
fire_videos,1,detectium_fire/fire/12687106_2160_3840_50fps.mp4,75,17,213,1494,1,0.26528942584991455,84.93049300159328,1,REAL_FIRE,3028.238042999874,5,False,1,,84.93049300159328
fire_videos,1,detectium_fire/fire/12687106_2160_3840_50fps.mp4,75,18,226,1495,0,0.0,60.334854999382515,1,REAL_FIRE,2955.7613599972683,5,True,1,REAL_FIRE,3325.5453140009195
fire_videos,1,detectium_fire/fire/12687106_2160_3840_50fps.mp4,75,19,240,1496,1,0.4231153130531311,70.69109499934711,1,REAL_FIRE,2912.932762003038,5,False,1,,70.69109499934711
fire_videos,1,detectium_fire/fire/12687106_2160_3840_50fps.mp4,75,20,253,1497,1,0.3318749666213989,71.11180499850889,1,REAL_FIRE,2758.0875149978965,5,False,1,,71.11180499850889
fire_videos,1,detectium_fire/fire/12706472_3840_2160_30fps.mp4,76,1,0,1498,1,0.5874675512313843,64.92993999927421,1,REAL_FIRE,2796.1052829996333,5,False,1,,64.92993999927421
fire_videos,1,detectium_fire/fire/12706472_3840_2160_30fps.mp4,76,2,19,1499,1,0.6174675822257996,62.293122999108164,1,REAL_FIRE,3136.7972389998613,5,False,1,,62.293122999108164
fire_videos,1,detectium_fire/fire/12706472_3840_2160_30fps.mp4,76,3,38,1500,1,0.8107615113258362,88.0856980002136,1,REAL_FIRE,3149.798827998893,5,True,1,REAL_FIRE,3507.2243369977514
fire_videos,1,detectium_fire/fire/12706472_3840_2160_30fps.mp4,76,4,57,1501,1,0.7335014939308167,53.13190100059728,1,REAL_FIRE,2665.3301420010393,5,False,1,,53.13190100059728
fire_videos,1,detectium_fire/fire/12706472_3840_2160_30fps.mp4,76,5,76,1502,1,0.5010654926300049,82.84804199865903,1,REAL_FIRE,3724.1228120001324,5,False,1,,82.84804199865903
fire_videos,1,detectium_fire/fire/12706472_3840_2160_30fps.mp4,76,6,95,1503,1,0.26719215512275696,63.07938000099966,1,REAL_FIRE,2504.2625880014384,5,False,1,,63.07938000099966
fire_videos,1,detectium_fire/fire/12706472_3840_2160_30fps.mp4,76,7,114,1504,0,0.0,66.7698469987954,1,REAL_FIRE,2685.6621999977506,5,False,0,,66.7698469987954
fire_videos,1,detectium_fire/fire/12706472_3840_2160_30fps.mp4,76,8,133,1505,1,0.3698943555355072,72.8575909997744,1,REAL_FIRE,2917.6199920002546,5,True,1,REAL_FIRE,3717.865836999408
fire_videos,1,detectium_fire/fire/12706472_3840_2160_30fps.mp4,76,9,152,1506,1,0.3378649353981018,67.42539599872543,1,REAL_FIRE,2670.6486500006577,5,False,1,,67.42539599872543
fire_videos,1,detectium_fire/fire/12706472_3840_2160_30fps.mp4,76,10,171,1507,1,0.7535045742988586,65.22926699835807,1,REAL_FIRE,3233.583715998975,5,False,1,,65.22926699835807
fire_videos,1,detectium_fire/fire/12706472_3840_2160_30fps.mp4,76,11,191,1508,1,0.27680572867393494,68.98573400030727,1,REAL_FIRE,2778.6284709982283,5,False,1,,68.98573400030727
fire_videos,1,detectium_fire/fire/12706472_3840_2160_30fps.mp4,76,12,210,1509,1,0.6616473197937012,66.5100660007738,1,REAL_FIRE,3723.4164939982293,5,False,1,,66.5100660007738
fire_videos,1,detectium_fire/fire/12706472_3840_2160_30fps.mp4,76,13,229,1510,1,0.7028272151947021,70.67167200148106,1,REAL_FIRE,3295.0618030008627,5,True,1,REAL_FIRE,2639.0145200020925
fire_videos,1,detectium_fire/fire/12706472_3840_2160_30fps.mp4,76,14,248,1511,1,0.7903674840927124,65.3255059987714,1,REAL_FIRE,3235.9674730032566,5,False,1,,65.3255059987714
fire_videos,1,detectium_fire/fire/12706472_3840_2160_30fps.mp4,76,15,267,1512,1,0.7064021825790405,62.42528000075254,1,REAL_FIRE,2580.10158199977,5,False,1,,62.42528000075254
fire_videos,1,detectium_fire/fire/12706472_3840_2160_30fps.mp4,76,16,286,1513,1,0.8164708614349365,65.29127700196113,1,REAL_FIRE,2868.1290250024176,5,False,1,,65.29127700196113
fire_videos,1,detectium_fire/fire/12706472_3840_2160_30fps.mp4,76,17,305,1514,1,0.8300014734268188,68.51215300048352,1,REAL_FIRE,3281.6587739980605,5,False,1,,68.51215300048352
fire_videos,1,detectium_fire/fire/12706472_3840_2160_30fps.mp4,76,18,324,1515,1,0.7568866610527039,92.73730000131764,1,REAL_FIRE,3324.875231999613,5,True,1,REAL_FIRE,3032.2462530020857
fire_videos,1,detectium_fire/fire/12706472_3840_2160_30fps.mp4,76,19,343,1516,1,0.8079571723937988,80.23289099946851,1,REAL_FIRE,2857.0089569984702,5,False,1,,80.23289099946851
fire_videos,1,detectium_fire/fire/12706472_3840_2160_30fps.mp4,76,20,362,1517,1,0.28989148139953613,80.13995100191096,1,REAL_FIRE,2923.9335029997164,5,False,1,,80.13995100191096
fire_videos,1,detectium_fire/fire/12725971_3840_2160_25fps.mp4,77,1,0,1518,1,0.4106307029724121,63.366826998390025,1,REAL_FIRE,3058.8465630025894,5,False,1,,63.366826998390025
fire_videos,1,detectium_fire/fire/12725971_3840_2160_25fps.mp4,77,2,17,1519,0,0.0,64.88995600011549,1,REAL_FIRE,3366.133239996998,5,False,0,,64.88995600011549
fire_videos,1,detectium_fire/fire/12725971_3840_2160_25fps.mp4,77,3,34,1520,1,0.3298135995864868,87.07133300049463,1,REAL_FIRE,3063.1785730001866,5,True,1,REAL_FIRE,3793.3568869993906
fire_videos,1,detectium_fire/fire/12725971_3840_2160_25fps.mp4,77,4,51,1521,0,0.0,65.99117400037358,1,REAL_FIRE,2407.5782830004755,5,False,0,,65.99117400037358
fire_videos,1,detectium_fire/fire/12725971_3840_2160_25fps.mp4,77,5,68,1522,1,0.2807663679122925,68.06275199778611,1,REAL_FIRE,2338.738718000968,5,False,1,,68.06275199778611
fire_videos,1,detectium_fire/fire/12725971_3840_2160_25fps.mp4,77,6,85,1523,1,0.5155148506164551,47.74665199875017,1,REAL_FIRE,2533.713587999955,5,False,1,,47.74665199875017
fire_videos,1,detectium_fire/fire/12725971_3840_2160_25fps.mp4,77,7,102,1524,0,0.0,68.27797100049793,1,REAL_FIRE,2851.3916919982876,5,False,0,,68.27797100049793
fire_videos,1,detectium_fire/fire/12725971_3840_2160_25fps.mp4,77,8,119,1525,1,0.3900105059146881,94.53545399810537,1,REAL_FIRE,3292.951579998771,5,True,1,REAL_FIRE,3112.64230499728
fire_videos,1,detectium_fire/fire/12725971_3840_2160_25fps.mp4,77,9,136,1526,1,0.3203495442867279,87.32671199686592,1,REAL_FIRE,2324.6051060013997,5,False,1,,87.32671199686592
fire_videos,1,detectium_fire/fire/12725971_3840_2160_25fps.mp4,77,10,153,1527,1,0.5287747383117676,86.76943200043752,1,REAL_FIRE,2538.1043039997166,5,False,1,,86.76943200043752
fire_videos,1,detectium_fire/fire/12725971_3840_2160_25fps.mp4,77,11,170,1528,1,0.5539098978042603,68.1142909998016,1,REAL_FIRE,2734.897958001966,5,False,1,,68.1142909998016
fire_videos,1,detectium_fire/fire/12725971_3840_2160_25fps.mp4,77,12,187,1529,1,0.3418319821357727,64.88789400100359,1,REAL_FIRE,3827.7344669986633,5,False,1,,64.88789400100359
fire_videos,1,detectium_fire/fire/12725971_3840_2160_25fps.mp4,77,13,204,1530,1,0.5342465043067932,88.03620999970008,1,REAL_FIRE,3281.17283499887,5,True,1,REAL_FIRE,2933.3675939997192
fire_videos,1,detectium_fire/fire/12725971_3840_2160_25fps.mp4,77,14,221,1531,1,0.6746501326560974,62.44969600084005,1,REAL_FIRE,2502.0827900007134,5,False,1,,62.44969600084005
fire_videos,1,detectium_fire/fire/12725971_3840_2160_25fps.mp4,77,15,238,1532,1,0.29830729961395264,61.64470599833294,1,REAL_FIRE,3424.865064000187,5,False,1,,61.64470599833294
fire_videos,1,detectium_fire/fire/12725971_3840_2160_25fps.mp4,77,16,255,1533,1,0.3745538294315338,64.30410300163203,1,REAL_FIRE,2470.791259998805,5,False,1,,64.30410300163203
fire_videos,1,detectium_fire/fire/12725971_3840_2160_25fps.mp4,77,17,272,1534,1,0.29688650369644165,65.78023199836025,1,REAL_FIRE,2367.8634719981346,5,False,1,,65.78023199836025
fire_videos,1,detectium_fire/fire/12725971_3840_2160_25fps.mp4,77,18,289,1535,1,0.43862760066986084,57.232741000916576,1,REAL_FIRE,2455.8679069996288,5,True,1,REAL_FIRE,3104.467260000092
fire_videos,1,detectium_fire/fire/12725971_3840_2160_25fps.mp4,77,19,306,1536,1,0.5824460387229919,60.160897999594454,1,REAL_FIRE,3226.6048669989686,5,False,1,,60.160897999594454
fire_videos,1,detectium_fire/fire/12725971_3840_2160_25fps.mp4,77,20,323,1537,1,0.5663005709648132,75.40853200043784,1,REAL_FIRE,2735.1410310002393,5,False,1,,75.40853200043784
fire_videos,1,detectium_fire/fire/12727844_1920_1080_30fps.mp4,78,1,0,1538,0,0.0,27.866682001331355,1,REAL_FIRE,2627.9527580009017,5,False,0,,27.866682001331355
fire_videos,1,detectium_fire/fire/12727844_1920_1080_30fps.mp4,78,2,15,1539,1,0.39664384722709656,34.09415499845636,1,REAL_FIRE,2457.726302000083,5,False,1,,34.09415499845636
fire_videos,1,detectium_fire/fire/12727844_1920_1080_30fps.mp4,78,3,31,1540,1,0.3233174979686737,37.81170100046438,1,REAL_FIRE,2510.8446029989864,5,True,1,REAL_FIRE,2901.8652890008525
fire_videos,1,detectium_fire/fire/12727844_1920_1080_30fps.mp4,78,4,46,1541,1,0.32199016213417053,41.847756001516245,1,REAL_FIRE,3144.34757699928,5,False,1,,41.847756001516245
fire_videos,1,detectium_fire/fire/12727844_1920_1080_30fps.mp4,78,5,62,1542,1,0.25816968083381653,55.88686099872575,1,REAL_FIRE,2991.144212999643,5,False,1,,55.88686099872575
fire_videos,1,detectium_fire/fire/12727844_1920_1080_30fps.mp4,78,6,77,1543,0,0.0,37.78858000077889,1,REAL_FIRE,2581.2858389981557,5,False,0,,37.78858000077889
fire_videos,1,detectium_fire/fire/12727844_1920_1080_30fps.mp4,78,7,93,1544,1,0.3268214166164398,37.864429999899585,1,REAL_FIRE,2831.985970002279,5,False,1,,37.864429999899585
fire_videos,1,detectium_fire/fire/12727844_1920_1080_30fps.mp4,78,8,108,1545,1,0.36575573682785034,37.765970002510585,1,REAL_FIRE,2751.751218998834,5,True,1,REAL_FIRE,3869.0806300000986
fire_videos,1,detectium_fire/fire/12727844_1920_1080_30fps.mp4,78,9,124,1546,1,0.4594706892967224,53.76740300198435,1,REAL_FIRE,3290.798594996886,5,False,1,,53.76740300198435
fire_videos,1,detectium_fire/fire/12727844_1920_1080_30fps.mp4,78,10,139,1547,1,0.3604797124862671,37.96622899972135,1,REAL_FIRE,2650.8621600005426,5,False,1,,37.96622899972135
fire_videos,1,detectium_fire/fire/12727844_1920_1080_30fps.mp4,78,11,155,1548,0,0.0,37.84235999773955,1,REAL_FIRE,2639.2361869984597,5,False,0,,37.84235999773955
fire_videos,1,detectium_fire/fire/12727844_1920_1080_30fps.mp4,78,12,170,1549,1,0.46712997555732727,48.84925700025633,1,REAL_FIRE,3003.108313998382,5,False,1,,48.84925700025633
fire_videos,1,detectium_fire/fire/12727844_1920_1080_30fps.mp4,78,13,186,1550,1,0.39374735951423645,20.696698000392644,1,REAL_FIRE,3491.0919760004617,5,True,1,REAL_FIRE,2935.325875001581
fire_videos,1,detectium_fire/fire/12727844_1920_1080_30fps.mp4,78,14,201,1551,1,0.4317344129085541,36.949209999875166,1,REAL_FIRE,2794.210790998477,5,False,1,,36.949209999875166
fire_videos,1,detectium_fire/fire/12727844_1920_1080_30fps.mp4,78,15,217,1552,1,0.4421432912349701,25.49989199906122,1,REAL_FIRE,2644.2596380002215,5,False,1,,25.49989199906122
fire_videos,1,detectium_fire/fire/12727844_1920_1080_30fps.mp4,78,16,232,1553,1,0.44923555850982666,36.53513099925476,1,REAL_FIRE,2727.9227430008177,5,False,1,,36.53513099925476
fire_videos,1,detectium_fire/fire/12727844_1920_1080_30fps.mp4,78,17,248,1554,1,0.43151986598968506,37.45263999735471,1,REAL_FIRE,2526.518935999775,5,False,1,,37.45263999735471
fire_videos,1,detectium_fire/fire/12727844_1920_1080_30fps.mp4,78,18,263,1555,1,0.49876126646995544,38.74165800152696,1,REAL_FIRE,2641.354499002773,5,True,1,REAL_FIRE,3043.3390100006363
fire_videos,1,detectium_fire/fire/12727844_1920_1080_30fps.mp4,78,19,279,1556,1,0.49669626355171204,37.71522900206037,1,REAL_FIRE,3368.711772000097,5,False,1,,37.71522900206037
fire_videos,1,detectium_fire/fire/12727844_1920_1080_30fps.mp4,78,20,294,1557,1,0.49851930141448975,37.65825899972697,1,REAL_FIRE,2470.5281509995984,5,False,1,,37.65825899972697
fire_videos,1,detectium_fire/fire/12728566_3840_2160_25fps.mp4,79,1,0,1558,1,0.6606284379959106,63.48280099700787,1,REAL_FIRE,3123.4681970017846,5,False,1,,63.48280099700787
fire_videos,1,detectium_fire/fire/12728566_3840_2160_25fps.mp4,79,2,24,1559,1,0.7084766030311584,68.73819600150455,1,REAL_FIRE,2606.7709239978285,5,False,1,,68.73819600150455
fire_videos,1,detectium_fire/fire/12728566_3840_2160_25fps.mp4,79,3,49,1560,1,0.504917323589325,57.87614699875121,1,REAL_FIRE,3035.7721319996926,5,True,1,REAL_FIRE,3071.709567997459
fire_videos,1,detectium_fire/fire/12728566_3840_2160_25fps.mp4,79,4,73,1561,1,0.6217332482337952,62.89718100015307,1,REAL_FIRE,3322.9898770005093,5,False,1,,62.89718100015307
fire_videos,1,detectium_fire/fire/12728566_3840_2160_25fps.mp4,79,5,98,1562,1,0.6198427081108093,58.52234600024531,1,REAL_FIRE,3152.6139170018723,5,False,1,,58.52234600024531
fire_videos,1,detectium_fire/fire/12728566_3840_2160_25fps.mp4,79,6,122,1563,1,0.6988555788993835,47.50494900144986,1,REAL_FIRE,2702.9941549990326,5,False,1,,47.50494900144986
fire_videos,1,detectium_fire/fire/12728566_3840_2160_25fps.mp4,79,7,147,1564,1,0.6522306203842163,65.41962799747125,1,REAL_FIRE,3702.164261001599,5,False,1,,65.41962799747125
fire_videos,1,detectium_fire/fire/12728566_3840_2160_25fps.mp4,79,8,171,1565,1,0.6542725563049316,59.74952500037034,1,REAL_FIRE,3090.262858000642,5,True,1,REAL_FIRE,2749.0516400030174
fire_videos,1,detectium_fire/fire/12728566_3840_2160_25fps.mp4,79,9,196,1566,1,0.6907875537872314,59.63312399762799,1,REAL_FIRE,3041.8200509993767,5,False,1,,59.63312399762799
fire_videos,1,detectium_fire/fire/12728566_3840_2160_25fps.mp4,79,10,220,1567,1,0.6825821399688721,66.29552700178465,1,REAL_FIRE,2996.28576500254,5,False,1,,66.29552700178465
fire_videos,1,detectium_fire/fire/12728566_3840_2160_25fps.mp4,79,11,245,1568,1,0.707034170627594,65.29231700187665,1,REAL_FIRE,3371.192073002021,5,False,1,,65.29231700187665
fire_videos,1,detectium_fire/fire/12728566_3840_2160_25fps.mp4,79,12,269,1569,1,0.6976760625839233,63.79924900102196,1,REAL_FIRE,3149.66938300131,5,False,1,,63.79924900102196
fire_videos,1,detectium_fire/fire/12728566_3840_2160_25fps.mp4,79,13,294,1570,1,0.6958112120628357,58.37364499893738,1,REAL_FIRE,2775.36195400171,5,True,1,REAL_FIRE,2746.1862130003283
fire_videos,1,detectium_fire/fire/12728566_3840_2160_25fps.mp4,79,14,318,1571,1,0.6315983533859253,68.97174299956532,1,REAL_FIRE,2984.9374730001728,5,False,1,,68.97174299956532
fire_videos,1,detectium_fire/fire/12728566_3840_2160_25fps.mp4,79,15,343,1572,1,0.6002435088157654,59.81974300084403,1,REAL_FIRE,2871.405583999149,5,False,1,,59.81974300084403
fire_videos,1,detectium_fire/fire/12728566_3840_2160_25fps.mp4,79,16,367,1573,1,0.6433276534080505,68.73369299864862,1,REAL_FIRE,2641.957765998086,5,False,1,,68.73369299864862
fire_videos,1,detectium_fire/fire/12728566_3840_2160_25fps.mp4,79,17,392,1574,1,0.6234267950057983,67.88075400254456,1,REAL_FIRE,3483.8750990020344,5,False,1,,67.88075400254456
fire_videos,1,detectium_fire/fire/12728566_3840_2160_25fps.mp4,79,18,416,1575,1,0.6960233449935913,44.40776000046753,1,REAL_FIRE,3956.3701520019094,5,True,1,REAL_FIRE,2864.758392002841
fire_videos,1,detectium_fire/fire/12728566_3840_2160_25fps.mp4,79,19,441,1576,1,0.7232452034950256,60.36670200046501,1,REAL_FIRE,2857.778634999704,5,False,1,,60.36670200046501
fire_videos,1,detectium_fire/fire/12728566_3840_2160_25fps.mp4,79,20,465,1577,1,0.5966867804527283,76.99331299954792,1,REAL_FIRE,3004.4094340009906,5,False,1,,76.99331299954792
fire_videos,1,detectium_fire/fire/12729222_1080_1920_60fps.mp4,80,1,0,1578,1,0.5988964438438416,19.550447999790777,1,REAL_FIRE,2718.298952000623,5,False,1,,19.550447999790777
fire_videos,1,detectium_fire/fire/12729222_1080_1920_60fps.mp4,80,2,19,1579,1,0.753592848777771,25.45289100089576,1,REAL_FIRE,2823.7674400006654,5,False,1,,25.45289100089576
fire_videos,1,detectium_fire/fire/12729222_1080_1920_60fps.mp4,80,3,38,1580,1,0.703492283821106,22.44195499952184,1,REAL_FIRE,3251.222262999363,5,True,1,REAL_FIRE,3054.0752909982984
fire_videos,1,detectium_fire/fire/12729222_1080_1920_60fps.mp4,80,4,57,1581,1,0.7595855593681335,51.4324409996334,1,REAL_FIRE,2853.839355000673,5,False,1,,51.4324409996334
fire_videos,1,detectium_fire/fire/12729222_1080_1920_60fps.mp4,80,5,76,1582,1,0.6557899713516235,37.72297700197669,1,REAL_FIRE,2546.9736189988907,5,False,1,,37.72297700197669
fire_videos,1,detectium_fire/fire/12729222_1080_1920_60fps.mp4,80,6,94,1583,1,0.6956038475036621,37.92960699865944,1,REAL_FIRE,2888.9862669966533,5,False,1,,37.92960699865944
fire_videos,1,detectium_fire/fire/12729222_1080_1920_60fps.mp4,80,7,113,1584,1,0.3658214211463928,37.8424670016102,1,REAL_FIRE,2568.2482680022076,5,False,1,,37.8424670016102
fire_videos,1,detectium_fire/fire/12729222_1080_1920_60fps.mp4,80,8,132,1585,1,0.8101627826690674,37.927407000097446,1,REAL_FIRE,3193.5361020005075,5,True,1,REAL_FIRE,3426.991372001794
fire_videos,1,detectium_fire/fire/12729222_1080_1920_60fps.mp4,80,9,151,1586,1,0.698779284954071,50.0444030003564,1,REAL_FIRE,3157.32605499943,5,False,1,,50.0444030003564
fire_videos,1,detectium_fire/fire/12729222_1080_1920_60fps.mp4,80,10,170,1587,1,0.7537329196929932,39.0466450007807,1,REAL_FIRE,2519.502340001054,5,False,1,,39.0466450007807
fire_videos,1,detectium_fire/fire/12729222_1080_1920_60fps.mp4,80,11,189,1588,1,0.5082119703292847,37.91966599965235,1,REAL_FIRE,3049.362009998731,5,False,1,,37.91966599965235
fire_videos,1,detectium_fire/fire/12729222_1080_1920_60fps.mp4,80,12,208,1589,1,0.4973486065864563,38.03685599996243,1,REAL_FIRE,2647.4757560026774,5,False,1,,38.03685599996243
fire_videos,1,detectium_fire/fire/12729222_1080_1920_60fps.mp4,80,13,227,1590,1,0.6973620057106018,28.719306999846594,1,REAL_FIRE,2737.2269699990284,5,True,1,REAL_FIRE,2992.7446829969995
fire_videos,1,detectium_fire/fire/12729222_1080_1920_60fps.mp4,80,14,246,1591,1,0.7136454582214355,20.923555999615928,1,REAL_FIRE,2956.017750999308,5,False,1,,20.923555999615928
fire_videos,1,detectium_fire/fire/12729222_1080_1920_60fps.mp4,80,15,265,1592,1,0.8036683797836304,17.028409998602,1,REAL_FIRE,2705.1329360001546,5,False,1,,17.028409998602
fire_videos,1,detectium_fire/fire/12729222_1080_1920_60fps.mp4,80,16,283,1593,1,0.6870329976081848,28.680826999334386,1,REAL_FIRE,3257.740445998934,5,False,1,,28.680826999334386
fire_videos,1,detectium_fire/fire/12729222_1080_1920_60fps.mp4,80,17,302,1594,1,0.7598212957382202,37.932536000880646,1,REAL_FIRE,3216.191470000922,5,False,1,,37.932536000880646
fire_videos,1,detectium_fire/fire/12729222_1080_1920_60fps.mp4,80,18,321,1595,1,0.8183608651161194,36.377828000695445,1,REAL_FIRE,3360.558789001516,5,True,1,REAL_FIRE,2915.865967999707
fire_videos,1,detectium_fire/fire/12729222_1080_1920_60fps.mp4,80,19,340,1596,1,0.8139963746070862,37.07447700071498,1,REAL_FIRE,2332.0440710012917,5,False,1,,37.07447700071498
fire_videos,1,detectium_fire/fire/12729222_1080_1920_60fps.mp4,80,20,359,1597,1,0.7729801535606384,39.51395500189392,1,REAL_FIRE,2870.638134001638,5,False,1,,39.51395500189392
fire_videos,1,detectium_fire/fire/12740750_1920_1080_25fps.mp4,81,1,0,1598,0,0.0,26.527548998274142,1,REAL_FIRE,2568.6645610003325,5,False,0,,26.527548998274142
fire_videos,1,detectium_fire/fire/12740750_1920_1080_25fps.mp4,81,2,31,1599,1,0.3981431722640991,37.106267001945525,1,REAL_FIRE,2786.588805000065,5,False,1,,37.106267001945525
fire_videos,1,detectium_fire/fire/12740750_1920_1080_25fps.mp4,81,3,61,1600,0,0.0,36.293768000177806,1,REAL_FIRE,3257.384495002043,5,True,1,REAL_FIRE,3277.778286999819
fire_videos,1,detectium_fire/fire/12740750_1920_1080_25fps.mp4,81,4,92,1601,1,0.3011018931865692,36.286048001784366,1,REAL_FIRE,3065.0286999989476,5,False,1,,36.286048001784366
fire_videos,1,detectium_fire/fire/12740750_1920_1080_25fps.mp4,81,5,122,1602,1,0.2876153588294983,36.18795700094779,1,REAL_FIRE,3081.7566469995654,5,False,1,,36.18795700094779
fire_videos,1,detectium_fire/fire/12740750_1920_1080_25fps.mp4,81,6,153,1603,1,0.27561402320861816,36.30904800229473,1,REAL_FIRE,2839.743496002484,5,False,1,,36.30904800229473
fire_videos,1,detectium_fire/fire/12740750_1920_1080_25fps.mp4,81,7,183,1604,0,0.0,36.11411699966993,1,REAL_FIRE,2612.5676880001265,5,False,0,,36.11411699966993
fire_videos,1,detectium_fire/fire/12740750_1920_1080_25fps.mp4,81,8,214,1605,0,0.0,44.377967999025714,1,REAL_FIRE,2697.293286000786,5,True,1,REAL_FIRE,3207.3441359971184
fire_videos,1,detectium_fire/fire/12740750_1920_1080_25fps.mp4,81,9,244,1606,1,0.5947368741035461,36.21402800126816,1,REAL_FIRE,3019.7973110007297,5,False,1,,36.21402800126816
fire_videos,1,detectium_fire/fire/12740750_1920_1080_25fps.mp4,81,10,275,1607,1,0.26283812522888184,40.44446199986851,1,REAL_FIRE,3024.5746330001566,5,False,1,,40.44446199986851
fire_videos,1,detectium_fire/fire/12740750_1920_1080_25fps.mp4,81,11,305,1608,1,0.4481036067008972,50.33080999783124,1,REAL_FIRE,3106.867800997861,5,False,1,,50.33080999783124
fire_videos,1,detectium_fire/fire/12740750_1920_1080_25fps.mp4,81,12,336,1609,0,0.0,36.07850800108281,1,REAL_FIRE,3230.0002129995846,5,False,0,,36.07850800108281
fire_videos,1,detectium_fire/fire/12740750_1920_1080_25fps.mp4,81,13,366,1610,1,0.5450825095176697,36.20202800084371,1,REAL_FIRE,2700.6236020024517,5,True,1,REAL_FIRE,2978.720233000786
fire_videos,1,detectium_fire/fire/12740750_1920_1080_25fps.mp4,81,14,397,1611,0,0.0,39.38420399936149,1,REAL_FIRE,3138.078801002848,5,False,0,,39.38420399936149
fire_videos,1,detectium_fire/fire/12740750_1920_1080_25fps.mp4,81,15,427,1612,0,0.0,44.476467999629676,1,REAL_FIRE,3209.8587219988985,5,False,0,,44.476467999629676
fire_videos,1,detectium_fire/fire/12740750_1920_1080_25fps.mp4,81,16,458,1613,1,0.3605838119983673,36.83249700043234,1,REAL_FIRE,2572.9726210010995,5,False,1,,36.83249700043234
fire_videos,1,detectium_fire/fire/12740750_1920_1080_25fps.mp4,81,17,488,1614,1,0.27963337302207947,36.26794700176106,1,REAL_FIRE,2980.063687002257,5,False,1,,36.26794700176106
fire_videos,1,detectium_fire/fire/12740750_1920_1080_25fps.mp4,81,18,519,1615,1,0.4265125095844269,39.630352999665774,1,REAL_FIRE,3286.6733400005614,5,True,1,REAL_FIRE,3079.6915819992137
fire_videos,1,detectium_fire/fire/12740750_1920_1080_25fps.mp4,81,19,549,1616,1,0.35977602005004883,36.232636997738155,1,REAL_FIRE,3070.7947890005016,5,False,1,,36.232636997738155
fire_videos,1,detectium_fire/fire/12740750_1920_1080_25fps.mp4,81,20,580,1617,1,0.42911142110824585,40.958672001579544,1,REAL_FIRE,2846.158641998045,5,False,1,,40.958672001579544
fire_videos,1,detectium_fire/fire/12740754_1920_1080_25fps.mp4,82,1,0,1618,0,0.0,34.61377799976617,1,REAL_FIRE,2703.7533889997576,5,False,0,,34.61377799976617
fire_videos,1,detectium_fire/fire/12740754_1920_1080_25fps.mp4,82,2,20,1619,0,0.0,35.936288000812056,1,REAL_FIRE,3085.172932002024,5,False,0,,35.936288000812056
fire_videos,1,detectium_fire/fire/12740754_1920_1080_25fps.mp4,82,3,39,1620,0,0.0,18.98043700202834,1,REAL_FIRE,2350.9045929968124,5,True,1,REAL_FIRE,2497.546186001273
fire_videos,1,detectium_fire/fire/12740754_1920_1080_25fps.mp4,82,4,59,1621,0,0.0,17.064640000171494,1,REAL_FIRE,2569.3971880027675,5,False,0,,17.064640000171494
fire_videos,1,detectium_fire/fire/12740754_1920_1080_25fps.mp4,82,5,79,1622,0,0.0,17.56823899995652,1,REAL_FIRE,2743.510159001744,5,False,0,,17.56823899995652
fire_videos,1,detectium_fire/fire/12740754_1920_1080_25fps.mp4,82,6,99,1623,0,0.0,42.12114000256406,1,REAL_FIRE,3219.6167080001032,5,False,0,,42.12114000256406
fire_videos,1,detectium_fire/fire/12740754_1920_1080_25fps.mp4,82,7,118,1624,1,0.28917601704597473,20.8282550011063,1,REAL_FIRE,2870.3950609997264,5,False,1,,20.8282550011063
fire_videos,1,detectium_fire/fire/12740754_1920_1080_25fps.mp4,82,8,138,1625,0,0.0,17.760188999091042,1,REAL_FIRE,3266.83506399786,5,True,1,REAL_FIRE,3005.0732939962472
fire_videos,1,detectium_fire/fire/12740754_1920_1080_25fps.mp4,82,9,158,1626,0,0.0,35.52372700141859,1,REAL_FIRE,3067.8308460010157,5,False,0,,35.52372700141859
fire_videos,1,detectium_fire/fire/12740754_1920_1080_25fps.mp4,82,10,178,1627,0,0.0,46.47412399936002,1,REAL_FIRE,2845.9932079967984,5,False,0,,46.47412399936002
fire_videos,1,detectium_fire/fire/12740754_1920_1080_25fps.mp4,82,11,197,1628,0,0.0,27.78872599810711,1,REAL_FIRE,2557.809972000541,5,False,0,,27.78872599810711
fire_videos,1,detectium_fire/fire/12740754_1920_1080_25fps.mp4,82,12,217,1629,0,0.0,36.43884600023739,1,REAL_FIRE,2447.067111999786,5,False,0,,36.43884600023739
fire_videos,1,detectium_fire/fire/12740754_1920_1080_25fps.mp4,82,13,237,1630,0,0.0,36.17599599965615,1,REAL_FIRE,2998.0522279984143,5,True,1,REAL_FIRE,3369.9377560005814
fire_videos,1,detectium_fire/fire/12740754_1920_1080_25fps.mp4,82,14,257,1631,0,0.0,37.03694499927224,1,REAL_FIRE,3040.855159997591,5,False,0,,37.03694499927224
fire_videos,1,detectium_fire/fire/12740754_1920_1080_25fps.mp4,82,15,276,1632,0,0.0,36.14266700242297,1,REAL_FIRE,2550.054818002536,5,False,0,,36.14266700242297
fire_videos,1,detectium_fire/fire/12740754_1920_1080_25fps.mp4,82,16,296,1633,1,0.2618284821510315,36.40326599997934,1,REAL_FIRE,2662.502600996959,5,False,1,,36.40326599997934
fire_videos,1,detectium_fire/fire/12740754_1920_1080_25fps.mp4,82,17,316,1634,0,0.0,52.02525699860416,1,REAL_FIRE,3100.289909998537,5,False,0,,52.02525699860416
fire_videos,1,detectium_fire/fire/12740754_1920_1080_25fps.mp4,82,18,336,1635,0,0.0,36.26527599772089,1,REAL_FIRE,2988.241912000376,5,True,1,REAL_FIRE,3089.5086569980776
fire_videos,1,detectium_fire/fire/12740754_1920_1080_25fps.mp4,82,19,355,1636,0,0.0,46.08527399977902,1,REAL_FIRE,2936.6324190013984,5,False,0,,46.08527399977902
fire_videos,1,detectium_fire/fire/12740754_1920_1080_25fps.mp4,82,20,375,1637,0,0.0,50.606638000317616,1,REAL_FIRE,3030.4929129997618,5,False,0,,50.606638000317616
fire_videos,1,detectium_fire/fire/12740891_2160_3840_24fps.mp4,83,1,0,1638,1,0.43159356713294983,64.52270199952181,1,REAL_FIRE,3114.0861780004343,5,False,1,,64.52270199952181
fire_videos,1,detectium_fire/fire/12740891_2160_3840_24fps.mp4,83,2,45,1639,1,0.600500762462616,76.73670700023649,1,REAL_FIRE,3187.7717450006458,5,False,1,,76.73670700023649
fire_videos,1,detectium_fire/fire/12740891_2160_3840_24fps.mp4,83,3,90,1640,1,0.45820188522338867,65.2505910002219,1,REAL_FIRE,2839.2572849988937,5,True,1,REAL_FIRE,3274.2062239994993
fire_videos,1,detectium_fire/fire/12740891_2160_3840_24fps.mp4,83,4,135,1641,1,0.3248576521873474,64.03729199882946,1,REAL_FIRE,2790.5655489994388,5,False,1,,64.03729199882946
fire_videos,1,detectium_fire/fire/12740891_2160_3840_24fps.mp4,83,5,180,1642,1,0.6632801294326782,88.36063300259411,1,REAL_FIRE,3135.881046000577,5,False,1,,88.36063300259411
fire_videos,1,detectium_fire/fire/12740891_2160_3840_24fps.mp4,83,6,226,1643,1,0.44967004656791687,70.21908499882556,1,REAL_FIRE,3001.7611459988984,5,False,1,,70.21908499882556
fire_videos,1,detectium_fire/fire/12740891_2160_3840_24fps.mp4,83,7,271,1644,1,0.4494493901729584,68.3288869986427,1,REAL_FIRE,2960.5130220006686,5,False,1,,68.3288869986427
fire_videos,1,detectium_fire/fire/12740891_2160_3840_24fps.mp4,83,8,316,1645,1,0.6350655555725098,63.90630199894076,1,REAL_FIRE,3573.959860998002,5,True,1,REAL_FIRE,2639.0043099963805
fire_videos,1,detectium_fire/fire/12740891_2160_3840_24fps.mp4,83,9,361,1646,1,0.4403769373893738,89.76841999901808,1,REAL_FIRE,2925.1547679996293,5,False,1,,89.76841999901808
fire_videos,1,detectium_fire/fire/12740891_2160_3840_24fps.mp4,83,10,406,1647,1,0.42277586460113525,80.05812199917273,1,REAL_FIRE,3446.0104779973335,5,False,1,,80.05812199917273
fire_videos,1,detectium_fire/fire/12740891_2160_3840_24fps.mp4,83,11,451,1648,1,0.39365631341934204,83.5001880004711,1,REAL_FIRE,3176.3000129976717,5,False,1,,83.5001880004711
fire_videos,1,detectium_fire/fire/12740891_2160_3840_24fps.mp4,83,12,496,1649,1,0.563485860824585,87.7597920007247,1,REAL_FIRE,2894.4881159986835,5,False,1,,87.7597920007247
fire_videos,1,detectium_fire/fire/12740891_2160_3840_24fps.mp4,83,13,541,1650,1,0.551211416721344,67.12603799678618,1,REAL_FIRE,2608.554012997047,5,True,1,REAL_FIRE,2683.48825999783
fire_videos,1,detectium_fire/fire/12740891_2160_3840_24fps.mp4,83,14,586,1651,1,0.47469282150268555,78.17713400072535,1,REAL_FIRE,3294.0734379990317,5,False,1,,78.17713400072535
fire_videos,1,detectium_fire/fire/12740891_2160_3840_24fps.mp4,83,15,631,1652,1,0.5721467137336731,65.0287299977208,1,REAL_FIRE,2757.708064000326,5,False,1,,65.0287299977208
fire_videos,1,detectium_fire/fire/12740891_2160_3840_24fps.mp4,83,16,677,1653,1,0.6357875466346741,70.69570300154737,1,REAL_FIRE,3147.6503210033115,5,False,1,,70.69570300154737
fire_videos,1,detectium_fire/fire/12740891_2160_3840_24fps.mp4,83,17,722,1654,0,0.0,65.9080189980159,1,REAL_FIRE,2625.810770001408,5,False,0,,65.9080189980159
fire_videos,1,detectium_fire/fire/12740891_2160_3840_24fps.mp4,83,18,767,1655,1,0.5840208530426025,66.86416799857398,1,REAL_FIRE,2719.3069929999183,5,True,1,REAL_FIRE,2767.483731997345
fire_videos,1,detectium_fire/fire/12740891_2160_3840_24fps.mp4,83,19,812,1656,1,0.4309186041355133,71.44628199966974,1,REAL_FIRE,2981.999085001007,5,False,1,,71.44628199966974
fire_videos,1,detectium_fire/fire/12740891_2160_3840_24fps.mp4,83,20,857,1657,1,0.34921613335609436,88.2889909989899,1,REAL_FIRE,2986.7854559997795,5,False,1,,88.2889909989899
fire_videos,1,detectium_fire/fire/12741036_3840_2160_24fps.mp4,84,1,0,1658,1,0.8289297819137573,93.29702499962877,1,REAL_FIRE,3563.748680997378,5,False,1,,93.29702499962877
fire_videos,1,detectium_fire/fire/12741036_3840_2160_24fps.mp4,84,2,19,1659,1,0.8034712672233582,68.97173499964993,1,REAL_FIRE,3008.3197849999124,5,False,1,,68.97173499964993
fire_videos,1,detectium_fire/fire/12741036_3840_2160_24fps.mp4,84,3,39,1660,1,0.7934010624885559,89.94570900176768,1,REAL_FIRE,3217.925433000346,5,True,1,REAL_FIRE,3268.6533280029835
fire_videos,1,detectium_fire/fire/12741036_3840_2160_24fps.mp4,84,4,58,1661,1,0.6638934016227722,55.720602002111264,1,REAL_FIRE,2861.3615979993483,5,False,1,,55.720602002111264
fire_videos,1,detectium_fire/fire/12741036_3840_2160_24fps.mp4,84,5,78,1662,1,0.6211951375007629,65.27737899887143,1,REAL_FIRE,2743.6915719990793,5,False,1,,65.27737899887143
fire_videos,1,detectium_fire/fire/12741036_3840_2160_24fps.mp4,84,6,97,1663,1,0.8298501968383789,62.02309299987974,1,REAL_FIRE,2806.783672000165,5,False,1,,62.02309299987974
fire_videos,1,detectium_fire/fire/12741036_3840_2160_24fps.mp4,84,7,117,1664,1,0.6617757081985474,85.02349500122364,1,REAL_FIRE,3340.10152799965,5,False,1,,85.02349500122364
fire_videos,1,detectium_fire/fire/12741036_3840_2160_24fps.mp4,84,8,136,1665,1,0.7825672030448914,66.2903680022282,1,REAL_FIRE,2955.8145020018856,5,True,1,REAL_FIRE,3038.299497002299
fire_videos,1,detectium_fire/fire/12741036_3840_2160_24fps.mp4,84,9,155,1666,1,0.8176825046539307,42.35282800073037,1,REAL_FIRE,3098.290899000858,5,False,1,,42.35282800073037
fire_videos,1,detectium_fire/fire/12741036_3840_2160_24fps.mp4,84,10,175,1667,1,0.8707188963890076,44.90289399836911,1,REAL_FIRE,3108.1145250027475,5,False,1,,44.90289399836911
fire_videos,1,detectium_fire/fire/12741036_3840_2160_24fps.mp4,84,11,194,1668,1,0.7977135181427002,66.34658699840656,1,REAL_FIRE,3110.7877689973975,5,False,1,,66.34658699840656
fire_videos,1,detectium_fire/fire/12741036_3840_2160_24fps.mp4,84,12,214,1669,1,0.8140942454338074,70.68453300234978,1,REAL_FIRE,3034.91534999921,5,False,1,,70.68453300234978
fire_videos,1,detectium_fire/fire/12741036_3840_2160_24fps.mp4,84,13,233,1670,1,0.7738727331161499,60.073155000281986,1,REAL_FIRE,3095.6877509997867,5,True,1,REAL_FIRE,3139.52568500099
fire_videos,1,detectium_fire/fire/12741036_3840_2160_24fps.mp4,84,14,252,1671,1,0.8056071400642395,75.72878599967225,1,REAL_FIRE,3130.331943000783,5,False,1,,75.72878599967225
fire_videos,1,detectium_fire/fire/12741036_3840_2160_24fps.mp4,84,15,272,1672,1,0.7223835587501526,80.07560999976704,1,REAL_FIRE,3016.966072998912,5,False,1,,80.07560999976704
fire_videos,1,detectium_fire/fire/12741036_3840_2160_24fps.mp4,84,16,291,1673,1,0.8526366949081421,71.68444100170746,1,REAL_FIRE,2820.09112599917,5,False,1,,71.68444100170746
fire_videos,1,detectium_fire/fire/12741036_3840_2160_24fps.mp4,84,17,311,1674,1,0.48768436908721924,61.855133000790374,1,REAL_FIRE,2677.6299320008548,5,False,1,,61.855133000790374
fire_videos,1,detectium_fire/fire/12741036_3840_2160_24fps.mp4,84,18,330,1675,1,0.765042245388031,84.15077500103507,1,REAL_FIRE,2766.543129000638,5,True,1,REAL_FIRE,2879.9554459983483
fire_videos,1,detectium_fire/fire/12741036_3840_2160_24fps.mp4,84,19,350,1676,1,0.8365753889083862,57.80314799994812,1,REAL_FIRE,3023.7326030000986,5,False,1,,57.80314799994812
fire_videos,1,detectium_fire/fire/12741036_3840_2160_24fps.mp4,84,20,369,1677,1,0.6758407354354858,90.90551599729224,1,REAL_FIRE,3031.5356719984266,5,False,1,,90.90551599729224
fire_videos,1,detectium_fire/fire/12741060_3840_2160_24fps.mp4,85,1,0,1678,0,0.0,72.94368799921358,1,REAL_FIRE,3032.716498000809,5,False,0,,72.94368799921358
fire_videos,1,detectium_fire/fire/12741060_3840_2160_24fps.mp4,85,2,19,1679,1,0.43455806374549866,63.54466999982833,1,REAL_FIRE,3092.354761000024,5,False,1,,63.54466999982833
fire_videos,1,detectium_fire/fire/12741060_3840_2160_24fps.mp4,85,3,38,1680,1,0.6669653058052063,72.73772800181177,1,REAL_FIRE,2605.7681099991896,5,True,1,REAL_FIRE,3327.746360999299
fire_videos,1,detectium_fire/fire/12741060_3840_2160_24fps.mp4,85,4,57,1681,1,0.47724366188049316,63.106801000685664,1,REAL_FIRE,2934.9262619980436,5,False,1,,63.106801000685664
fire_videos,1,detectium_fire/fire/12741060_3840_2160_24fps.mp4,85,5,77,1682,0,0.0,69.36187300016172,1,REAL_FIRE,3317.9761190003774,5,False,0,,69.36187300016172
fire_videos,1,detectium_fire/fire/12741060_3840_2160_24fps.mp4,85,6,96,1683,0,0.0,80.50301900220802,1,REAL_FIRE,2919.036268001946,5,False,0,,80.50301900220802
fire_videos,1,detectium_fire/fire/12741060_3840_2160_24fps.mp4,85,7,115,1684,0,0.0,65.7774569990579,1,REAL_FIRE,3115.8678280007734,5,False,0,,65.7774569990579
fire_videos,1,detectium_fire/fire/12741060_3840_2160_24fps.mp4,85,8,134,1685,1,0.5747101902961731,66.10471699968912,1,REAL_FIRE,3073.6128390017257,5,True,1,REAL_FIRE,3066.9421259990486
fire_videos,1,detectium_fire/fire/12741060_3840_2160_24fps.mp4,85,9,153,1686,0,0.0,66.57801599794766,1,REAL_FIRE,2608.776050998131,5,False,0,,66.57801599794766
fire_videos,1,detectium_fire/fire/12741060_3840_2160_24fps.mp4,85,10,172,1687,0,0.0,53.76250299741514,1,REAL_FIRE,3075.842440000997,5,False,0,,53.76250299741514
fire_videos,1,detectium_fire/fire/12741060_3840_2160_24fps.mp4,85,11,192,1688,0,0.0,62.01573200087296,1,REAL_FIRE,3056.4309529981983,5,False,0,,62.01573200087296
fire_videos,1,detectium_fire/fire/12741060_3840_2160_24fps.mp4,85,12,211,1689,1,0.40787672996520996,66.70723499701126,1,REAL_FIRE,3187.845184998878,5,False,1,,66.70723499701126
fire_videos,1,detectium_fire/fire/12741060_3840_2160_24fps.mp4,85,13,230,1690,1,0.3013439476490021,68.71551299991552,1,REAL_FIRE,2609.4637230016815,5,True,1,REAL_FIRE,2882.6022860012017
fire_videos,1,detectium_fire/fire/12741060_3840_2160_24fps.mp4,85,14,249,1691,1,0.2824851870536804,68.29999399997178,1,REAL_FIRE,2632.0074210016173,5,False,1,,68.29999399997178
fire_videos,1,detectium_fire/fire/12741060_3840_2160_24fps.mp4,85,15,268,1692,0,0.0,71.28015999842319,1,REAL_FIRE,2619.7646950022317,5,False,0,,71.28015999842319
fire_videos,1,detectium_fire/fire/12741060_3840_2160_24fps.mp4,85,16,287,1693,1,0.8471441864967346,90.89199400114012,1,REAL_FIRE,3265.3483069989306,5,False,1,,90.89199400114012
fire_videos,1,detectium_fire/fire/12741060_3840_2160_24fps.mp4,85,17,307,1694,1,0.7512543201446533,71.78023899905384,1,REAL_FIRE,2923.1443779972324,5,False,1,,71.78023899905384
fire_videos,1,detectium_fire/fire/12741060_3840_2160_24fps.mp4,85,18,326,1695,1,0.3886793255805969,71.64096999986214,1,REAL_FIRE,2869.3300140002975,5,True,1,REAL_FIRE,2847.1210220013745
fire_videos,1,detectium_fire/fire/12741060_3840_2160_24fps.mp4,85,19,345,1696,1,0.33180686831474304,80.57559799999581,1,REAL_FIRE,3156.1856369989982,5,False,1,,80.57559799999581
fire_videos,1,detectium_fire/fire/12741060_3840_2160_24fps.mp4,85,20,364,1697,1,0.3918762803077698,69.65677100015455,1,REAL_FIRE,2950.8313159967656,5,False,1,,69.65677100015455
fire_videos,1,detectium_fire/fire/12741090_3840_2160_24fps.mp4,86,1,0,1698,0,0.0,46.971109997684835,1,REAL_FIRE,3067.1043760012253,5,False,0,,46.971109997684835
fire_videos,1,detectium_fire/fire/12741090_3840_2160_24fps.mp4,86,2,34,1699,1,0.722766101360321,81.33438699951512,1,REAL_FIRE,3146.8240229987714,5,False,1,,81.33438699951512
fire_videos,1,detectium_fire/fire/12741090_3840_2160_24fps.mp4,86,3,67,1700,1,0.6254033446311951,67.22203499884927,1,REAL_FIRE,3180.677229000139,5,True,1,REAL_FIRE,3240.717199998471
fire_videos,1,detectium_fire/fire/12741090_3840_2160_24fps.mp4,86,4,101,1701,1,0.5471923351287842,48.362877998442855,1,REAL_FIRE,2510.7012769985886,5,False,1,,48.362877998442855
fire_videos,1,detectium_fire/fire/12741090_3840_2160_24fps.mp4,86,5,135,1702,1,0.3993016481399536,63.64537899935385,1,REAL_FIRE,2580.0745470005495,5,False,1,,63.64537899935385
fire_videos,1,detectium_fire/fire/12741090_3840_2160_24fps.mp4,86,6,169,1703,0,0.0,84.42507299696445,1,REAL_FIRE,2507.1625179989496,5,False,0,,84.42507299696445
fire_videos,1,detectium_fire/fire/12741090_3840_2160_24fps.mp4,86,7,202,1704,1,0.7708015441894531,68.9385530022264,1,REAL_FIRE,2669.9264400012908,5,False,1,,68.9385530022264
fire_videos,1,detectium_fire/fire/12741090_3840_2160_24fps.mp4,86,8,236,1705,1,0.4831790030002594,74.96022399936919,1,REAL_FIRE,3217.506630000571,5,True,1,REAL_FIRE,3159.550161999505
fire_videos,1,detectium_fire/fire/12741090_3840_2160_24fps.mp4,86,9,270,1706,1,0.44611868262290955,84.9767409999913,1,REAL_FIRE,2686.831154001993,5,False,1,,84.9767409999913
fire_videos,1,detectium_fire/fire/12741090_3840_2160_24fps.mp4,86,10,304,1707,1,0.6046745777130127,64.07900900012464,1,REAL_FIRE,3089.708748000703,5,False,1,,64.07900900012464
fire_videos,1,detectium_fire/fire/12741090_3840_2160_24fps.mp4,86,11,337,1708,1,0.3247034251689911,72.84281700049178,1,REAL_FIRE,2823.5449259991583,5,False,1,,72.84281700049178
fire_videos,1,detectium_fire/fire/12741090_3840_2160_24fps.mp4,86,12,371,1709,1,0.43074217438697815,87.61187799973413,1,REAL_FIRE,2744.4157250029093,5,False,1,,87.61187799973413
fire_videos,1,detectium_fire/fire/12741090_3840_2160_24fps.mp4,86,13,405,1710,1,0.5078538060188293,81.15758700296283,1,REAL_FIRE,2773.6228370013123,5,True,1,REAL_FIRE,2817.930649001937
fire_videos,1,detectium_fire/fire/12741090_3840_2160_24fps.mp4,86,14,439,1711,0,0.0,69.97937100095442,1,REAL_FIRE,3157.162752999284,5,False,0,,69.97937100095442
fire_videos,1,detectium_fire/fire/12741090_3840_2160_24fps.mp4,86,15,472,1712,1,0.8318191170692444,76.31390300230123,1,REAL_FIRE,2608.090354002343,5,False,1,,76.31390300230123
fire_videos,1,detectium_fire/fire/12741090_3840_2160_24fps.mp4,86,16,506,1713,1,0.5871242880821228,72.70044700271683,1,REAL_FIRE,3056.142617999285,5,False,1,,72.70044700271683
fire_videos,1,detectium_fire/fire/12741090_3840_2160_24fps.mp4,86,17,540,1714,1,0.41519832611083984,60.21874300131458,1,REAL_FIRE,3178.7264599988703,5,False,1,,60.21874300131458
fire_videos,1,detectium_fire/fire/12741090_3840_2160_24fps.mp4,86,18,574,1715,1,0.7114059329032898,65.58783600121387,1,REAL_FIRE,2995.166294000228,5,True,1,REAL_FIRE,2764.931797002646
fire_videos,1,detectium_fire/fire/12741090_3840_2160_24fps.mp4,86,19,607,1716,0,0.0,59.4224939995911,1,REAL_FIRE,2610.6643130005978,5,False,0,,59.4224939995911
fire_videos,1,detectium_fire/fire/12741090_3840_2160_24fps.mp4,86,20,641,1717,1,0.3202756345272064,75.10817400179803,1,REAL_FIRE,2732.4860349981464,5,False,1,,75.10817400179803
fire_videos,1,detectium_fire/fire/12756381_3840_2160_24fps.mp4,87,1,0,1718,1,0.7709179520606995,63.87958800041815,1,REAL_FIRE,2648.395132000587,5,False,1,,63.87958800041815
fire_videos,1,detectium_fire/fire/12756381_3840_2160_24fps.mp4,87,2,13,1719,1,0.8560717105865479,78.20268999785185,1,REAL_FIRE,3595.33419500076,5,False,1,,78.20268999785185
fire_videos,1,detectium_fire/fire/12756381_3840_2160_24fps.mp4,87,3,25,1720,1,0.8808332085609436,79.72871699894313,1,REAL_FIRE,3008.0858880028245,5,True,1,REAL_FIRE,3424.736609998945
fire_videos,1,detectium_fire/fire/12756381_3840_2160_24fps.mp4,87,4,38,1721,1,0.8855146765708923,63.188329000695376,1,REAL_FIRE,2819.597887002601,5,False,1,,63.188329000695376
fire_videos,1,detectium_fire/fire/12756381_3840_2160_24fps.mp4,87,5,50,1722,1,0.6923733949661255,65.74165499841911,1,REAL_FIRE,2872.0047179995163,5,False,1,,65.74165499841911
fire_videos,1,detectium_fire/fire/12756381_3840_2160_24fps.mp4,87,6,63,1723,1,0.773343026638031,63.975817000027746,1,REAL_FIRE,3468.5375890003343,5,False,1,,63.975817000027746
fire_videos,1,detectium_fire/fire/12756381_3840_2160_24fps.mp4,87,7,75,1724,1,0.8443275690078735,78.02539000113029,1,REAL_FIRE,3143.9019550016383,5,False,1,,78.02539000113029
fire_videos,1,detectium_fire/fire/12756381_3840_2160_24fps.mp4,87,8,88,1725,1,0.8899017572402954,82.1529439999722,1,REAL_FIRE,2998.889539998345,5,True,1,REAL_FIRE,2634.7627679970174
fire_videos,1,detectium_fire/fire/12756381_3840_2160_24fps.mp4,87,9,101,1726,1,0.8802493214607239,56.14647700349451,1,REAL_FIRE,2683.225904998835,5,False,1,,56.14647700349451
fire_videos,1,detectium_fire/fire/12756381_3840_2160_24fps.mp4,87,10,113,1727,1,0.8820542097091675,48.28717799682636,1,REAL_FIRE,3511.800825002865,5,False,1,,48.28717799682636
fire_videos,1,detectium_fire/fire/12756381_3840_2160_24fps.mp4,87,11,126,1728,1,0.8797518610954285,53.65460200118832,1,REAL_FIRE,3186.802093001461,5,False,1,,53.65460200118832
fire_videos,1,detectium_fire/fire/12756381_3840_2160_24fps.mp4,87,12,138,1729,1,0.8596864342689514,53.26258099739789,1,REAL_FIRE,3180.1843590001226,5,False,1,,53.26258099739789
fire_videos,1,detectium_fire/fire/12756381_3840_2160_24fps.mp4,87,13,151,1730,1,0.8483604788780212,74.33887400111416,1,REAL_FIRE,3115.620710999792,5,True,1,REAL_FIRE,3262.0743099978426
fire_videos,1,detectium_fire/fire/12756381_3840_2160_24fps.mp4,87,14,164,1731,1,0.8451204299926758,46.365899997908855,1,REAL_FIRE,2897.9240779990505,5,False,1,,46.365899997908855
fire_videos,1,detectium_fire/fire/12756381_3840_2160_24fps.mp4,87,15,176,1732,1,0.841423511505127,62.14738999915426,1,REAL_FIRE,2789.100887999666,5,False,1,,62.14738999915426
fire_videos,1,detectium_fire/fire/12756381_3840_2160_24fps.mp4,87,16,189,1733,1,0.832260251045227,64.74606600022526,1,REAL_FIRE,3355.1086750012473,5,False,1,,64.74606600022526
fire_videos,1,detectium_fire/fire/12756381_3840_2160_24fps.mp4,87,17,201,1734,1,0.8150743246078491,62.25645999802509,1,REAL_FIRE,3350.721558999794,5,False,1,,62.25645999802509
fire_videos,1,detectium_fire/fire/12756381_3840_2160_24fps.mp4,87,18,214,1735,1,0.8820250034332275,65.46378499842831,1,REAL_FIRE,3422.3542049985554,5,True,1,REAL_FIRE,2981.188862999261
fire_videos,1,detectium_fire/fire/12756381_3840_2160_24fps.mp4,87,19,226,1736,1,0.8602705001831055,62.50599900158704,1,REAL_FIRE,3183.494740998867,5,False,1,,62.50599900158704
fire_videos,1,detectium_fire/fire/12756381_3840_2160_24fps.mp4,87,20,239,1737,1,0.8572702407836914,66.15070500265574,1,REAL_FIRE,3092.308397001034,5,False,1,,66.15070500265574
fire_videos,1,detectium_fire/fire/12767194_1080_1920_30fps.mp4,88,1,0,1738,0,0.0,29.50807199886185,0,NO_REAL_FIRE,4698.400916000537,5,False,0,,29.50807199886185
fire_videos,1,detectium_fire/fire/12767194_1080_1920_30fps.mp4,88,2,19,1739,0,0.0,35.61602300032973,0,NO_REAL_FIRE,4328.882652000175,5,False,0,,35.61602300032973
fire_videos,1,detectium_fire/fire/12767194_1080_1920_30fps.mp4,88,3,38,1740,1,0.5607226490974426,36.53242200016393,1,REAL_FIRE,2417.2609970009944,5,True,1,REAL_FIRE,3035.9077340035583
fire_videos,1,detectium_fire/fire/12767194_1080_1920_30fps.mp4,88,4,57,1741,0,0.0,37.25691200088477,0,NO_REAL_FIRE,5044.022358000802,5,False,0,,37.25691200088477
fire_videos,1,detectium_fire/fire/12767194_1080_1920_30fps.mp4,88,5,77,1742,1,0.3976019024848938,33.09791699939524,1,REAL_FIRE,2769.4959660002496,5,False,1,,33.09791699939524
fire_videos,1,detectium_fire/fire/12767194_1080_1920_30fps.mp4,88,6,96,1743,1,0.5430890917778015,17.919637000886723,1,REAL_FIRE,3162.4354749983468,5,False,1,,17.919637000886723
fire_videos,1,detectium_fire/fire/12767194_1080_1920_30fps.mp4,88,7,115,1744,1,0.5331721901893616,16.741968000133056,1,REAL_FIRE,2634.669790000771,5,False,1,,16.741968000133056
fire_videos,1,detectium_fire/fire/12767194_1080_1920_30fps.mp4,88,8,134,1745,1,0.567993700504303,17.10991700019804,1,REAL_FIRE,2566.9557269975485,5,True,1,REAL_FIRE,3164.329669001745
fire_videos,1,detectium_fire/fire/12767194_1080_1920_30fps.mp4,88,9,153,1746,1,0.6677822470664978,23.10326999941026,1,REAL_FIRE,2999.2364320023626,5,False,1,,23.10326999941026
fire_videos,1,detectium_fire/fire/12767194_1080_1920_30fps.mp4,88,10,172,1747,1,0.6482367515563965,17.46217699837871,1,REAL_FIRE,2439.2968689971894,5,False,1,,17.46217699837871
fire_videos,1,detectium_fire/fire/12767194_1080_1920_30fps.mp4,88,11,192,1748,1,0.6456916332244873,36.341532999358606,1,REAL_FIRE,3291.242561001127,5,False,1,,36.341532999358606
fire_videos,1,detectium_fire/fire/12767194_1080_1920_30fps.mp4,88,12,211,1749,1,0.6570020914077759,25.980006997997407,1,REAL_FIRE,2936.0980210003618,5,False,1,,25.980006997997407
fire_videos,1,detectium_fire/fire/12767194_1080_1920_30fps.mp4,88,13,230,1750,1,0.6741918921470642,46.69111000112025,1,REAL_FIRE,2942.9487109991896,5,True,1,REAL_FIRE,2863.491074000194
fire_videos,1,detectium_fire/fire/12767194_1080_1920_30fps.mp4,88,14,249,1751,1,0.6629202961921692,36.18822300268221,1,REAL_FIRE,2824.581462999049,5,False,1,,36.18822300268221
fire_videos,1,detectium_fire/fire/12767194_1080_1920_30fps.mp4,88,15,268,1752,1,0.6213833689689636,18.63758599938592,1,REAL_FIRE,2814.54447500073,5,False,1,,18.63758599938592
fire_videos,1,detectium_fire/fire/12767194_1080_1920_30fps.mp4,88,16,287,1753,1,0.6419883966445923,36.16059300111374,1,REAL_FIRE,2730.9098429977894,5,False,1,,36.16059300111374
fire_videos,1,detectium_fire/fire/12767194_1080_1920_30fps.mp4,88,17,307,1754,1,0.6382635235786438,48.24985800223658,1,REAL_FIRE,3263.1965580003452,5,False,1,,48.24985800223658
fire_videos,1,detectium_fire/fire/12767194_1080_1920_30fps.mp4,88,18,326,1755,1,0.6705695986747742,36.23328300091089,1,REAL_FIRE,3041.3371970025764,5,True,1,REAL_FIRE,2841.6146359995764
fire_videos,1,detectium_fire/fire/12767194_1080_1920_30fps.mp4,88,19,345,1756,1,0.6661379933357239,36.616811998101184,1,REAL_FIRE,2712.908833000256,5,False,1,,36.616811998101184
fire_videos,1,detectium_fire/fire/12767194_1080_1920_30fps.mp4,88,20,364,1757,1,0.6938241124153137,36.301363001257414,1,REAL_FIRE,2456.0265770014666,5,False,1,,36.301363001257414
fire_videos,1,detectium_fire/fire/12768368_1920_1080_50fps.mp4,89,1,0,1758,1,0.5669436454772949,21.364421998441685,1,REAL_FIRE,3042.2602709986677,5,False,1,,21.364421998441685
fire_videos,1,detectium_fire/fire/12768368_1920_1080_50fps.mp4,89,2,80,1759,1,0.5281146764755249,36.08158199858735,1,REAL_FIRE,2950.808479999978,5,False,1,,36.08158199858735
fire_videos,1,detectium_fire/fire/12768368_1920_1080_50fps.mp4,89,3,160,1760,1,0.541024386882782,17.326316999970004,1,REAL_FIRE,3410.847687999194,5,True,1,REAL_FIRE,3738.327709001169
fire_videos,1,detectium_fire/fire/12768368_1920_1080_50fps.mp4,89,4,240,1761,1,0.5132627487182617,41.087636000156635,1,REAL_FIRE,2786.1188810020394,5,False,1,,41.087636000156635
fire_videos,1,detectium_fire/fire/12768368_1920_1080_50fps.mp4,89,5,320,1762,1,0.5108376741409302,34.66141399985645,1,REAL_FIRE,3030.9820709990163,5,False,1,,34.66141399985645
fire_videos,1,detectium_fire/fire/12768368_1920_1080_50fps.mp4,89,6,400,1763,1,0.5518715977668762,16.573279001022456,1,REAL_FIRE,3557.8641120009706,5,False,1,,16.573279001022456
fire_videos,1,detectium_fire/fire/12768368_1920_1080_50fps.mp4,89,7,480,1764,1,0.535569429397583,17.033087999152485,1,REAL_FIRE,3251.0149299996556,5,False,1,,17.033087999152485
fire_videos,1,detectium_fire/fire/12768368_1920_1080_50fps.mp4,89,8,560,1765,1,0.5699898600578308,28.85267199962982,1,REAL_FIRE,3402.205751997826,5,True,1,REAL_FIRE,3308.640082999773
fire_videos,1,detectium_fire/fire/12768368_1920_1080_50fps.mp4,89,9,640,1766,1,0.6097192168235779,19.670924000820378,1,REAL_FIRE,2664.6837040025275,5,False,1,,19.670924000820378
fire_videos,1,detectium_fire/fire/12768368_1920_1080_50fps.mp4,89,10,720,1767,1,0.6000580191612244,22.767859998566564,1,REAL_FIRE,2455.1234479986306,5,False,1,,22.767859998566564
fire_videos,1,detectium_fire/fire/12768368_1920_1080_50fps.mp4,89,11,801,1768,1,0.5352028012275696,18.3523960004095,1,REAL_FIRE,2952.3321359993133,5,False,1,,18.3523960004095
fire_videos,1,detectium_fire/fire/12768368_1920_1080_50fps.mp4,89,12,881,1769,1,0.5185160636901855,38.04041100011091,1,REAL_FIRE,2837.3480059999565,5,False,1,,38.04041100011091
fire_videos,1,detectium_fire/fire/12768368_1920_1080_50fps.mp4,89,13,961,1770,1,0.5417952537536621,36.182592000841396,1,REAL_FIRE,3622.871055998985,5,True,1,REAL_FIRE,3266.6505910019623
fire_videos,1,detectium_fire/fire/12768368_1920_1080_50fps.mp4,89,14,1041,1771,1,0.5594626665115356,33.57630600294215,1,REAL_FIRE,3509.407472000021,5,False,1,,33.57630600294215
fire_videos,1,detectium_fire/fire/12768368_1920_1080_50fps.mp4,89,15,1121,1772,1,0.5649691820144653,36.29759199975524,1,REAL_FIRE,3224.7750140013522,5,False,1,,36.29759199975524
fire_videos,1,detectium_fire/fire/12768368_1920_1080_50fps.mp4,89,16,1201,1773,1,0.49635183811187744,36.18850199927692,1,REAL_FIRE,3656.2093569991703,5,False,1,,36.18850199927692
fire_videos,1,detectium_fire/fire/12768368_1920_1080_50fps.mp4,89,17,1281,1774,1,0.5248966217041016,20.22920399758732,1,REAL_FIRE,2852.324969997426,5,False,1,,20.22920399758732
fire_videos,1,detectium_fire/fire/12768368_1920_1080_50fps.mp4,89,18,1361,1775,1,0.492761492729187,47.995926997828064,1,REAL_FIRE,3410.1320170011604,5,True,1,REAL_FIRE,2720.0769319970277
fire_videos,1,detectium_fire/fire/12768368_1920_1080_50fps.mp4,89,19,1441,1776,1,0.5299387574195862,16.568027996981982,1,REAL_FIRE,2981.037608002225,5,False,1,,16.568027996981982
fire_videos,1,detectium_fire/fire/12768368_1920_1080_50fps.mp4,89,20,1521,1777,1,0.5420432090759277,31.94473899930017,1,REAL_FIRE,2710.918982000294,5,False,1,,31.94473899930017
fire_videos,1,detectium_fire/fire/12772958_3840_2160_24fps.mp4,90,1,0,1778,1,0.6749348044395447,63.27768699702574,1,REAL_FIRE,3014.728662001289,5,False,1,,63.27768699702574
fire_videos,1,detectium_fire/fire/12772958_3840_2160_24fps.mp4,90,2,19,1779,1,0.6819602251052856,69.06602900198777,1,REAL_FIRE,2681.3194889982697,5,False,1,,69.06602900198777
fire_videos,1,detectium_fire/fire/12772958_3840_2160_24fps.mp4,90,3,39,1780,1,0.5572487115859985,73.82180299828178,1,REAL_FIRE,2674.1469980006514,5,True,1,REAL_FIRE,3285.555033999117
fire_videos,1,detectium_fire/fire/12772958_3840_2160_24fps.mp4,90,4,58,1781,1,0.6474959850311279,67.18208199890796,1,REAL_FIRE,2975.23639100109,5,False,1,,67.18208199890796
fire_videos,1,detectium_fire/fire/12772958_3840_2160_24fps.mp4,90,5,77,1782,1,0.530083417892456,55.55801700029406,1,REAL_FIRE,3041.23844300193,5,False,1,,55.55801700029406
fire_videos,1,detectium_fire/fire/12772958_3840_2160_24fps.mp4,90,6,97,1783,1,0.5977862477302551,66.27452300017467,1,REAL_FIRE,2978.076575000159,5,False,1,,66.27452300017467
fire_videos,1,detectium_fire/fire/12772958_3840_2160_24fps.mp4,90,7,116,1784,1,0.6411998271942139,74.90404199779732,1,REAL_FIRE,3416.688138000609,5,False,1,,74.90404199779732
fire_videos,1,detectium_fire/fire/12772958_3840_2160_24fps.mp4,90,8,136,1785,1,0.7074159979820251,65.45246399764437,1,REAL_FIRE,2631.3719790014147,5,True,1,REAL_FIRE,3847.507067996048
fire_videos,1,detectium_fire/fire/12772958_3840_2160_24fps.mp4,90,9,155,1786,1,0.6743452548980713,77.81365799746709,1,REAL_FIRE,2953.8899330000277,5,False,1,,77.81365799746709
fire_videos,1,detectium_fire/fire/12772958_3840_2160_24fps.mp4,90,10,174,1787,1,0.5681373476982117,64.92473400066956,1,REAL_FIRE,3090.1345729980676,5,False,1,,64.92473400066956
fire_videos,1,detectium_fire/fire/12772958_3840_2160_24fps.mp4,90,11,194,1788,1,0.4833928346633911,67.28605100215646,1,REAL_FIRE,2822.592454002006,5,False,1,,67.28605100215646
fire_videos,1,detectium_fire/fire/12772958_3840_2160_24fps.mp4,90,12,213,1789,1,0.5789216160774231,64.99776499913423,1,REAL_FIRE,2661.7540949991962,5,False,1,,64.99776499913423
fire_videos,1,detectium_fire/fire/12772958_3840_2160_24fps.mp4,90,13,232,1790,1,0.5658828616142273,71.02573600059259,1,REAL_FIRE,3134.6651409985498,5,True,1,REAL_FIRE,2730.449832000886
fire_videos,1,detectium_fire/fire/12772958_3840_2160_24fps.mp4,90,14,252,1791,1,0.6535605192184448,70.69238699841662,1,REAL_FIRE,2849.4009649984946,5,False,1,,70.69238699841662
fire_videos,1,detectium_fire/fire/12772958_3840_2160_24fps.mp4,90,15,271,1792,1,0.551387369632721,56.216295997728594,1,REAL_FIRE,3013.6586379994696,5,False,1,,56.216295997728594
fire_videos,1,detectium_fire/fire/12772958_3840_2160_24fps.mp4,90,16,291,1793,1,0.5449197292327881,63.46143600239884,1,REAL_FIRE,3552.3536969994893,5,False,1,,63.46143600239884
fire_videos,1,detectium_fire/fire/12772958_3840_2160_24fps.mp4,90,17,310,1794,1,0.659772515296936,74.63823099897127,1,REAL_FIRE,3540.0095419972786,5,False,1,,74.63823099897127
fire_videos,1,detectium_fire/fire/12772958_3840_2160_24fps.mp4,90,18,329,1795,1,0.6804028749465942,82.2736009977234,1,REAL_FIRE,3176.617110002553,5,True,1,REAL_FIRE,3332.2977439966053
fire_videos,1,detectium_fire/fire/12772958_3840_2160_24fps.mp4,90,19,349,1796,1,0.7011227011680603,62.52755799869192,1,REAL_FIRE,2628.2823319997988,5,False,1,,62.52755799869192
fire_videos,1,detectium_fire/fire/12772958_3840_2160_24fps.mp4,90,20,368,1797,1,0.8321487903594971,68.8121589992079,1,REAL_FIRE,2884.005472998979,5,False,1,,68.8121589992079
fire_videos,1,detectium_fire/fire/12772964_3840_2160_24fps.mp4,91,1,0,1798,1,0.4598275423049927,31.406309000885813,1,REAL_FIRE,3152.7220379975915,5,False,1,,31.406309000885813
fire_videos,1,detectium_fire/fire/12772964_3840_2160_24fps.mp4,91,2,20,1799,1,0.4973507523536682,26.48097500059521,1,REAL_FIRE,2973.662313001114,5,False,1,,26.48097500059521
fire_videos,1,detectium_fire/fire/12772964_3840_2160_24fps.mp4,91,3,39,1800,1,0.6275506615638733,37.90096999728121,1,REAL_FIRE,2839.8787600017386,5,True,1,REAL_FIRE,2943.6050619988237
fire_videos,1,detectium_fire/fire/12772964_3840_2160_24fps.mp4,91,4,59,1801,1,0.6103896498680115,37.857129998883465,1,REAL_FIRE,2682.3590860003605,5,False,1,,37.857129998883465
fire_videos,1,detectium_fire/fire/12772964_3840_2160_24fps.mp4,91,5,78,1802,1,0.7625113725662231,37.838659998669755,1,REAL_FIRE,3116.2417919986183,5,False,1,,37.838659998669755
fire_videos,1,detectium_fire/fire/12772964_3840_2160_24fps.mp4,91,6,98,1803,1,0.7028751373291016,53.28556000313256,1,REAL_FIRE,3005.6613470005686,5,False,1,,53.28556000313256
fire_videos,1,detectium_fire/fire/12772964_3840_2160_24fps.mp4,91,7,117,1804,1,0.6346340775489807,38.00156999932369,1,REAL_FIRE,3068.8364430025104,5,False,1,,38.00156999932369
fire_videos,1,detectium_fire/fire/12772964_3840_2160_24fps.mp4,91,8,137,1805,1,0.4482939541339874,38.66037899933872,1,REAL_FIRE,3259.522129999823,5,True,1,REAL_FIRE,2917.853652001213
fire_videos,1,detectium_fire/fire/12772964_3840_2160_24fps.mp4,91,9,157,1806,1,0.7688010931015015,20.315893001679797,1,REAL_FIRE,2639.1612290026387,5,False,1,,20.315893001679797
fire_videos,1,detectium_fire/fire/12772964_3840_2160_24fps.mp4,91,10,176,1807,1,0.6012783050537109,35.78782299882732,1,REAL_FIRE,2528.429555000912,5,False,1,,35.78782299882732
fire_videos,1,detectium_fire/fire/12772964_3840_2160_24fps.mp4,91,11,196,1808,1,0.5101297497749329,36.325492001196835,1,REAL_FIRE,2904.5492469995224,5,False,1,,36.325492001196835
fire_videos,1,detectium_fire/fire/12772964_3840_2160_24fps.mp4,91,12,215,1809,1,0.6155763864517212,36.4997120013868,1,REAL_FIRE,3173.3054110009107,5,False,1,,36.4997120013868
fire_videos,1,detectium_fire/fire/12772964_3840_2160_24fps.mp4,91,13,235,1810,1,0.5156123042106628,48.50659600197105,1,REAL_FIRE,2702.362293999613,5,True,1,REAL_FIRE,2835.1282969997555
fire_videos,1,detectium_fire/fire/12772964_3840_2160_24fps.mp4,91,14,255,1811,1,0.5339661240577698,36.42685199883999,1,REAL_FIRE,3199.7866239980794,5,False,1,,36.42685199883999
fire_videos,1,detectium_fire/fire/12772964_3840_2160_24fps.mp4,91,15,274,1812,1,0.5190761685371399,37.6194199998281,1,REAL_FIRE,2808.1953110013274,5,False,1,,37.6194199998281
fire_videos,1,detectium_fire/fire/12772964_3840_2160_24fps.mp4,91,16,294,1813,1,0.5290604829788208,36.324021999462275,1,REAL_FIRE,2777.761550998548,5,False,1,,36.324021999462275
fire_videos,1,detectium_fire/fire/12772964_3840_2160_24fps.mp4,91,17,313,1814,1,0.5995994806289673,36.200321999785956,1,REAL_FIRE,2788.2849460002035,5,False,1,,36.200321999785956
fire_videos,1,detectium_fire/fire/12772964_3840_2160_24fps.mp4,91,18,333,1815,1,0.623580276966095,36.33253200314357,1,REAL_FIRE,2990.2879479996045,5,True,1,REAL_FIRE,3022.4310050034546
fire_videos,1,detectium_fire/fire/12772964_3840_2160_24fps.mp4,91,19,352,1816,1,0.5769443511962891,37.189621001743944,1,REAL_FIRE,3043.711226000596,5,False,1,,37.189621001743944
fire_videos,1,detectium_fire/fire/12772964_3840_2160_24fps.mp4,91,20,372,1817,1,0.4031202495098114,42.0181940025941,1,REAL_FIRE,3369.591783000942,5,False,1,,42.0181940025941
fire_videos,1,detectium_fire/fire/12773321_3840_2160_24fps.mp4,92,1,0,1818,1,0.31718724966049194,90.89006000067457,1,REAL_FIRE,2913.6320160032483,5,False,1,,90.89006000067457
fire_videos,1,detectium_fire/fire/12773321_3840_2160_24fps.mp4,92,2,29,1819,1,0.26821237802505493,61.66327800019644,1,REAL_FIRE,2646.50931000142,5,False,1,,61.66327800019644
fire_videos,1,detectium_fire/fire/12773321_3840_2160_24fps.mp4,92,3,58,1820,1,0.34227603673934937,55.14212699927157,1,REAL_FIRE,3081.268113000988,5,True,1,REAL_FIRE,2776.6887469988433
fire_videos,1,detectium_fire/fire/12773321_3840_2160_24fps.mp4,92,4,87,1821,1,0.3305913805961609,65.24764300047536,1,REAL_FIRE,3146.883154000534,5,False,1,,65.24764300047536
fire_videos,1,detectium_fire/fire/12773321_3840_2160_24fps.mp4,92,5,116,1822,1,0.34488645195961,69.31502799852751,1,REAL_FIRE,2752.3753170025884,5,False,1,,69.31502799852751
fire_videos,1,detectium_fire/fire/12773321_3840_2160_24fps.mp4,92,6,145,1823,1,0.304818332195282,88.3008430027985,1,REAL_FIRE,3093.891573000292,5,False,1,,88.3008430027985
fire_videos,1,detectium_fire/fire/12773321_3840_2160_24fps.mp4,92,7,174,1824,1,0.34298714995384216,56.26979499720619,1,REAL_FIRE,3024.3357450017356,5,False,1,,56.26979499720619
fire_videos,1,detectium_fire/fire/12773321_3840_2160_24fps.mp4,92,8,203,1825,1,0.4209769368171692,71.69731500107446,1,REAL_FIRE,3209.547187998396,5,True,1,REAL_FIRE,3234.30637400088
fire_videos,1,detectium_fire/fire/12773321_3840_2160_24fps.mp4,92,9,232,1826,1,0.3207782804965973,53.611179002473364,1,REAL_FIRE,3105.714753000939,5,False,1,,53.611179002473364
fire_videos,1,detectium_fire/fire/12773321_3840_2160_24fps.mp4,92,10,261,1827,1,0.517723023891449,69.9321370011603,1,REAL_FIRE,3160.715778998565,5,False,1,,69.9321370011603
fire_videos,1,detectium_fire/fire/12773321_3840_2160_24fps.mp4,92,11,289,1828,1,0.5072649717330933,76.4115390011284,1,REAL_FIRE,2639.867071000481,5,False,1,,76.4115390011284
fire_videos,1,detectium_fire/fire/12773321_3840_2160_24fps.mp4,92,12,318,1829,1,0.671220064163208,72.87379300032626,1,REAL_FIRE,3215.7996249989083,5,False,1,,72.87379300032626
fire_videos,1,detectium_fire/fire/12773321_3840_2160_24fps.mp4,92,13,347,1830,1,0.5376390814781189,56.59403500249027,1,REAL_FIRE,2943.946715000493,5,True,1,REAL_FIRE,3187.46915200245
fire_videos,1,detectium_fire/fire/12773321_3840_2160_24fps.mp4,92,14,376,1831,1,0.49838635325431824,64.96929399872897,1,REAL_FIRE,3088.461332001316,5,False,1,,64.96929399872897
fire_videos,1,detectium_fire/fire/12773321_3840_2160_24fps.mp4,92,15,405,1832,1,0.47655320167541504,68.10089999999036,1,REAL_FIRE,2609.8553180017916,5,False,1,,68.10089999999036
fire_videos,1,detectium_fire/fire/12773321_3840_2160_24fps.mp4,92,16,434,1833,1,0.674394965171814,69.03214799967827,1,REAL_FIRE,2608.6305290009477,5,False,1,,69.03214799967827
fire_videos,1,detectium_fire/fire/12773321_3840_2160_24fps.mp4,92,17,463,1834,1,0.7332028746604919,56.011244996625464,1,REAL_FIRE,3693.259414998465,5,False,1,,56.011244996625464
fire_videos,1,detectium_fire/fire/12773321_3840_2160_24fps.mp4,92,18,492,1835,1,0.5851689577102661,78.04878599927179,1,REAL_FIRE,2926.256624999951,5,True,1,REAL_FIRE,3033.7724710007024
fire_videos,1,detectium_fire/fire/12773321_3840_2160_24fps.mp4,92,19,521,1836,1,0.6536765694618225,62.210226999013685,1,REAL_FIRE,2962.5875249985256,5,False,1,,62.210226999013685
fire_videos,1,detectium_fire/fire/12773321_3840_2160_24fps.mp4,92,20,550,1837,1,0.8427063226699829,67.88990999848465,1,REAL_FIRE,3049.4030180016125,5,False,1,,67.88990999848465
fire_videos,1,detectium_fire/fire/12773385_3840_2160_24fps.mp4,93,1,0,1838,1,0.7598788142204285,53.41798800145625,1,REAL_FIRE,3311.542188999738,5,False,1,,53.41798800145625
fire_videos,1,detectium_fire/fire/12773385_3840_2160_24fps.mp4,93,2,17,1839,1,0.6996315717697144,65.31300300048315,1,REAL_FIRE,2576.0285979995388,5,False,1,,65.31300300048315
fire_videos,1,detectium_fire/fire/12773385_3840_2160_24fps.mp4,93,3,35,1840,1,0.6221385598182678,68.64128899906063,1,REAL_FIRE,2627.390239002125,5,True,1,REAL_FIRE,2787.3456759989494
fire_videos,1,detectium_fire/fire/12773385_3840_2160_24fps.mp4,93,4,52,1841,1,0.6593339443206787,64.59754400202655,1,REAL_FIRE,3128.9999299988267,5,False,1,,64.59754400202655
fire_videos,1,detectium_fire/fire/12773385_3840_2160_24fps.mp4,93,5,70,1842,1,0.6380228400230408,65.30277300043963,1,REAL_FIRE,3062.242158997833,5,False,1,,65.30277300043963
fire_videos,1,detectium_fire/fire/12773385_3840_2160_24fps.mp4,93,6,87,1843,1,0.7290306091308594,65.42957299825503,1,REAL_FIRE,3215.3523939996376,5,False,1,,65.42957299825503
fire_videos,1,detectium_fire/fire/12773385_3840_2160_24fps.mp4,93,7,105,1844,1,0.7332525849342346,72.52172299922677,1,REAL_FIRE,2724.352228000498,5,False,1,,72.52172299922677
fire_videos,1,detectium_fire/fire/12773385_3840_2160_24fps.mp4,93,8,122,1845,1,0.6268383860588074,72.86682300036773,1,REAL_FIRE,2877.7495919966896,5,True,1,REAL_FIRE,3322.8229690030275
fire_videos,1,detectium_fire/fire/12773385_3840_2160_24fps.mp4,93,9,139,1846,1,0.6469886898994446,81.82122099970002,1,REAL_FIRE,3147.2158819997276,5,False,1,,81.82122099970002
fire_videos,1,detectium_fire/fire/12773385_3840_2160_24fps.mp4,93,10,157,1847,1,0.739499568939209,73.60583099944051,1,REAL_FIRE,2668.9112990025023,5,False,1,,73.60583099944051
fire_videos,1,detectium_fire/fire/12773385_3840_2160_24fps.mp4,93,11,174,1848,1,0.7180077433586121,67.58946999980253,1,REAL_FIRE,2649.3707839981653,5,False,1,,67.58946999980253
fire_videos,1,detectium_fire/fire/12773385_3840_2160_24fps.mp4,93,12,192,1849,1,0.6546265482902527,93.32902500318596,1,REAL_FIRE,3161.171870000544,5,False,1,,93.32902500318596
fire_videos,1,detectium_fire/fire/12773385_3840_2160_24fps.mp4,93,13,209,1850,1,0.6509926319122314,53.12243899970781,1,REAL_FIRE,3382.2421949989803,5,True,1,REAL_FIRE,3415.518960002373
fire_videos,1,detectium_fire/fire/12773385_3840_2160_24fps.mp4,93,14,226,1851,1,0.6284128427505493,52.036069999303436,1,REAL_FIRE,3111.0123959988414,5,False,1,,52.036069999303436
fire_videos,1,detectium_fire/fire/12773385_3840_2160_24fps.mp4,93,15,244,1852,1,0.6482710838317871,63.55858499955502,1,REAL_FIRE,2547.3257679987,5,False,1,,63.55858499955502
fire_videos,1,detectium_fire/fire/12773385_3840_2160_24fps.mp4,93,16,261,1853,1,0.611193060874939,72.15470300070592,1,REAL_FIRE,2938.8210750003054,5,False,1,,72.15470300070592
fire_videos,1,detectium_fire/fire/12773385_3840_2160_24fps.mp4,93,17,279,1854,1,0.5925627946853638,61.92663800175069,1,REAL_FIRE,3178.152743999817,5,False,1,,61.92663800175069
fire_videos,1,detectium_fire/fire/12773385_3840_2160_24fps.mp4,93,18,296,1855,1,0.5030890107154846,81.4196310020634,1,REAL_FIRE,3410.444274002657,5,True,1,REAL_FIRE,2849.71766200033
fire_videos,1,detectium_fire/fire/12773385_3840_2160_24fps.mp4,93,19,314,1856,1,0.6466245651245117,74.34495099732885,1,REAL_FIRE,2974.454994997359,5,False,1,,74.34495099732885
fire_videos,1,detectium_fire/fire/12773385_3840_2160_24fps.mp4,93,20,331,1857,1,0.6931205987930298,81.61751099760295,1,REAL_FIRE,2689.005686002929,5,False,1,,81.61751099760295
fire_videos,1,detectium_fire/fire/12791766_3840_2160_25fps.mp4,94,1,0,1858,1,0.4171678423881531,65.65911299912841,1,REAL_FIRE,2494.95963499794,5,False,1,,65.65911299912841
fire_videos,1,detectium_fire/fire/12791766_3840_2160_25fps.mp4,94,2,21,1859,1,0.6251907348632812,77.51891600128147,1,REAL_FIRE,2759.837070996582,5,False,1,,77.51891600128147
fire_videos,1,detectium_fire/fire/12791766_3840_2160_25fps.mp4,94,3,43,1860,1,0.5288470387458801,71.85509400005685,1,REAL_FIRE,2812.2639499997604,5,True,1,REAL_FIRE,3041.3922640000237
fire_videos,1,detectium_fire/fire/12791766_3840_2160_25fps.mp4,94,4,64,1861,1,0.5910157561302185,76.96970700271777,1,REAL_FIRE,2865.4383579996647,5,False,1,,76.96970700271777
fire_videos,1,detectium_fire/fire/12791766_3840_2160_25fps.mp4,94,5,86,1862,1,0.66399085521698,87.07630400022026,1,REAL_FIRE,2952.040152002155,5,False,1,,87.07630400022026
fire_videos,1,detectium_fire/fire/12791766_3840_2160_25fps.mp4,94,6,107,1863,1,0.5285343527793884,71.01006399898324,1,REAL_FIRE,2819.518419000815,5,False,1,,71.01006399898324
fire_videos,1,detectium_fire/fire/12791766_3840_2160_25fps.mp4,94,7,129,1864,1,0.6022850275039673,63.53021500035538,1,REAL_FIRE,2465.772350999032,5,False,1,,63.53021500035538
fire_videos,1,detectium_fire/fire/12791766_3840_2160_25fps.mp4,94,8,150,1865,1,0.37492766976356506,55.441685999539914,1,REAL_FIRE,2937.8368800025783,5,True,1,REAL_FIRE,2975.9122479990765
fire_videos,1,detectium_fire/fire/12791766_3840_2160_25fps.mp4,94,9,171,1866,1,0.3770546615123749,86.59482400253182,1,REAL_FIRE,2598.313512000459,5,False,1,,86.59482400253182
fire_videos,1,detectium_fire/fire/12791766_3840_2160_25fps.mp4,94,10,193,1867,1,0.4872233271598816,58.52713199783466,1,REAL_FIRE,2499.3859050009632,5,False,1,,58.52713199783466
fire_videos,1,detectium_fire/fire/12791766_3840_2160_25fps.mp4,94,11,214,1868,1,0.38918647170066833,74.93275000160793,1,REAL_FIRE,2458.09109000038,5,False,1,,74.93275000160793
fire_videos,1,detectium_fire/fire/12791766_3840_2160_25fps.mp4,94,12,236,1869,1,0.3892952799797058,72.41602299836813,1,REAL_FIRE,2579.8359159998654,5,False,1,,72.41602299836813
fire_videos,1,detectium_fire/fire/12791766_3840_2160_25fps.mp4,94,13,257,1870,1,0.597781240940094,66.1414309979591,1,REAL_FIRE,3040.3405190008925,5,True,1,REAL_FIRE,2964.224010996986
fire_videos,1,detectium_fire/fire/12791766_3840_2160_25fps.mp4,94,14,278,1871,1,0.6198995113372803,64.06101399988984,1,REAL_FIRE,2437.0160859980388,5,False,1,,64.06101399988984
fire_videos,1,detectium_fire/fire/12791766_3840_2160_25fps.mp4,94,15,300,1872,1,0.6568792462348938,88.99491099873558,1,REAL_FIRE,3041.681767001137,5,False,1,,88.99491099873558
fire_videos,1,detectium_fire/fire/12791766_3840_2160_25fps.mp4,94,16,321,1873,1,0.34981077909469604,75.17517000087537,1,REAL_FIRE,2890.8565579986316,5,False,1,,75.17517000087537
fire_videos,1,detectium_fire/fire/12791766_3840_2160_25fps.mp4,94,17,343,1874,1,0.5644223093986511,86.63752499705879,1,REAL_FIRE,3207.9457030013145,5,False,1,,86.63752499705879
fire_videos,1,detectium_fire/fire/12791766_3840_2160_25fps.mp4,94,18,364,1875,1,0.5906298160552979,68.3908880018862,1,REAL_FIRE,2386.85001200065,5,True,1,REAL_FIRE,2431.325422003283
fire_videos,1,detectium_fire/fire/12791766_3840_2160_25fps.mp4,94,19,386,1876,1,0.7201533317565918,80.7592819983256,1,REAL_FIRE,2566.9282500020927,5,False,1,,80.7592819983256
fire_videos,1,detectium_fire/fire/12791766_3840_2160_25fps.mp4,94,20,407,1877,1,0.6372601985931396,70.84481499987305,1,REAL_FIRE,3003.482714997517,5,False,1,,70.84481499987305
fire_videos,1,detectium_fire/fire/12795413_1920_1080_30fps.mp4,95,1,0,1878,1,0.5736106038093567,34.19804400255089,0,NO_REAL_FIRE,3972.245995999401,5,False,1,,34.19804400255089
fire_videos,1,detectium_fire/fire/12795413_1920_1080_30fps.mp4,95,2,42,1879,1,0.42706313729286194,48.01665600098204,1,REAL_FIRE,3102.6066310005262,5,False,1,,48.01665600098204
fire_videos,1,detectium_fire/fire/12795413_1920_1080_30fps.mp4,95,3,83,1880,1,0.6396942138671875,38.25397900072858,1,REAL_FIRE,2565.7472599996254,5,True,1,REAL_FIRE,2441.936216000613
fire_videos,1,detectium_fire/fire/12795413_1920_1080_30fps.mp4,95,4,125,1881,1,0.43255865573883057,37.818549000803614,1,REAL_FIRE,2513.9592190025724,5,False,1,,37.818549000803614
fire_videos,1,detectium_fire/fire/12795413_1920_1080_30fps.mp4,95,5,166,1882,1,0.31922435760498047,36.50537100111251,1,REAL_FIRE,2771.6928529989673,5,False,1,,36.50537100111251
fire_videos,1,detectium_fire/fire/12795413_1920_1080_30fps.mp4,95,6,208,1883,1,0.4166678786277771,42.04843399929814,1,REAL_FIRE,2763.9458230005403,5,False,1,,42.04843399929814
fire_videos,1,detectium_fire/fire/12795413_1920_1080_30fps.mp4,95,7,249,1884,1,0.38428542017936707,37.934008996671764,1,REAL_FIRE,2543.439039000077,5,False,1,,37.934008996671764
fire_videos,1,detectium_fire/fire/12795413_1920_1080_30fps.mp4,95,8,291,1885,1,0.38624998927116394,36.28853099871776,1,REAL_FIRE,2864.400888000091,5,True,1,REAL_FIRE,3214.9577269992733
fire_videos,1,detectium_fire/fire/12795413_1920_1080_30fps.mp4,95,9,333,1886,1,0.6237958073616028,37.44640900185914,1,REAL_FIRE,3124.433217999467,5,False,1,,37.44640900185914
fire_videos,1,detectium_fire/fire/12795413_1920_1080_30fps.mp4,95,10,374,1887,1,0.4173140227794647,37.933609000901924,1,REAL_FIRE,2500.010136001947,5,False,1,,37.933609000901924
fire_videos,1,detectium_fire/fire/12795413_1920_1080_30fps.mp4,95,11,416,1888,1,0.5638863444328308,37.8383200004464,1,REAL_FIRE,2881.1376340017887,5,False,1,,37.8383200004464
fire_videos,1,detectium_fire/fire/12795413_1920_1080_30fps.mp4,95,12,457,1889,1,0.605438232421875,36.399381002411246,1,REAL_FIRE,2978.680711999914,5,False,1,,36.399381002411246
fire_videos,1,detectium_fire/fire/12795413_1920_1080_30fps.mp4,95,13,499,1890,1,0.347165048122406,51.20339099812554,1,REAL_FIRE,2754.0938739984995,5,True,1,REAL_FIRE,2641.4707439980702
fire_videos,1,detectium_fire/fire/12795413_1920_1080_30fps.mp4,95,14,541,1891,1,0.3776858150959015,37.68777000004775,1,REAL_FIRE,2404.49032199831,5,False,1,,37.68777000004775
fire_videos,1,detectium_fire/fire/12795413_1920_1080_30fps.mp4,95,15,582,1892,1,0.5724371671676636,35.847012000886025,1,REAL_FIRE,3075.232341001538,5,False,1,,35.847012000886025
fire_videos,1,detectium_fire/fire/12795413_1920_1080_30fps.mp4,95,16,624,1893,0,0.0,37.705908998759696,1,REAL_FIRE,3010.7232379996276,5,False,0,,37.705908998759696
fire_videos,1,detectium_fire/fire/12795413_1920_1080_30fps.mp4,95,17,665,1894,0,0.0,37.772839998069685,1,REAL_FIRE,3186.9440209993627,5,False,0,,37.772839998069685
fire_videos,1,detectium_fire/fire/12795413_1920_1080_30fps.mp4,95,18,707,1895,0,0.0,38.34086899951217,1,REAL_FIRE,3247.7303089981433,5,True,0,NO_REAL_FIRE,3757.506824000302
fire_videos,1,detectium_fire/fire/12795413_1920_1080_30fps.mp4,95,19,748,1896,1,0.31186291575431824,37.848599000426475,1,REAL_FIRE,2755.2154090008116,5,False,1,,37.848599000426475
fire_videos,1,detectium_fire/fire/12795413_1920_1080_30fps.mp4,95,20,790,1897,1,0.5255377888679504,32.96584499912569,0,NO_REAL_FIRE,4197.335172000749,5,False,1,,32.96584499912569
fire_videos,1,detectium_fire/fire/12799182_2160_3840_30fps.mp4,96,1,0,1898,1,0.443162739276886,58.01062200043816,1,REAL_FIRE,2977.2995700004685,5,False,1,,58.01062200043816
fire_videos,1,detectium_fire/fire/12799182_2160_3840_30fps.mp4,96,2,49,1899,0,0.0,85.63812500142376,1,REAL_FIRE,3271.786515000713,5,False,0,,85.63812500142376
fire_videos,1,detectium_fire/fire/12799182_2160_3840_30fps.mp4,96,3,97,1900,1,0.3958281874656677,87.44299300087732,1,REAL_FIRE,2648.9007599993784,5,True,1,REAL_FIRE,3116.0661930007336
fire_videos,1,detectium_fire/fire/12799182_2160_3840_30fps.mp4,96,4,146,1901,1,0.5717989802360535,63.368324998009484,1,REAL_FIRE,3117.514530000335,5,False,1,,63.368324998009484
fire_videos,1,detectium_fire/fire/12799182_2160_3840_30fps.mp4,96,5,194,1902,1,0.4510774612426758,65.32718200105592,1,REAL_FIRE,2586.478913999599,5,False,1,,65.32718200105592
fire_videos,1,detectium_fire/fire/12799182_2160_3840_30fps.mp4,96,6,243,1903,1,0.32946842908859253,84.83927499764832,1,REAL_FIRE,2565.3511810014606,5,False,1,,84.83927499764832
fire_videos,1,detectium_fire/fire/12799182_2160_3840_30fps.mp4,96,7,291,1904,1,0.30890223383903503,64.73696299872245,1,REAL_FIRE,3297.916406998411,5,False,1,,64.73696299872245
fire_videos,1,detectium_fire/fire/12799182_2160_3840_30fps.mp4,96,8,340,1905,0,0.0,66.04047099972377,1,REAL_FIRE,3474.3670689967985,5,True,1,REAL_FIRE,2691.0775510004896
fire_videos,1,detectium_fire/fire/12799182_2160_3840_30fps.mp4,96,9,388,1906,1,0.3566736578941345,65.09903299956932,1,REAL_FIRE,2807.659194997541,5,False,1,,65.09903299956932
fire_videos,1,detectium_fire/fire/12799182_2160_3840_30fps.mp4,96,10,437,1907,1,0.2640652656555176,71.06230399949709,1,REAL_FIRE,3205.7655489988974,5,False,1,,71.06230399949709
fire_videos,1,detectium_fire/fire/12799182_2160_3840_30fps.mp4,96,11,485,1908,0,0.0,87.53846200124826,1,REAL_FIRE,3299.224542999582,5,False,0,,87.53846200124826
fire_videos,1,detectium_fire/fire/12799182_2160_3840_30fps.mp4,96,12,534,1909,1,0.5408666729927063,72.7297319972422,1,REAL_FIRE,2762.037495002005,5,False,1,,72.7297319972422
fire_videos,1,detectium_fire/fire/12799182_2160_3840_30fps.mp4,96,13,582,1910,0,0.0,67.3885899996094,1,REAL_FIRE,3321.99004100039,5,True,1,REAL_FIRE,3174.8862089989416
fire_videos,1,detectium_fire/fire/12799182_2160_3840_30fps.mp4,96,14,631,1911,1,0.6614370346069336,84.40171599795576,1,REAL_FIRE,2950.0944499995967,5,False,1,,84.40171599795576
fire_videos,1,detectium_fire/fire/12799182_2160_3840_30fps.mp4,96,15,679,1912,0,0.0,61.81305599966436,1,REAL_FIRE,2457.249883998884,5,False,0,,61.81305599966436
fire_videos,1,detectium_fire/fire/12799182_2160_3840_30fps.mp4,96,16,728,1913,1,0.5631980299949646,73.57175099969027,1,REAL_FIRE,3153.825045999838,5,False,1,,73.57175099969027
fire_videos,1,detectium_fire/fire/12799182_2160_3840_30fps.mp4,96,17,776,1914,1,0.39731869101524353,88.55605999997351,1,REAL_FIRE,3211.585188000754,5,False,1,,88.55605999997351
fire_videos,1,detectium_fire/fire/12799182_2160_3840_30fps.mp4,96,18,825,1915,1,0.274373859167099,67.82971899883705,1,REAL_FIRE,2758.214757999667,5,True,1,REAL_FIRE,2878.8648849986203
fire_videos,1,detectium_fire/fire/12799182_2160_3840_30fps.mp4,96,19,873,1916,1,0.25405606627464294,62.16217700057314,1,REAL_FIRE,3232.3500200000126,5,False,1,,62.16217700057314
fire_videos,1,detectium_fire/fire/12799182_2160_3840_30fps.mp4,96,20,922,1917,1,0.5350220203399658,69.15746700178715,1,REAL_FIRE,2857.8313530015294,5,False,1,,69.15746700178715
fire_videos,1,detectium_fire/fire/12809844_3840_2160_24fps.mp4,97,1,0,1918,1,0.4869288206100464,55.80819500028156,1,REAL_FIRE,3052.9510300002585,5,False,1,,55.80819500028156
fire_videos,1,detectium_fire/fire/12809844_3840_2160_24fps.mp4,97,2,32,1919,1,0.37171193957328796,87.29942200079677,1,REAL_FIRE,3178.5256000002846,5,False,1,,87.29942200079677
fire_videos,1,detectium_fire/fire/12809844_3840_2160_24fps.mp4,97,3,64,1920,1,0.4545021951198578,62.484926002071006,1,REAL_FIRE,2599.591459998919,5,True,1,REAL_FIRE,2781.571335002809
fire_videos,1,detectium_fire/fire/12809844_3840_2160_24fps.mp4,97,4,95,1921,0,0.0,55.2441860018007,1,REAL_FIRE,2778.138247998868,5,False,0,,55.2441860018007
fire_videos,1,detectium_fire/fire/12809844_3840_2160_24fps.mp4,97,5,127,1922,0,0.0,68.68477799798711,1,REAL_FIRE,2784.9468990025343,5,False,0,,68.68477799798711
fire_videos,1,detectium_fire/fire/12809844_3840_2160_24fps.mp4,97,6,159,1923,0,0.0,72.35237299755681,1,REAL_FIRE,2650.6246400022064,5,False,0,,72.35237299755681
fire_videos,1,detectium_fire/fire/12809844_3840_2160_24fps.mp4,97,7,191,1924,0,0.0,48.95083399969735,1,REAL_FIRE,2706.7785040017043,5,False,0,,48.95083399969735
fire_videos,1,detectium_fire/fire/12809844_3840_2160_24fps.mp4,97,8,223,1925,0,0.0,57.99089200081653,1,REAL_FIRE,3611.4862549984537,5,True,1,REAL_FIRE,3185.416948002967
fire_videos,1,detectium_fire/fire/12809844_3840_2160_24fps.mp4,97,9,254,1926,0,0.0,66.89747000200441,1,REAL_FIRE,2698.9142239981447,5,False,0,,66.89747000200441
fire_videos,1,detectium_fire/fire/12809844_3840_2160_24fps.mp4,97,10,286,1927,0,0.0,68.33024799925624,1,REAL_FIRE,3081.8266269998276,5,False,0,,68.33024799925624
fire_videos,1,detectium_fire/fire/12809844_3840_2160_24fps.mp4,97,11,318,1928,0,0.0,65.6300310001825,1,REAL_FIRE,2851.5941170007864,5,False,0,,65.6300310001825
fire_videos,1,detectium_fire/fire/12809844_3840_2160_24fps.mp4,97,12,350,1929,0,0.0,75.35865800309693,1,REAL_FIRE,3500.7903719997557,5,False,0,,75.35865800309693
fire_videos,1,detectium_fire/fire/12809844_3840_2160_24fps.mp4,97,13,381,1930,0,0.0,69.67160600106581,1,REAL_FIRE,2637.1606960019562,5,True,1,REAL_FIRE,3104.127870999946
fire_videos,1,detectium_fire/fire/12809844_3840_2160_24fps.mp4,97,14,413,1931,0,0.0,66.10597700273502,1,REAL_FIRE,2635.305903000699,5,False,0,,66.10597700273502
fire_videos,1,detectium_fire/fire/12809844_3840_2160_24fps.mp4,97,15,445,1932,1,0.31055471301078796,68.9117840011022,1,REAL_FIRE,3066.685467998468,5,False,1,,68.9117840011022
fire_videos,1,detectium_fire/fire/12809844_3840_2160_24fps.mp4,97,16,477,1933,0,0.0,61.90479899669299,1,REAL_FIRE,2732.2081540005456,5,False,0,,61.90479899669299
fire_videos,1,detectium_fire/fire/12809844_3840_2160_24fps.mp4,97,17,509,1934,0,0.0,88.30140100326389,1,REAL_FIRE,3384.7646379981597,5,False,0,,88.30140100326389
fire_videos,1,detectium_fire/fire/12809844_3840_2160_24fps.mp4,97,18,540,1935,0,0.0,63.16963800054509,1,REAL_FIRE,3001.397518997692,5,True,1,REAL_FIRE,2603.8206159973925
fire_videos,1,detectium_fire/fire/12809844_3840_2160_24fps.mp4,97,19,572,1936,0,0.0,65.0902759989549,1,REAL_FIRE,2913.612477001152,5,False,0,,65.0902759989549
fire_videos,1,detectium_fire/fire/12809844_3840_2160_24fps.mp4,97,20,604,1937,0,0.0,88.69522000168217,1,REAL_FIRE,2618.9116960013052,5,False,0,,88.69522000168217
fire_videos,1,detectium_fire/fire/12834101_2160_3840_30fps.mp4,98,1,0,1938,1,0.7898671627044678,68.62362399988342,1,REAL_FIRE,3044.813726002758,5,False,1,,68.62362399988342
fire_videos,1,detectium_fire/fire/12834101_2160_3840_30fps.mp4,98,2,12,1939,1,0.7947192788124084,56.18310199861298,1,REAL_FIRE,2617.1018879977055,5,False,1,,56.18310199861298
fire_videos,1,detectium_fire/fire/12834101_2160_3840_30fps.mp4,98,3,24,1940,1,0.7678669691085815,61.14202800017665,1,REAL_FIRE,2599.1466520026734,5,True,1,REAL_FIRE,2901.4708249997057
fire_videos,1,detectium_fire/fire/12834101_2160_3840_30fps.mp4,98,4,36,1941,1,0.7971090078353882,68.1344930017076,1,REAL_FIRE,3367.5182099977974,5,False,1,,68.1344930017076
fire_videos,1,detectium_fire/fire/12834101_2160_3840_30fps.mp4,98,5,48,1942,1,0.8026350140571594,84.8094110006059,1,REAL_FIRE,3823.6206860019593,5,False,1,,84.8094110006059
fire_videos,1,detectium_fire/fire/12834101_2160_3840_30fps.mp4,98,6,60,1943,1,0.8116112947463989,69.67974199869786,1,REAL_FIRE,3334.822533000988,5,False,1,,69.67974199869786
fire_videos,1,detectium_fire/fire/12834101_2160_3840_30fps.mp4,98,7,72,1944,1,0.8099313378334045,62.39773600100307,1,REAL_FIRE,3046.518383998773,5,False,1,,62.39773600100307
fire_videos,1,detectium_fire/fire/12834101_2160_3840_30fps.mp4,98,8,84,1945,1,0.7980184555053711,80.93386299879057,1,REAL_FIRE,2502.7321800007485,5,True,1,REAL_FIRE,2766.9579649991647
fire_videos,1,detectium_fire/fire/12834101_2160_3840_30fps.mp4,98,9,96,1946,1,0.7757300734519958,67.60314100029063,1,REAL_FIRE,3150.2429389984172,5,False,1,,67.60314100029063
fire_videos,1,detectium_fire/fire/12834101_2160_3840_30fps.mp4,98,10,108,1947,1,0.7891842722892761,50.24140300156432,1,REAL_FIRE,3530.064501999732,5,False,1,,50.24140300156432
fire_videos,1,detectium_fire/fire/12834101_2160_3840_30fps.mp4,98,11,121,1948,1,0.807542085647583,70.43220900231972,1,REAL_FIRE,3202.736505001667,5,False,1,,70.43220900231972
fire_videos,1,detectium_fire/fire/12834101_2160_3840_30fps.mp4,98,12,133,1949,1,0.689703106880188,66.6293210015283,1,REAL_FIRE,2708.9081939993775,5,False,1,,66.6293210015283
fire_videos,1,detectium_fire/fire/12834101_2160_3840_30fps.mp4,98,13,145,1950,1,0.8090812563896179,57.60665799971321,1,REAL_FIRE,2840.924348001863,5,True,1,REAL_FIRE,3035.3101959990454
fire_videos,1,detectium_fire/fire/12834101_2160_3840_30fps.mp4,98,14,157,1951,1,0.7855373024940491,72.29551699856529,1,REAL_FIRE,3569.1890480011352,5,False,1,,72.29551699856529
fire_videos,1,detectium_fire/fire/12834101_2160_3840_30fps.mp4,98,15,169,1952,1,0.7832033634185791,63.31980299728457,1,REAL_FIRE,3379.0099549987644,5,False,1,,63.31980299728457
fire_videos,1,detectium_fire/fire/12834101_2160_3840_30fps.mp4,98,16,181,1953,1,0.7763447165489197,68.48059900221415,1,REAL_FIRE,3009.299978999479,5,False,1,,68.48059900221415
fire_videos,1,detectium_fire/fire/12834101_2160_3840_30fps.mp4,98,17,193,1954,1,0.7998493313789368,62.01769299877924,1,REAL_FIRE,3050.2808969977195,5,False,1,,62.01769299877924
fire_videos,1,detectium_fire/fire/12834101_2160_3840_30fps.mp4,98,18,205,1955,1,0.8082600235939026,88.6183330003405,1,REAL_FIRE,2554.9404799967306,5,True,1,REAL_FIRE,3149.907611001254
fire_videos,1,detectium_fire/fire/12834101_2160_3840_30fps.mp4,98,19,217,1956,1,0.8365015387535095,52.29343000246445,1,REAL_FIRE,3434.7224019984424,5,False,1,,52.29343000246445
fire_videos,1,detectium_fire/fire/12834101_2160_3840_30fps.mp4,98,20,229,1957,1,0.7786082029342651,89.47395100040012,1,REAL_FIRE,3254.920076000417,5,False,1,,89.47395100040012
fire_videos,1,detectium_fire/fire/12840113_3840_2160_24fps.mp4,99,1,0,1958,1,0.3238116502761841,59.40721400111215,1,REAL_FIRE,3514.2644040024607,5,False,1,,59.40721400111215
fire_videos,1,detectium_fire/fire/12840113_3840_2160_24fps.mp4,99,2,19,1959,0,0.0,60.36015400241013,1,REAL_FIRE,3126.037392001308,5,False,0,,60.36015400241013
fire_videos,1,detectium_fire/fire/12840113_3840_2160_24fps.mp4,99,3,39,1960,1,0.32110148668289185,58.591533997969236,1,REAL_FIRE,2894.018081999093,5,True,1,REAL_FIRE,2919.7623639956873
fire_videos,1,detectium_fire/fire/12840113_3840_2160_24fps.mp4,99,4,58,1961,1,0.6410455703735352,68.97639599992544,1,REAL_FIRE,2805.2638650005974,5,False,1,,68.97639599992544
fire_videos,1,detectium_fire/fire/12840113_3840_2160_24fps.mp4,99,5,77,1962,1,0.4811977744102478,72.98842299860553,1,REAL_FIRE,2767.140315998404,5,False,1,,72.98842299860553
fire_videos,1,detectium_fire/fire/12840113_3840_2160_24fps.mp4,99,6,97,1963,0,0.0,69.47247500283993,1,REAL_FIRE,3057.1334390006086,5,False,0,,69.47247500283993
fire_videos,1,detectium_fire/fire/12840113_3840_2160_24fps.mp4,99,7,116,1964,1,0.37062495946884155,83.97705300012603,1,REAL_FIRE,3633.8999110012082,5,False,1,,83.97705300012603
fire_videos,1,detectium_fire/fire/12840113_3840_2160_24fps.mp4,99,8,135,1965,1,0.27968138456344604,82.90292500169016,1,REAL_FIRE,3356.405849001021,5,True,1,REAL_FIRE,2816.568731002917
fire_videos,1,detectium_fire/fire/12840113_3840_2160_24fps.mp4,99,9,155,1966,1,0.4293535351753235,81.98402400012128,1,REAL_FIRE,2592.973050999717,5,False,1,,81.98402400012128
fire_videos,1,detectium_fire/fire/12840113_3840_2160_24fps.mp4,99,10,174,1967,1,0.6645858287811279,54.29074700077763,1,REAL_FIRE,3143.092129001161,5,False,1,,54.29074700077763
fire_videos,1,detectium_fire/fire/12840113_3840_2160_24fps.mp4,99,11,193,1968,1,0.6077512502670288,89.49993799978984,1,REAL_FIRE,3010.597965996567,5,False,1,,89.49993799978984
fire_videos,1,detectium_fire/fire/12840113_3840_2160_24fps.mp4,99,12,212,1969,1,0.38178807497024536,94.56597300231806,1,REAL_FIRE,2991.242782001791,5,False,1,,94.56597300231806
fire_videos,1,detectium_fire/fire/12840113_3840_2160_24fps.mp4,99,13,232,1970,0,0.0,87.37009999822476,1,REAL_FIRE,3147.1585350009263,5,True,1,REAL_FIRE,3228.680110998539
fire_videos,1,detectium_fire/fire/12840113_3840_2160_24fps.mp4,99,14,251,1971,0,0.0,85.78149900131393,1,REAL_FIRE,2357.873394001217,5,False,0,,85.78149900131393
fire_videos,1,detectium_fire/fire/12840113_3840_2160_24fps.mp4,99,15,270,1972,0,0.0,78.50801600216073,1,REAL_FIRE,2971.7509820002306,5,False,0,,78.50801600216073
fire_videos,1,detectium_fire/fire/12840113_3840_2160_24fps.mp4,99,16,290,1973,0,0.0,72.66203099788981,1,REAL_FIRE,3469.9752910019015,5,False,0,,72.66203099788981
fire_videos,1,detectium_fire/fire/12840113_3840_2160_24fps.mp4,99,17,309,1974,1,0.6013348698616028,41.48772600092343,1,REAL_FIRE,3318.117096001515,5,False,1,,41.48772600092343
fire_videos,1,detectium_fire/fire/12840113_3840_2160_24fps.mp4,99,18,328,1975,1,0.4070899486541748,62.73440800214303,1,REAL_FIRE,3112.7935360018455,5,True,1,REAL_FIRE,2916.0845940023137
fire_videos,1,detectium_fire/fire/12840113_3840_2160_24fps.mp4,99,19,348,1976,1,0.5445510149002075,60.7807699998375,1,REAL_FIRE,2892.609293998248,5,False,1,,60.7807699998375
fire_videos,1,detectium_fire/fire/12840113_3840_2160_24fps.mp4,99,20,367,1977,1,0.538998544216156,42.19797499899869,1,REAL_FIRE,2949.8161179981253,5,False,1,,42.19797499899869
fire_videos,1,detectium_fire/fire/12840119_3840_2160_24fps.mp4,100,1,0,1978,1,0.7021812200546265,39.48076600136119,1,REAL_FIRE,3442.024534000666,5,False,1,,39.48076600136119
fire_videos,1,detectium_fire/fire/12840119_3840_2160_24fps.mp4,100,2,18,1979,1,0.5837360620498657,33.6338010019972,1,REAL_FIRE,2965.020937997906,5,False,1,,33.6338010019972
fire_videos,1,detectium_fire/fire/12840119_3840_2160_24fps.mp4,100,3,36,1980,1,0.6583756804466248,37.6987880008528,1,REAL_FIRE,2417.3539759976848,5,True,1,REAL_FIRE,3214.5271520021197
fire_videos,1,detectium_fire/fire/12840119_3840_2160_24fps.mp4,100,4,54,1981,1,0.7299298048019409,38.80387699973653,1,REAL_FIRE,2706.9044269992446,5,False,1,,38.80387699973653
fire_videos,1,detectium_fire/fire/12840119_3840_2160_24fps.mp4,100,5,72,1982,1,0.5120517611503601,37.76937699876726,1,REAL_FIRE,2491.0643059993163,5,False,1,,37.76937699876726
fire_videos,1,detectium_fire/fire/12840119_3840_2160_24fps.mp4,100,6,89,1983,1,0.5169073343276978,39.30822599795647,1,REAL_FIRE,3090.5572939991544,5,False,1,,39.30822599795647
fire_videos,1,detectium_fire/fire/12840119_3840_2160_24fps.mp4,100,7,107,1984,1,0.608615517616272,52.495865002128994,1,REAL_FIRE,3125.5887250008527,5,False,1,,52.495865002128994
fire_videos,1,detectium_fire/fire/12840119_3840_2160_24fps.mp4,100,8,125,1985,1,0.667901873588562,37.263637997966725,1,REAL_FIRE,3710.7071390018973,5,True,1,REAL_FIRE,3128.337804999319
fire_videos,1,detectium_fire/fire/12840119_3840_2160_24fps.mp4,100,9,143,1986,1,0.5571485757827759,48.22545800197986,1,REAL_FIRE,2936.289563000173,5,False,1,,48.22545800197986
fire_videos,1,detectium_fire/fire/12840119_3840_2160_24fps.mp4,100,10,161,1987,1,0.47497373819351196,36.48939800041262,1,REAL_FIRE,2314.629958000296,5,False,1,,36.48939800041262
fire_videos,1,detectium_fire/fire/12840119_3840_2160_24fps.mp4,100,11,179,1988,1,0.6191514134407043,37.24877800050308,1,REAL_FIRE,2613.6932609988435,5,False,1,,37.24877800050308
fire_videos,1,detectium_fire/fire/12840119_3840_2160_24fps.mp4,100,12,197,1989,1,0.6530829071998596,49.33181699743727,1,REAL_FIRE,2501.0650949989213,5,False,1,,49.33181699743727
fire_videos,1,detectium_fire/fire/12840119_3840_2160_24fps.mp4,100,13,215,1990,1,0.7319714426994324,36.95789800258353,1,REAL_FIRE,2790.3714339990984,5,True,1,REAL_FIRE,2576.4934479993826
fire_videos,1,detectium_fire/fire/12840119_3840_2160_24fps.mp4,100,14,233,1991,1,0.5066154599189758,36.43733799981419,1,REAL_FIRE,2619.53516399808,5,False,1,,36.43733799981419
fire_videos,1,detectium_fire/fire/12840119_3840_2160_24fps.mp4,100,15,251,1992,1,0.7186170816421509,36.39446800298174,1,REAL_FIRE,2884.6772219985723,5,False,1,,36.39446800298174
fire_videos,1,detectium_fire/fire/12840119_3840_2160_24fps.mp4,100,16,268,1993,1,0.6405491232872009,36.74716699970304,1,REAL_FIRE,3702.2019469986844,5,False,1,,36.74716699970304
fire_videos,1,detectium_fire/fire/12840119_3840_2160_24fps.mp4,100,17,286,1994,1,0.6696342825889587,40.098894998664036,1,REAL_FIRE,3341.825997998967,5,False,1,,40.098894998664036
fire_videos,1,detectium_fire/fire/12840119_3840_2160_24fps.mp4,100,18,304,1995,1,0.577257513999939,36.52829800194013,1,REAL_FIRE,2903.781290999177,5,True,1,REAL_FIRE,2662.094382001669
fire_videos,1,detectium_fire/fire/12840119_3840_2160_24fps.mp4,100,19,322,1996,1,0.687635600566864,48.88058600045042,1,REAL_FIRE,3313.4844790001807,5,False,1,,48.88058600045042
fire_videos,1,detectium_fire/fire/12840119_3840_2160_24fps.mp4,100,20,340,1997,0,0.0,37.83452599964221,0,NO_REAL_FIRE,3949.028586001077,5,False,0,,37.83452599964221
nonfire_videos,0,detectium_fire/non_fire/1293332816_clip_001.mp4,1,1,0,1998,0,0.0,27.44469599929289,0,NO_REAL_FIRE,2793.042722001701,5,False,0,,27.44469599929289
nonfire_videos,0,detectium_fire/non_fire/1293332816_clip_001.mp4,1,2,13,1999,0,0.0,13.396098001976497,0,NO_REAL_FIRE,2741.6950939987146,5,False,0,,13.396098001976497
nonfire_videos,0,detectium_fire/non_fire/1293332816_clip_001.mp4,1,3,26,2000,0,0.0,14.053376999072498,0,NO_REAL_FIRE,3344.1503290014225,5,True,0,NO_REAL_FIRE,3368.5495689969684
nonfire_videos,0,detectium_fire/non_fire/1293332816_clip_001.mp4,1,4,39,2001,0,0.0,30.908601998817176,0,NO_REAL_FIRE,3413.169999999809,5,False,0,,30.908601998817176
nonfire_videos,0,detectium_fire/non_fire/1293332816_clip_001.mp4,1,5,52,2002,0,0.0,8.431902999291196,0,NO_REAL_FIRE,2532.579018999968,5,False,0,,8.431902999291196
nonfire_videos,0,detectium_fire/non_fire/1293332816_clip_001.mp4,1,6,66,2003,0,0.0,8.45291299992823,0,NO_REAL_FIRE,2956.1293549995753,5,False,0,,8.45291299992823
nonfire_videos,0,detectium_fire/non_fire/1293332816_clip_001.mp4,1,7,79,2004,0,0.0,10.454830997332465,0,NO_REAL_FIRE,2846.1919099972874,5,False,0,,10.454830997332465
nonfire_videos,0,detectium_fire/non_fire/1293332816_clip_001.mp4,1,8,92,2005,0,0.0,16.404584999690996,0,NO_REAL_FIRE,2844.5164660006412,5,True,0,NO_REAL_FIRE,3417.83279000083
nonfire_videos,0,detectium_fire/non_fire/1293332816_clip_001.mp4,1,9,105,2006,0,0.0,32.73496000110754,0,NO_REAL_FIRE,3417.7520719968015,5,False,0,,32.73496000110754
nonfire_videos,0,detectium_fire/non_fire/1293332816_clip_001.mp4,1,10,118,2007,0,0.0,30.97374099888839,0,NO_REAL_FIRE,2792.730405002658,5,False,0,,30.97374099888839
nonfire_videos,0,detectium_fire/non_fire/1293332816_clip_001.mp4,1,11,131,2008,0,0.0,15.532664998318069,0,NO_REAL_FIRE,2699.8132759981672,5,False,0,,15.532664998318069
nonfire_videos,0,detectium_fire/non_fire/1293332816_clip_001.mp4,1,12,144,2009,0,0.0,31.458870998903876,0,NO_REAL_FIRE,3211.8752930000483,5,False,0,,31.458870998903876
nonfire_videos,0,detectium_fire/non_fire/1293332816_clip_001.mp4,1,13,157,2010,0,0.0,32.1502610022435,0,NO_REAL_FIRE,3265.6315860003815,5,True,0,NO_REAL_FIRE,2998.7836400032393
nonfire_videos,0,detectium_fire/non_fire/1293332816_clip_001.mp4,1,14,170,2011,0,0.0,32.167078999918886,0,NO_REAL_FIRE,3177.3942449981405,5,False,0,,32.167078999918886
nonfire_videos,0,detectium_fire/non_fire/1293332816_clip_001.mp4,1,15,183,2012,0,0.0,19.011812000826467,0,NO_REAL_FIRE,3175.9222300024703,5,False,0,,19.011812000826467
nonfire_videos,0,detectium_fire/non_fire/1293332816_clip_001.mp4,1,16,197,2013,0,0.0,32.166100001632,0,NO_REAL_FIRE,3276.181216999248,5,False,0,,32.166100001632
nonfire_videos,0,detectium_fire/non_fire/1293332816_clip_001.mp4,1,17,210,2014,0,0.0,32.14876000129152,0,NO_REAL_FIRE,3038.3985159969598,5,False,0,,32.14876000129152
nonfire_videos,0,detectium_fire/non_fire/1293332816_clip_001.mp4,1,18,223,2015,0,0.0,11.528849001479102,0,NO_REAL_FIRE,2988.5674770011974,5,True,0,NO_REAL_FIRE,2664.6696390016587
nonfire_videos,0,detectium_fire/non_fire/1293332816_clip_001.mp4,1,19,236,2016,0,0.0,11.12460899821599,0,NO_REAL_FIRE,2924.58564700064,5,False,0,,11.12460899821599
nonfire_videos,0,detectium_fire/non_fire/1293332816_clip_001.mp4,1,20,249,2017,0,0.0,9.324431001004996,0,NO_REAL_FIRE,2683.0613820020517,5,False,0,,9.324431001004996
nonfire_videos,0,detectium_fire/non_fire/1293332816_clip_002.mp4,2,1,0,2018,0,0.0,8.768360999965807,0,NO_REAL_FIRE,2702.232458999788,5,False,0,,8.768360999965807
nonfire_videos,0,detectium_fire/non_fire/1293332816_clip_002.mp4,2,2,13,2019,0,0.0,32.13334899919573,0,NO_REAL_FIRE,2679.6833949993015,5,False,0,,32.13334899919573
nonfire_videos,0,detectium_fire/non_fire/1293332816_clip_002.mp4,2,3,26,2020,0,0.0,9.916421000525588,0,NO_REAL_FIRE,2877.017511000304,5,True,0,NO_REAL_FIRE,3136.663158002193
nonfire_videos,0,detectium_fire/non_fire/1293332816_clip_002.mp4,2,4,39,2021,0,0.0,32.23412900115363,0,NO_REAL_FIRE,3385.9136599967314,5,False,0,,32.23412900115363
nonfire_videos,0,detectium_fire/non_fire/1293332816_clip_002.mp4,2,5,52,2022,0,0.0,32.20269899975392,0,NO_REAL_FIRE,3357.304639997892,5,False,0,,32.20269899975392
nonfire_videos,0,detectium_fire/non_fire/1293332816_clip_002.mp4,2,6,66,2023,0,0.0,8.429083001828985,0,NO_REAL_FIRE,2593.5625720012467,5,False,0,,8.429083001828985
nonfire_videos,0,detectium_fire/non_fire/1293332816_clip_002.mp4,2,7,79,2024,0,0.0,10.674640001525404,0,NO_REAL_FIRE,2658.433125998272,5,False,0,,10.674640001525404
nonfire_videos,0,detectium_fire/non_fire/1293332816_clip_002.mp4,2,8,92,2025,0,0.0,8.44740200045635,0,NO_REAL_FIRE,2770.7599320019654,5,True,0,NO_REAL_FIRE,3073.2601239978976
nonfire_videos,0,detectium_fire/non_fire/1293332816_clip_002.mp4,2,9,105,2026,0,0.0,31.13768900220748,0,NO_REAL_FIRE,3584.707679998246,5,False,0,,31.13768900220748
nonfire_videos,0,detectium_fire/non_fire/1293332816_clip_002.mp4,2,10,118,2027,0,0.0,32.3535190000257,0,NO_REAL_FIRE,3373.5295879996556,5,False,0,,32.3535190000257
nonfire_videos,0,detectium_fire/non_fire/1293332816_clip_002.mp4,2,11,131,2028,0,0.0,32.2654989977309,0,NO_REAL_FIRE,3173.73733599743,5,False,0,,32.2654989977309
nonfire_videos,0,detectium_fire/non_fire/1293332816_clip_002.mp4,2,12,144,2029,0,0.0,9.963949996745214,0,NO_REAL_FIRE,2362.2752859992033,5,False,0,,9.963949996745214
nonfire_videos,0,detectium_fire/non_fire/1293332816_clip_002.mp4,2,13,157,2030,0,0.0,32.17347900135792,0,NO_REAL_FIRE,2696.542933997989,5,True,0,NO_REAL_FIRE,3237.942969000869
nonfire_videos,0,detectium_fire/non_fire/1293332816_clip_002.mp4,2,14,170,2031,0,0.0,32.23287900254945,0,NO_REAL_FIRE,3361.419549997663,5,False,0,,32.23287900254945
nonfire_videos,0,detectium_fire/non_fire/1293332816_clip_002.mp4,2,15,183,2032,0,0.0,13.896055999794044,0,NO_REAL_FIRE,2903.9026249993185,5,False,0,,13.896055999794044
nonfire_videos,0,detectium_fire/non_fire/1293332816_clip_002.mp4,2,16,197,2033,0,0.0,12.198767999507254,0,NO_REAL_FIRE,3091.29628500159,5,False,0,,12.198767999507254
nonfire_videos,0,detectium_fire/non_fire/1293332816_clip_002.mp4,2,17,210,2034,0,0.0,23.547896998934448,0,NO_REAL_FIRE,3325.9320970028057,5,False,0,,23.547896998934448
nonfire_videos,0,detectium_fire/non_fire/1293332816_clip_002.mp4,2,18,223,2035,0,0.0,32.20420800062129,0,NO_REAL_FIRE,3235.7322399984696,5,True,0,NO_REAL_FIRE,3022.536405998835
nonfire_videos,0,detectium_fire/non_fire/1293332816_clip_002.mp4,2,19,236,2036,0,0.0,8.453460999589879,0,NO_REAL_FIRE,2908.2539539995196,5,False,0,,8.453460999589879
nonfire_videos,0,detectium_fire/non_fire/1293332816_clip_002.mp4,2,20,249,2037,0,0.0,8.450142002402572,0,NO_REAL_FIRE,2839.2022189982526,5,False,0,,8.450142002402572
nonfire_videos,0,detectium_fire/non_fire/1293332816_clip_003.mp4,3,1,0,2038,0,0.0,8.892920999642229,0,NO_REAL_FIRE,2717.3219059986877,5,False,0,,8.892920999642229
nonfire_videos,0,detectium_fire/non_fire/1293332816_clip_003.mp4,3,2,13,2039,0,0.0,8.494630998029606,0,NO_REAL_FIRE,3001.176437999675,5,False,0,,8.494630998029606
nonfire_videos,0,detectium_fire/non_fire/1293332816_clip_003.mp4,3,3,26,2040,0,0.0,31.173447998298798,0,NO_REAL_FIRE,3289.094814001146,5,True,0,NO_REAL_FIRE,3867.8490269994654
nonfire_videos,0,detectium_fire/non_fire/1293332816_clip_003.mp4,3,4,39,2041,0,0.0,32.82487699834746,0,NO_REAL_FIRE,3460.1379289997567,5,False,0,,32.82487699834746
nonfire_videos,0,detectium_fire/non_fire/1293332816_clip_003.mp4,3,5,52,2042,0,0.0,22.069637998356484,0,NO_REAL_FIRE,3476.964075998694,5,False,0,,22.069637998356484
nonfire_videos,0,detectium_fire/non_fire/1293332816_clip_003.mp4,3,6,66,2043,0,0.0,30.434979998972267,0,NO_REAL_FIRE,2842.769530001533,5,False,0,,30.434979998972267
nonfire_videos,0,detectium_fire/non_fire/1293332816_clip_003.mp4,3,7,79,2044,0,0.0,8.389190999878338,0,NO_REAL_FIRE,2787.973332000547,5,False,0,,8.389190999878338
nonfire_videos,0,detectium_fire/non_fire/1293332816_clip_003.mp4,3,8,92,2045,0,0.0,28.6956400013878,0,NO_REAL_FIRE,2761.7949240011512,5,True,0,NO_REAL_FIRE,3005.0217610041727
nonfire_videos,0,detectium_fire/non_fire/1293332816_clip_003.mp4,3,9,105,2046,0,0.0,10.715370000980329,0,NO_REAL_FIRE,2572.654848001548,5,False,0,,10.715370000980329
nonfire_videos,0,detectium_fire/non_fire/1293332816_clip_003.mp4,3,10,118,2047,0,0.0,8.410242000536527,0,NO_REAL_FIRE,2691.4652129999013,5,False,0,,8.410242000536527
nonfire_videos,0,detectium_fire/non_fire/1293332816_clip_003.mp4,3,11,131,2048,0,0.0,8.394020998821361,0,NO_REAL_FIRE,3187.321683999471,5,False,0,,8.394020998821361
nonfire_videos,0,detectium_fire/non_fire/1293332816_clip_003.mp4,3,12,144,2049,0,0.0,32.1099780012446,0,NO_REAL_FIRE,3394.524356997863,5,False,0,,32.1099780012446
nonfire_videos,0,detectium_fire/non_fire/1293332816_clip_003.mp4,3,13,157,2050,0,0.0,28.140521000750596,0,NO_REAL_FIRE,3487.6207660017826,5,True,0,NO_REAL_FIRE,2905.7832449980197
nonfire_videos,0,detectium_fire/non_fire/1293332816_clip_003.mp4,3,14,170,2051,0,0.0,8.91035099994042,0,NO_REAL_FIRE,3042.689401001553,5,False,0,,8.91035099994042
nonfire_videos,0,detectium_fire/non_fire/1293332816_clip_003.mp4,3,15,183,2052,0,0.0,10.101969997776905,0,NO_REAL_FIRE,3285.2199970002403,5,False,0,,10.101969997776905
nonfire_videos,0,detectium_fire/non_fire/1293332816_clip_003.mp4,3,16,197,2053,0,0.0,27.670880997902714,0,NO_REAL_FIRE,3244.5457139983773,5,False,0,,27.670880997902714
nonfire_videos,0,detectium_fire/non_fire/1293332816_clip_003.mp4,3,17,210,2054,0,0.0,11.21943799807923,0,NO_REAL_FIRE,2850.91561399895,5,False,0,,11.21943799807923
nonfire_videos,0,detectium_fire/non_fire/1293332816_clip_003.mp4,3,18,223,2055,0,0.0,8.428410998021718,0,NO_REAL_FIRE,2738.636525999027,5,True,0,NO_REAL_FIRE,3369.8689799966814
nonfire_videos,0,detectium_fire/non_fire/1293332816_clip_003.mp4,3,19,236,2056,0,0.0,32.183376999455504,0,NO_REAL_FIRE,3303.872872998909,5,False,0,,32.183376999455504
nonfire_videos,0,detectium_fire/non_fire/1293332816_clip_003.mp4,3,20,249,2057,0,0.0,32.14973599824589,0,NO_REAL_FIRE,3248.302005002188,5,False,0,,32.14973599824589
nonfire_videos,0,detectium_fire/non_fire/1293332816_clip_004.mp4,4,1,0,2058,0,0.0,13.852386000507977,0,NO_REAL_FIRE,3470.2827590008383,5,False,0,,13.852386000507977
nonfire_videos,0,detectium_fire/non_fire/1293332816_clip_004.mp4,4,2,2,2059,0,0.0,30.723187999683432,0,NO_REAL_FIRE,3266.8748249998316,5,False,0,,30.723187999683432
nonfire_videos,0,detectium_fire/non_fire/1293332816_clip_004.mp4,4,3,4,2060,0,0.0,31.383716999698663,0,NO_REAL_FIRE,2875.2588679999462,5,True,0,NO_REAL_FIRE,2852.3912169985124
nonfire_videos,0,detectium_fire/non_fire/1293332816_clip_004.mp4,4,4,6,2061,0,0.0,9.197691000736086,0,NO_REAL_FIRE,3028.1657799969253,5,False,0,,9.197691000736086
nonfire_videos,0,detectium_fire/non_fire/1293332816_clip_004.mp4,4,5,8,2062,0,0.0,32.197055999859,0,NO_REAL_FIRE,3394.4237329997122,5,False,0,,32.197055999859
nonfire_videos,0,detectium_fire/non_fire/1293332816_clip_004.mp4,4,6,10,2063,0,0.0,8.45066100009717,0,NO_REAL_FIRE,3231.8857080026646,5,False,0,,8.45066100009717
nonfire_videos,0,detectium_fire/non_fire/1293332816_clip_004.mp4,4,7,12,2064,0,0.0,32.13847600272857,0,NO_REAL_FIRE,3546.875223000825,5,False,0,,32.13847600272857
nonfire_videos,0,detectium_fire/non_fire/1293332816_clip_004.mp4,4,8,14,2065,0,0.0,31.88148600020213,0,NO_REAL_FIRE,2955.219618001138,5,True,0,NO_REAL_FIRE,2672.647750998294
nonfire_videos,0,detectium_fire/non_fire/1293332816_clip_004.mp4,4,9,16,2066,0,0.0,12.692825999693014,0,NO_REAL_FIRE,4473.819612001535,5,False,0,,12.692825999693014
nonfire_videos,0,detectium_fire/non_fire/1293332816_clip_004.mp4,4,10,18,2067,0,0.0,9.08132100084913,0,NO_REAL_FIRE,3313.274226999056,5,False,0,,9.08132100084913
nonfire_videos,0,detectium_fire/non_fire/1293332816_clip_004.mp4,4,11,19,2068,0,0.0,32.127406000654446,0,NO_REAL_FIRE,2831.2970510014566,5,False,0,,32.127406000654446
nonfire_videos,0,detectium_fire/non_fire/1293332816_clip_004.mp4,4,12,21,2069,0,0.0,11.06079799865256,0,NO_REAL_FIRE,2465.761413997825,5,False,0,,11.06079799865256
nonfire_videos,0,detectium_fire/non_fire/1293332816_clip_004.mp4,4,13,23,2070,0,0.0,8.460622000711737,0,NO_REAL_FIRE,2873.4897899994394,5,True,0,NO_REAL_FIRE,3286.9449489990075
nonfire_videos,0,detectium_fire/non_fire/1293332816_clip_004.mp4,4,14,25,2071,0,0.0,27.005071999155916,0,NO_REAL_FIRE,3450.8088089969533,5,False,0,,27.005071999155916
nonfire_videos,0,detectium_fire/non_fire/1293332816_clip_004.mp4,4,15,27,2072,0,0.0,8.480821001285221,0,NO_REAL_FIRE,3376.9115729992336,5,False,0,,8.480821001285221
nonfire_videos,0,detectium_fire/non_fire/1293332816_clip_004.mp4,4,16,29,2073,0,0.0,8.497921000525821,0,NO_REAL_FIRE,2630.6179729981523,5,False,0,,8.497921000525821
nonfire_videos,0,detectium_fire/non_fire/1293332816_clip_004.mp4,4,17,31,2074,0,0.0,10.391757998149842,0,NO_REAL_FIRE,2796.1774630020955,5,False,0,,10.391757998149842
nonfire_videos,0,detectium_fire/non_fire/1293332816_clip_004.mp4,4,18,33,2075,0,0.0,9.149199999228586,0,NO_REAL_FIRE,3174.5594660023926,5,True,0,NO_REAL_FIRE,3371.644490998733
nonfire_videos,0,detectium_fire/non_fire/1293332816_clip_004.mp4,4,19,35,2076,0,0.0,19.33317899965914,0,NO_REAL_FIRE,2967.550538996875,5,False,0,,19.33317899965914
nonfire_videos,0,detectium_fire/non_fire/1293332816_clip_004.mp4,4,20,37,2077,0,0.0,17.0224919966131,0,NO_REAL_FIRE,3302.1074360003695,5,False,0,,17.0224919966131
nonfire_videos,0,detectium_fire/non_fire/1436878288_clip_001.mp4,5,1,0,2078,0,0.0,32.233814999926835,0,NO_REAL_FIRE,3047.0461759978207,5,False,0,,32.233814999926835
nonfire_videos,0,detectium_fire/non_fire/1436878288_clip_001.mp4,5,2,13,2079,0,0.0,8.38036100321915,0,NO_REAL_FIRE,2728.013854997698,5,False,0,,8.38036100321915
nonfire_videos,0,detectium_fire/non_fire/1436878288_clip_001.mp4,5,3,26,2080,0,0.0,9.153769999102224,0,NO_REAL_FIRE,2591.0354379993805,5,True,0,NO_REAL_FIRE,2864.0959119984473
nonfire_videos,0,detectium_fire/non_fire/1436878288_clip_001.mp4,5,4,39,2081,0,0.0,26.359182000305736,0,NO_REAL_FIRE,3459.593136998592,5,False,0,,26.359182000305736
nonfire_videos,0,detectium_fire/non_fire/1436878288_clip_001.mp4,5,5,52,2082,0,0.0,32.225895000010496,0,NO_REAL_FIRE,3340.1325609993364,5,False,0,,32.225895000010496
nonfire_videos,0,detectium_fire/non_fire/1436878288_clip_001.mp4,5,6,66,2083,0,0.0,15.151512998272665,0,NO_REAL_FIRE,2927.6750619974337,5,False,0,,15.151512998272665
nonfire_videos,0,detectium_fire/non_fire/1436878288_clip_001.mp4,5,7,79,2084,0,0.0,10.05010900189518,0,NO_REAL_FIRE,3231.3043200010725,5,False,0,,10.05010900189518
nonfire_videos,0,detectium_fire/non_fire/1436878288_clip_001.mp4,5,8,92,2085,0,0.0,32.19536599863204,0,NO_REAL_FIRE,2913.3183209996787,5,True,0,NO_REAL_FIRE,2951.241986000241
nonfire_videos,0,detectium_fire/non_fire/1436878288_clip_001.mp4,5,9,105,2086,0,0.0,13.002815998333972,0,NO_REAL_FIRE,3335.427975998755,5,False,0,,13.002815998333972
nonfire_videos,0,detectium_fire/non_fire/1436878288_clip_001.mp4,5,10,118,2087,0,0.0,11.361087999830488,0,NO_REAL_FIRE,2851.4417770020373,5,False,0,,11.361087999830488
nonfire_videos,0,detectium_fire/non_fire/1436878288_clip_001.mp4,5,11,131,2088,0,0.0,31.204406997858314,0,NO_REAL_FIRE,3612.4239359996864,5,False,0,,31.204406997858314
nonfire_videos,0,detectium_fire/non_fire/1436878288_clip_001.mp4,5,12,144,2089,0,0.0,8.468931002425961,0,NO_REAL_FIRE,2679.846716000611,5,False,0,,8.468931002425961
nonfire_videos,0,detectium_fire/non_fire/1436878288_clip_001.mp4,5,13,157,2090,0,0.0,32.138905000465456,0,NO_REAL_FIRE,3008.405305001361,5,True,0,NO_REAL_FIRE,2522.909841998626
nonfire_videos,0,detectium_fire/non_fire/1436878288_clip_001.mp4,5,14,170,2091,0,0.0,9.386440000525909,0,NO_REAL_FIRE,3129.298457999539,5,False,0,,9.386440000525909
nonfire_videos,0,detectium_fire/non_fire/1436878288_clip_001.mp4,5,15,183,2092,0,0.0,19.830907996947644,0,NO_REAL_FIRE,2994.1744019997714,5,False,0,,19.830907996947644
nonfire_videos,0,detectium_fire/non_fire/1436878288_clip_001.mp4,5,16,197,2093,0,0.0,24.42066300136503,0,NO_REAL_FIRE,3209.4299829986994,5,False,0,,24.42066300136503
nonfire_videos,0,detectium_fire/non_fire/1436878288_clip_001.mp4,5,17,210,2094,0,0.0,32.24253500229679,0,NO_REAL_FIRE,3154.2338990002463,5,False,0,,32.24253500229679
nonfire_videos,0,detectium_fire/non_fire/1436878288_clip_001.mp4,5,18,223,2095,0,0.0,16.76040099846432,0,NO_REAL_FIRE,2724.2424670002947,5,True,0,NO_REAL_FIRE,3025.942443000531
nonfire_videos,0,detectium_fire/non_fire/1436878288_clip_001.mp4,5,19,236,2096,0,0.0,9.332450001238612,0,NO_REAL_FIRE,3220.7904450006026,5,False,0,,9.332450001238612
nonfire_videos,0,detectium_fire/non_fire/1436878288_clip_001.mp4,5,20,249,2097,0,0.0,8.490711003105389,0,NO_REAL_FIRE,2704.1324300007545,5,False,0,,8.490711003105389
nonfire_videos,0,detectium_fire/non_fire/1436878288_clip_002.mp4,6,1,0,2098,0,0.0,9.83031000214396,0,NO_REAL_FIRE,2760.6452949985396,5,False,0,,9.83031000214396
nonfire_videos,0,detectium_fire/non_fire/1436878288_clip_002.mp4,6,2,9,2099,0,0.0,9.301660000346601,0,NO_REAL_FIRE,2703.0630560002464,5,False,0,,9.301660000346601
nonfire_videos,0,detectium_fire/non_fire/1436878288_clip_002.mp4,6,3,18,2100,0,0.0,8.437349999439903,0,NO_REAL_FIRE,2959.451620001346,5,True,0,NO_REAL_FIRE,3314.0826759990887
nonfire_videos,0,detectium_fire/non_fire/1436878288_clip_002.mp4,6,4,27,2101,0,0.0,32.83599399946979,0,NO_REAL_FIRE,3284.7133350005606,5,False,0,,32.83599399946979
nonfire_videos,0,detectium_fire/non_fire/1436878288_clip_002.mp4,6,5,36,2102,0,0.0,32.17466400019475,0,NO_REAL_FIRE,3217.0940960022563,5,False,0,,32.17466400019475
nonfire_videos,0,detectium_fire/non_fire/1436878288_clip_002.mp4,6,6,45,2103,0,0.0,27.62833000087994,0,NO_REAL_FIRE,3186.869735000073,5,False,0,,27.62833000087994
nonfire_videos,0,detectium_fire/non_fire/1436878288_clip_002.mp4,6,7,54,2104,0,0.0,32.20121399863274,0,NO_REAL_FIRE,3199.4899480014283,5,False,0,,32.20121399863274
nonfire_videos,0,detectium_fire/non_fire/1436878288_clip_002.mp4,6,8,63,2105,0,0.0,10.561249000602402,0,NO_REAL_FIRE,2649.78116400016,5,True,0,NO_REAL_FIRE,2934.074116001284
nonfire_videos,0,detectium_fire/non_fire/1436878288_clip_002.mp4,6,9,72,2106,0,0.0,21.685956002329476,0,NO_REAL_FIRE,2439.414141997986,5,False,0,,21.685956002329476
nonfire_videos,0,detectium_fire/non_fire/1436878288_clip_002.mp4,6,10,81,2107,0,0.0,8.738709999306593,0,NO_REAL_FIRE,3554.511811998964,5,False,0,,8.738709999306593
nonfire_videos,0,detectium_fire/non_fire/1436878288_clip_002.mp4,6,11,91,2108,0,0.0,32.216214000072796,0,NO_REAL_FIRE,3440.727124001569,5,False,0,,32.216214000072796
nonfire_videos,0,detectium_fire/non_fire/1436878288_clip_002.mp4,6,12,100,2109,0,0.0,32.13664400027483,0,NO_REAL_FIRE,2990.832241001044,5,False,0,,32.13664400027483
nonfire_videos,0,detectium_fire/non_fire/1436878288_clip_002.mp4,6,13,109,2110,0,0.0,26.82949000154622,0,NO_REAL_FIRE,3196.4166180005122,5,True,0,NO_REAL_FIRE,3443.206480002118
nonfire_videos,0,detectium_fire/non_fire/1436878288_clip_002.mp4,6,14,118,2111,0,0.0,32.17921400209889,0,NO_REAL_FIRE,3161.9517599974643,5,False,0,,32.17921400209889
nonfire_videos,0,detectium_fire/non_fire/1436878288_clip_002.mp4,6,15,127,2112,0,0.0,12.564145999931497,0,NO_REAL_FIRE,3128.8170339976205,5,False,0,,12.564145999931497
nonfire_videos,0,detectium_fire/non_fire/1436878288_clip_002.mp4,6,16,136,2113,0,0.0,12.309576999541605,0,NO_REAL_FIRE,2854.8205370025244,5,False,0,,12.309576999541605
nonfire_videos,0,detectium_fire/non_fire/1436878288_clip_002.mp4,6,17,145,2114,0,0.0,13.178494999010582,0,NO_REAL_FIRE,3186.952432999533,5,False,0,,13.178494999010582
nonfire_videos,0,detectium_fire/non_fire/1436878288_clip_002.mp4,6,18,154,2115,0,0.0,8.42009099869756,0,NO_REAL_FIRE,2567.4353440008417,5,True,0,NO_REAL_FIRE,2800.3217810000933
nonfire_videos,0,detectium_fire/non_fire/1436878288_clip_002.mp4,6,19,163,2116,0,0.0,9.523679000267293,0,NO_REAL_FIRE,3266.125195001223,5,False,0,,9.523679000267293
nonfire_videos,0,detectium_fire/non_fire/1436878288_clip_002.mp4,6,20,172,2117,0,0.0,31.40165500008152,0,NO_REAL_FIRE,3437.831109000399,5,False,0,,31.40165500008152
nonfire_videos,0,detectium_fire/non_fire/1472777548_clip_001.mp4,7,1,0,2118,0,0.0,26.443641003425,0,NO_REAL_FIRE,3188.562824998371,5,False,0,,26.443641003425
nonfire_videos,0,detectium_fire/non_fire/1472777548_clip_001.mp4,7,2,13,2119,0,0.0,22.282015001110267,0,NO_REAL_FIRE,2896.0394010027812,5,False,0,,22.282015001110267
nonfire_videos,0,detectium_fire/non_fire/1472777548_clip_001.mp4,7,3,25,2120,0,0.0,30.602486000134377,0,NO_REAL_FIRE,2843.2073979965935,5,True,0,NO_REAL_FIRE,2904.197887997725
nonfire_videos,0,detectium_fire/non_fire/1472777548_clip_001.mp4,7,4,38,2121,0,0.0,31.956494000041857,0,NO_REAL_FIRE,3506.4223849985865,5,False,0,,31.956494000041857
nonfire_videos,0,detectium_fire/non_fire/1472777548_clip_001.mp4,7,5,50,2122,0,0.0,31.63630400013062,0,NO_REAL_FIRE,3235.95432699949,5,False,0,,31.63630400013062
nonfire_videos,0,detectium_fire/non_fire/1472777548_clip_001.mp4,7,6,63,2123,0,0.0,15.216083000268554,0,NO_REAL_FIRE,3074.6503659975133,5,False,0,,15.216083000268554
nonfire_videos,0,detectium_fire/non_fire/1472777548_clip_001.mp4,7,7,75,2124,0,0.0,14.826773000095272,0,NO_REAL_FIRE,3008.8988870011235,5,False,0,,14.826773000095272
nonfire_videos,0,detectium_fire/non_fire/1472777548_clip_001.mp4,7,8,88,2125,0,0.0,30.587134999223053,0,NO_REAL_FIRE,3040.7281089974276,5,True,0,NO_REAL_FIRE,3189.0213080005196
nonfire_videos,0,detectium_fire/non_fire/1472777548_clip_001.mp4,7,9,101,2126,0,0.0,11.810067000624258,0,NO_REAL_FIRE,3194.860838997556,5,False,0,,11.810067000624258
nonfire_videos,0,detectium_fire/non_fire/1472777548_clip_001.mp4,7,10,113,2127,0,0.0,31.993233002140187,0,NO_REAL_FIRE,3216.1744119985087,5,False,0,,31.993233002140187
nonfire_videos,0,detectium_fire/non_fire/1472777548_clip_001.mp4,7,11,126,2128,0,0.0,24.93840200259001,0,NO_REAL_FIRE,3066.9684679996863,5,False,0,,24.93840200259001
nonfire_videos,0,detectium_fire/non_fire/1472777548_clip_001.mp4,7,12,138,2129,0,0.0,10.672708001948195,0,NO_REAL_FIRE,2815.7032310009527,5,False,0,,10.672708001948195
nonfire_videos,0,detectium_fire/non_fire/1472777548_clip_001.mp4,7,13,151,2130,0,0.0,8.351050000783289,0,NO_REAL_FIRE,3265.880605998973,5,True,0,NO_REAL_FIRE,3211.5513350036053
nonfire_videos,0,detectium_fire/non_fire/1472777548_clip_001.mp4,7,14,164,2131,0,0.0,8.290190999105107,0,NO_REAL_FIRE,2820.590067000012,5,False,0,,8.290190999105107
nonfire_videos,0,detectium_fire/non_fire/1472777548_clip_001.mp4,7,15,176,2132,0,0.0,31.95893399970373,0,NO_REAL_FIRE,3139.562611999281,5,False,0,,31.95893399970373
nonfire_videos,0,detectium_fire/non_fire/1472777548_clip_001.mp4,7,16,189,2133,0,0.0,8.300310000777245,0,NO_REAL_FIRE,2989.9838999990607,5,False,0,,8.300310000777245
nonfire_videos,0,detectium_fire/non_fire/1472777548_clip_001.mp4,7,17,201,2134,0,0.0,8.385391000047093,0,NO_REAL_FIRE,2923.4676830019453,5,False,0,,8.385391000047093
nonfire_videos,0,detectium_fire/non_fire/1472777548_clip_001.mp4,7,18,214,2135,0,0.0,18.832257999747526,0,NO_REAL_FIRE,2822.184536998975,5,True,0,NO_REAL_FIRE,3257.1998160019575
nonfire_videos,0,detectium_fire/non_fire/1472777548_clip_001.mp4,7,19,226,2136,0,0.0,31.99815299740294,0,NO_REAL_FIRE,3281.243176999851,5,False,0,,31.99815299740294
nonfire_videos,0,detectium_fire/non_fire/1472777548_clip_001.mp4,7,20,239,2137,0,0.0,13.946774000942241,0,NO_REAL_FIRE,2659.6547459994326,5,False,0,,13.946774000942241
nonfire_videos,0,detectium_fire/non_fire/1472777548_clip_002.mp4,8,1,0,2138,0,0.0,25.092850999499205,0,NO_REAL_FIRE,2919.9449150000873,5,False,0,,25.092850999499205
nonfire_videos,0,detectium_fire/non_fire/1472777548_clip_002.mp4,8,2,7,2139,0,0.0,31.972343000234105,0,NO_REAL_FIRE,3125.1436169986846,5,False,0,,31.972343000234105
nonfire_videos,0,detectium_fire/non_fire/1472777548_clip_002.mp4,8,3,13,2140,0,0.0,22.527114000695292,0,NO_REAL_FIRE,2633.0903800007945,5,True,0,NO_REAL_FIRE,2983.0554950021906
nonfire_videos,0,detectium_fire/non_fire/1472777548_clip_002.mp4,8,4,20,2141,0,0.0,32.03678299905732,0,NO_REAL_FIRE,3387.749508001434,5,False,0,,32.03678299905732
nonfire_videos,0,detectium_fire/non_fire/1472777548_clip_002.mp4,8,5,26,2142,0,0.0,8.312259997182991,0,NO_REAL_FIRE,3198.7824229981925,5,False,0,,8.312259997182991
nonfire_videos,0,detectium_fire/non_fire/1472777548_clip_002.mp4,8,6,33,2143,0,0.0,32.39811299863504,0,NO_REAL_FIRE,3411.9594549993053,5,False,0,,32.39811299863504
nonfire_videos,0,detectium_fire/non_fire/1472777548_clip_002.mp4,8,7,39,2144,0,0.0,32.09415300079854,0,NO_REAL_FIRE,3138.19385700117,5,False,0,,32.09415300079854
nonfire_videos,0,detectium_fire/non_fire/1472777548_clip_002.mp4,8,8,46,2145,0,0.0,8.355710000614636,0,NO_REAL_FIRE,2705.7658929988975,5,True,0,NO_REAL_FIRE,3025.900091000949
nonfire_videos,0,detectium_fire/non_fire/1472777548_clip_002.mp4,8,9,53,2146,0,0.0,8.286200001748512,0,NO_REAL_FIRE,2641.2319029986975,5,False,0,,8.286200001748512
nonfire_videos,0,detectium_fire/non_fire/1472777548_clip_002.mp4,8,10,59,2147,0,0.0,32.01623300265055,0,NO_REAL_FIRE,2754.261250996933,5,False,0,,32.01623300265055
nonfire_videos,0,detectium_fire/non_fire/1472777548_clip_002.mp4,8,11,66,2148,0,0.0,8.269021000160137,0,NO_REAL_FIRE,3393.4572109974397,5,False,0,,8.269021000160137
nonfire_videos,0,detectium_fire/non_fire/1472777548_clip_002.mp4,8,12,72,2149,0,0.0,13.51627400072175,0,NO_REAL_FIRE,3437.7706669984036,5,False,0,,13.51627400072175
nonfire_videos,0,detectium_fire/non_fire/1472777548_clip_002.mp4,8,13,79,2150,0,0.0,11.76692599983653,0,NO_REAL_FIRE,3135.6253429985372,5,True,0,NO_REAL_FIRE,3263.525441998354
nonfire_videos,0,detectium_fire/non_fire/1472777548_clip_002.mp4,8,14,86,2151,0,0.0,9.09771999795339,0,NO_REAL_FIRE,3164.3490650021704,5,False,0,,9.09771999795339
nonfire_videos,0,detectium_fire/non_fire/1472777548_clip_002.mp4,8,15,92,2152,0,0.0,8.672410000144737,0,NO_REAL_FIRE,2869.049745000666,5,False,0,,8.672410000144737
nonfire_videos,0,detectium_fire/non_fire/1472777548_clip_002.mp4,8,16,99,2153,0,0.0,11.315976997138932,0,NO_REAL_FIRE,3287.8314980007417,5,False,0,,11.315976997138932
nonfire_videos,0,detectium_fire/non_fire/1472777548_clip_002.mp4,8,17,105,2154,0,0.0,8.32246099889744,0,NO_REAL_FIRE,2861.324670000613,5,False,0,,8.32246099889744
nonfire_videos,0,detectium_fire/non_fire/1472777548_clip_002.mp4,8,18,112,2155,0,0.0,8.30755999777466,0,NO_REAL_FIRE,3007.019248998404,5,True,0,NO_REAL_FIRE,3000.5374729953473
nonfire_videos,0,detectium_fire/non_fire/1472777548_clip_002.mp4,8,19,118,2156,0,0.0,14.89216199843213,0,NO_REAL_FIRE,3269.724619000044,5,False,0,,14.89216199843213
nonfire_videos,0,detectium_fire/non_fire/1472777548_clip_002.mp4,8,20,125,2157,0,0.0,8.284070001536747,0,NO_REAL_FIRE,2714.2366129992297,5,False,0,,8.284070001536747
nonfire_videos,0,detectium_fire/non_fire/1538943578_clip_001.mp4,9,1,0,2158,1,0.36983612179756165,29.483674999937648,0,NO_REAL_FIRE,3382.1265929982474,5,False,1,,29.483674999937648
nonfire_videos,0,detectium_fire/non_fire/1538943578_clip_001.mp4,9,2,12,2159,1,0.4246078133583069,24.17524200063781,0,NO_REAL_FIRE,4812.685542998224,5,False,1,,24.17524200063781
nonfire_videos,0,detectium_fire/non_fire/1538943578_clip_001.mp4,9,3,24,2160,1,0.364900678396225,9.404789001564495,0,NO_REAL_FIRE,4337.105553000583,5,True,0,NO_REAL_FIRE,3687.908375999541
nonfire_videos,0,detectium_fire/non_fire/1538943578_clip_001.mp4,9,4,36,2161,1,0.4853033423423767,32.22173299946007,0,NO_REAL_FIRE,4354.623603998334,5,False,1,,32.22173299946007
nonfire_videos,0,detectium_fire/non_fire/1538943578_clip_001.mp4,9,5,48,2162,1,0.3735414743423462,8.570519999921089,0,NO_REAL_FIRE,4054.8071400007757,5,False,1,,8.570519999921089
nonfire_videos,0,detectium_fire/non_fire/1538943578_clip_001.mp4,9,6,60,2163,1,0.3697781562805176,32.20187199985958,0,NO_REAL_FIRE,4416.128394001134,5,False,1,,32.20187199985958
nonfire_videos,0,detectium_fire/non_fire/1538943578_clip_001.mp4,9,7,72,2164,1,0.2673533260822296,32.27479199995287,0,NO_REAL_FIRE,2880.8841179998126,5,False,1,,32.27479199995287
nonfire_videos,0,detectium_fire/non_fire/1538943578_clip_001.mp4,9,8,84,2165,0,0.0,8.433869999862509,0,NO_REAL_FIRE,3878.8222370021685,5,True,0,NO_REAL_FIRE,3644.7387480002362
nonfire_videos,0,detectium_fire/non_fire/1538943578_clip_001.mp4,9,9,96,2166,0,0.0,9.185229002468986,0,NO_REAL_FIRE,3964.416339997115,5,False,0,,9.185229002468986
nonfire_videos,0,detectium_fire/non_fire/1538943578_clip_001.mp4,9,10,108,2167,0,0.0,22.820082998805447,0,NO_REAL_FIRE,3856.5575030006585,5,False,0,,22.820082998805447
nonfire_videos,0,detectium_fire/non_fire/1538943578_clip_001.mp4,9,11,121,2168,0,0.0,10.873286999412812,0,NO_REAL_FIRE,3433.341267002106,5,False,0,,10.873286999412812
nonfire_videos,0,detectium_fire/non_fire/1538943578_clip_001.mp4,9,12,133,2169,1,0.2702680826187134,32.2400920013024,0,NO_REAL_FIRE,4946.494995998364,5,False,1,,32.2400920013024
nonfire_videos,0,detectium_fire/non_fire/1538943578_clip_001.mp4,9,13,145,2170,0,0.0,32.210402001510374,0,NO_REAL_FIRE,3859.3489099985163,5,True,0,NO_REAL_FIRE,4688.484680002148
nonfire_videos,0,detectium_fire/non_fire/1538943578_clip_001.mp4,9,14,157,2171,0,0.0,18.208058001619065,0,NO_REAL_FIRE,4264.931454999896,5,False,0,,18.208058001619065
nonfire_videos,0,detectium_fire/non_fire/1538943578_clip_001.mp4,9,15,169,2172,0,0.0,9.433158000319963,0,NO_REAL_FIRE,4093.107664000854,5,False,0,,9.433158000319963
nonfire_videos,0,detectium_fire/non_fire/1538943578_clip_001.mp4,9,16,181,2173,0,0.0,20.111347002966795,0,NO_REAL_FIRE,4559.666508997907,5,False,0,,20.111347002966795
nonfire_videos,0,detectium_fire/non_fire/1538943578_clip_001.mp4,9,17,193,2174,0,0.0,10.219497999059968,0,NO_REAL_FIRE,4099.515058998804,5,False,0,,10.219497999059968
nonfire_videos,0,detectium_fire/non_fire/1538943578_clip_001.mp4,9,18,205,2175,0,0.0,32.205911997152725,0,NO_REAL_FIRE,4022.8444570020656,5,True,0,NO_REAL_FIRE,4368.924163998599
nonfire_videos,0,detectium_fire/non_fire/1538943578_clip_001.mp4,9,19,217,2176,0,0.0,32.16442199845915,0,NO_REAL_FIRE,4220.455435999611,5,False,0,,32.16442199845915
nonfire_videos,0,detectium_fire/non_fire/1538943578_clip_001.mp4,9,20,229,2177,0,0.0,8.546990000468213,0,NO_REAL_FIRE,4011.9051590008894,5,False,0,,8.546990000468213
nonfire_videos,0,detectium_fire/non_fire/1538943578_clip_002.mp4,10,1,0,2178,0,0.0,32.21366199795739,0,NO_REAL_FIRE,4698.126183000568,5,False,0,,32.21366199795739
nonfire_videos,0,detectium_fire/non_fire/1538943578_clip_002.mp4,10,2,10,2179,0,0.0,9.294329000113066,0,NO_REAL_FIRE,3910.8339919985156,5,False,0,,9.294329000113066
nonfire_videos,0,detectium_fire/non_fire/1538943578_clip_002.mp4,10,3,20,2180,0,0.0,28.16232699842658,0,NO_REAL_FIRE,5274.257991000923,5,True,0,NO_REAL_FIRE,4063.619414999266
nonfire_videos,0,detectium_fire/non_fire/1538943578_clip_002.mp4,10,4,30,2181,0,0.0,32.20799200062174,0,NO_REAL_FIRE,5275.792131000344,5,False,0,,32.20799200062174
nonfire_videos,0,detectium_fire/non_fire/1538943578_clip_002.mp4,10,5,40,2182,0,0.0,32.11861100135138,0,NO_REAL_FIRE,4389.85382899773,5,False,0,,32.11861100135138
nonfire_videos,0,detectium_fire/non_fire/1538943578_clip_002.mp4,10,6,50,2183,0,0.0,8.66307899923413,0,NO_REAL_FIRE,3986.993596001412,5,False,0,,8.66307899923413
nonfire_videos,0,detectium_fire/non_fire/1538943578_clip_002.mp4,10,7,60,2184,0,0.0,12.75413499752176,0,NO_REAL_FIRE,3774.1927560018667,5,False,0,,12.75413499752176
nonfire_videos,0,detectium_fire/non_fire/1538943578_clip_002.mp4,10,8,70,2185,0,0.0,16.869890001544263,0,NO_REAL_FIRE,4058.342194002762,5,True,0,NO_REAL_FIRE,3200.530185004027
nonfire_videos,0,detectium_fire/non_fire/1538943578_clip_002.mp4,10,9,80,2186,0,0.0,8.713830000488088,0,NO_REAL_FIRE,4240.435031999368,5,False,0,,8.713830000488088
nonfire_videos,0,detectium_fire/non_fire/1538943578_clip_002.mp4,10,10,90,2187,0,0.0,9.302728998591192,0,NO_REAL_FIRE,4710.473888000706,5,False,0,,9.302728998591192
nonfire_videos,0,detectium_fire/non_fire/1538943578_clip_002.mp4,10,11,100,2188,0,0.0,8.610009001131402,0,NO_REAL_FIRE,4262.105489997339,5,False,0,,8.610009001131402
nonfire_videos,0,detectium_fire/non_fire/1538943578_clip_002.mp4,10,12,110,2189,0,0.0,32.33346100023482,0,NO_REAL_FIRE,5001.766293000401,5,False,0,,32.33346100023482
nonfire_videos,0,detectium_fire/non_fire/1538943578_clip_002.mp4,10,13,120,2190,0,0.0,32.200072000705404,0,NO_REAL_FIRE,3276.8224210012704,5,True,0,NO_REAL_FIRE,3814.4866570000886
nonfire_videos,0,detectium_fire/non_fire/1538943578_clip_002.mp4,10,14,130,2191,1,0.3428707718849182,31.82428199943388,0,NO_REAL_FIRE,5014.214137001545,5,False,1,,31.82428199943388
nonfire_videos,0,detectium_fire/non_fire/1538943578_clip_002.mp4,10,15,140,2192,0,0.0,8.978388999821618,0,NO_REAL_FIRE,3402.5319239990495,5,False,0,,8.978388999821618
nonfire_videos,0,detectium_fire/non_fire/1538943578_clip_002.mp4,10,16,150,2193,0,0.0,15.133802000491414,0,NO_REAL_FIRE,5106.123559999105,5,False,0,,15.133802000491414
nonfire_videos,0,detectium_fire/non_fire/1538943578_clip_002.mp4,10,17,160,2194,0,0.0,18.105638002452906,0,NO_REAL_FIRE,4974.931943001138,5,False,0,,18.105638002452906
nonfire_videos,0,detectium_fire/non_fire/1538943578_clip_002.mp4,10,18,170,2195,0,0.0,11.521626001922414,0,NO_REAL_FIRE,4246.18661400018,5,True,0,NO_REAL_FIRE,4727.830022002308
nonfire_videos,0,detectium_fire/non_fire/1538943578_clip_002.mp4,10,19,180,2196,0,0.0,32.24385100111249,0,NO_REAL_FIRE,4407.478963999893,5,False,0,,32.24385100111249
nonfire_videos,0,detectium_fire/non_fire/1538943578_clip_002.mp4,10,20,190,2197,0,0.0,18.199267997260904,0,NO_REAL_FIRE,3251.9583309986047,5,False,0,,18.199267997260904
nonfire_videos,0,detectium_fire/non_fire/1544298679_clip_001.mp4,11,1,0,2198,1,0.8639771938323975,8.8192289986182,0,NO_REAL_FIRE,3547.8003829994122,5,False,1,,8.8192289986182
nonfire_videos,0,detectium_fire/non_fire/1544298679_clip_001.mp4,11,2,9,2199,1,0.8672101497650146,32.23209100178792,0,NO_REAL_FIRE,3518.63105600205,5,False,1,,32.23209100178792
nonfire_videos,0,detectium_fire/non_fire/1544298679_clip_001.mp4,11,3,19,2200,1,0.8728504776954651,16.701329997886205,0,NO_REAL_FIRE,3481.963418002124,5,True,0,NO_REAL_FIRE,3721.1678979983844
nonfire_videos,0,detectium_fire/non_fire/1544298679_clip_001.mp4,11,4,28,2201,1,0.8723517060279846,11.083826000685804,0,NO_REAL_FIRE,3729.114125999331,5,False,1,,11.083826000685804
nonfire_videos,0,detectium_fire/non_fire/1544298679_clip_001.mp4,11,5,37,2202,1,0.8662131428718567,32.24545099874376,0,NO_REAL_FIRE,4626.042443000188,5,False,1,,32.24545099874376
nonfire_videos,0,detectium_fire/non_fire/1544298679_clip_001.mp4,11,6,46,2203,1,0.8628961443901062,8.54903999788803,0,NO_REAL_FIRE,3267.51633800086,5,False,1,,8.54903999788803
nonfire_videos,0,detectium_fire/non_fire/1544298679_clip_001.mp4,11,7,56,2204,1,0.8578322529792786,28.77647500281455,0,NO_REAL_FIRE,4496.167924000474,5,False,1,,28.77647500281455
nonfire_videos,0,detectium_fire/non_fire/1544298679_clip_001.mp4,11,8,65,2205,1,0.8494938015937805,9.187678999296622,0,NO_REAL_FIRE,3324.9955550018058,5,True,0,NO_REAL_FIRE,3741.6154310012644
nonfire_videos,0,detectium_fire/non_fire/1544298679_clip_001.mp4,11,9,74,2206,1,0.8343256711959839,8.580100002291147,0,NO_REAL_FIRE,3143.7329110012797,5,False,1,,8.580100002291147
nonfire_videos,0,detectium_fire/non_fire/1544298679_clip_001.mp4,11,10,83,2207,1,0.8400370478630066,32.25948100225651,0,NO_REAL_FIRE,3315.540522002266,5,False,1,,32.25948100225651
nonfire_videos,0,detectium_fire/non_fire/1544298679_clip_001.mp4,11,11,93,2208,1,0.8321713209152222,12.714934000541689,0,NO_REAL_FIRE,3664.7559279990674,5,False,1,,12.714934000541689
nonfire_videos,0,detectium_fire/non_fire/1544298679_clip_001.mp4,11,12,102,2209,1,0.81716388463974,32.24321100060479,0,NO_REAL_FIRE,5166.0776489989075,5,False,1,,32.24321100060479
nonfire_videos,0,detectium_fire/non_fire/1544298679_clip_001.mp4,11,13,111,2210,1,0.8010776042938232,22.731462002411718,0,NO_REAL_FIRE,3444.728449001559,5,True,0,NO_REAL_FIRE,3011.7935520029278
nonfire_videos,0,detectium_fire/non_fire/1544298679_clip_001.mp4,11,14,120,2211,1,0.8036160469055176,10.401207000541035,0,NO_REAL_FIRE,3329.6840860020893,5,False,1,,10.401207000541035
nonfire_videos,0,detectium_fire/non_fire/1544298679_clip_001.mp4,11,15,130,2212,1,0.7911476492881775,32.84209000048577,0,NO_REAL_FIRE,3846.8925369998033,5,False,1,,32.84209000048577
nonfire_videos,0,detectium_fire/non_fire/1544298679_clip_001.mp4,11,16,139,2213,1,0.7542315125465393,10.404296997876372,0,NO_REAL_FIRE,3949.754059998668,5,False,1,,10.404296997876372
nonfire_videos,0,detectium_fire/non_fire/1544298679_clip_001.mp4,11,17,148,2214,1,0.7731775045394897,22.70914300243021,0,NO_REAL_FIRE,3762.0438569974795,5,False,1,,22.70914300243021
nonfire_videos,0,detectium_fire/non_fire/1544298679_clip_001.mp4,11,18,157,2215,1,0.8135141134262085,15.398080999148078,0,NO_REAL_FIRE,3349.9572040018393,5,True,0,NO_REAL_FIRE,3420.482326997444
nonfire_videos,0,detectium_fire/non_fire/1544298679_clip_001.mp4,11,19,167,2216,1,0.7922645807266235,32.269531999190804,0,NO_REAL_FIRE,3944.0095290010504,5,False,1,,32.269531999190804
nonfire_videos,0,detectium_fire/non_fire/1544298679_clip_001.mp4,11,20,176,2217,1,0.770290195941925,18.166927999118343,0,NO_REAL_FIRE,3983.542979000049,5,False,1,,18.166927999118343
nonfire_videos,0,detectium_fire/non_fire/1574509648_clip_001.mp4,12,1,0,2218,0,0.0,9.267297999031143,0,NO_REAL_FIRE,2984.4842519996746,5,False,0,,9.267297999031143
nonfire_videos,0,detectium_fire/non_fire/1574509648_clip_001.mp4,12,2,13,2219,0,0.0,22.617751998041058,0,NO_REAL_FIRE,3892.15264700033,5,False,0,,22.617751998041058
nonfire_videos,0,detectium_fire/non_fire/1574509648_clip_001.mp4,12,3,25,2220,0,0.0,9.222369000781327,0,NO_REAL_FIRE,3585.2604179999616,5,True,0,NO_REAL_FIRE,3603.5930949983594
nonfire_videos,0,detectium_fire/non_fire/1574509648_clip_001.mp4,12,4,38,2221,0,0.0,25.268139001127565,0,NO_REAL_FIRE,4269.2681119988265,5,False,0,,25.268139001127565
nonfire_videos,0,detectium_fire/non_fire/1574509648_clip_001.mp4,12,5,50,2222,0,0.0,32.13750100258039,0,NO_REAL_FIRE,4081.4785190013936,5,False,0,,32.13750100258039
nonfire_videos,0,detectium_fire/non_fire/1574509648_clip_001.mp4,12,6,63,2223,0,0.0,8.426119999057846,0,NO_REAL_FIRE,3805.6935129970952,5,False,0,,8.426119999057846
nonfire_videos,0,detectium_fire/non_fire/1574509648_clip_001.mp4,12,7,75,2224,0,0.0,22.715292001521448,0,NO_REAL_FIRE,3684.8507880022225,5,False,0,,22.715292001521448
nonfire_videos,0,detectium_fire/non_fire/1574509648_clip_001.mp4,12,8,88,2225,0,0.0,30.17122399978689,0,NO_REAL_FIRE,3119.601464997686,5,True,0,NO_REAL_FIRE,3640.568689999782
nonfire_videos,0,detectium_fire/non_fire/1574509648_clip_001.mp4,12,9,101,2226,0,0.0,8.503379998728633,0,NO_REAL_FIRE,3850.0568219969864,5,False,0,,8.503379998728633
nonfire_videos,0,detectium_fire/non_fire/1574509648_clip_001.mp4,12,10,113,2227,0,0.0,32.80751900092582,0,NO_REAL_FIRE,4055.4248790031124,5,False,0,,32.80751900092582
nonfire_videos,0,detectium_fire/non_fire/1574509648_clip_001.mp4,12,11,126,2228,0,0.0,32.20806999888737,0,NO_REAL_FIRE,2956.379889998061,5,False,0,,32.20806999888737
nonfire_videos,0,detectium_fire/non_fire/1574509648_clip_001.mp4,12,12,138,2229,0,0.0,8.657499001856195,0,NO_REAL_FIRE,3855.8040389980306,5,False,0,,8.657499001856195
nonfire_videos,0,detectium_fire/non_fire/1574509648_clip_001.mp4,12,13,151,2230,0,0.0,23.791371000697836,0,NO_REAL_FIRE,3351.2371340002574,5,True,0,NO_REAL_FIRE,3130.372063998948
nonfire_videos,0,detectium_fire/non_fire/1574509648_clip_001.mp4,12,14,164,2231,0,0.0,20.065126002009492,0,NO_REAL_FIRE,3641.0709469964786,5,False,0,,20.065126002009492
nonfire_videos,0,detectium_fire/non_fire/1574509648_clip_001.mp4,12,15,176,2232,0,0.0,8.424329000263242,0,NO_REAL_FIRE,3695.5684590029705,5,False,0,,8.424329000263242
nonfire_videos,0,detectium_fire/non_fire/1574509648_clip_001.mp4,12,16,189,2233,0,0.0,32.15710100266733,0,NO_REAL_FIRE,3600.3712239980814,5,False,0,,32.15710100266733
nonfire_videos,0,detectium_fire/non_fire/1574509648_clip_001.mp4,12,17,201,2234,0,0.0,11.267615998804104,0,NO_REAL_FIRE,3440.795057998912,5,False,0,,11.267615998804104
nonfire_videos,0,detectium_fire/non_fire/1574509648_clip_001.mp4,12,18,214,2235,0,0.0,32.75353099888889,0,NO_REAL_FIRE,3924.6773940030835,5,True,0,NO_REAL_FIRE,3228.734024996811
nonfire_videos,0,detectium_fire/non_fire/1574509648_clip_001.mp4,12,19,226,2236,0,0.0,32.21340099844383,0,NO_REAL_FIRE,4247.155106000719,5,False,0,,32.21340099844383
nonfire_videos,0,detectium_fire/non_fire/1574509648_clip_001.mp4,12,20,239,2237,0,0.0,32.13268100080313,0,NO_REAL_FIRE,4101.728382000147,5,False,0,,32.13268100080313
nonfire_videos,0,detectium_fire/non_fire/1574509648_clip_002.mp4,13,1,0,2238,0,0.0,15.680920998420333,0,NO_REAL_FIRE,3132.9032979992917,5,False,0,,15.680920998420333
nonfire_videos,0,detectium_fire/non_fire/1574509648_clip_002.mp4,13,2,5,2239,0,0.0,14.60229199801688,0,NO_REAL_FIRE,3899.462205998134,5,False,0,,14.60229199801688
nonfire_videos,0,detectium_fire/non_fire/1574509648_clip_002.mp4,13,3,9,2240,0,0.0,8.42293899768265,0,NO_REAL_FIRE,3738.151322999329,5,True,0,NO_REAL_FIRE,3020.063781998033
nonfire_videos,0,detectium_fire/non_fire/1574509648_clip_002.mp4,13,4,14,2241,0,0.0,32.14927999943029,0,NO_REAL_FIRE,4251.263391000975,5,False,0,,32.14927999943029
nonfire_videos,0,detectium_fire/non_fire/1574509648_clip_002.mp4,13,5,19,2242,0,0.0,21.843684000486974,0,NO_REAL_FIRE,3803.7992879981175,5,False,0,,21.843684000486974
nonfire_videos,0,detectium_fire/non_fire/1574509648_clip_002.mp4,13,6,24,2243,0,0.0,8.51691999923787,0,NO_REAL_FIRE,4221.816561999731,5,False,0,,8.51691999923787
nonfire_videos,0,detectium_fire/non_fire/1574509648_clip_002.mp4,13,7,28,2244,0,0.0,32.197880998865,0,NO_REAL_FIRE,3277.2136320018035,5,False,0,,32.197880998865
nonfire_videos,0,detectium_fire/non_fire/1574509648_clip_002.mp4,13,8,33,2245,0,0.0,8.496938997268444,0,NO_REAL_FIRE,3840.043369000341,5,True,0,NO_REAL_FIRE,3808.629924998968
nonfire_videos,0,detectium_fire/non_fire/1574509648_clip_002.mp4,13,9,38,2246,0,0.0,14.822342000115896,0,NO_REAL_FIRE,3727.7823639997223,5,False,0,,14.822342000115896
nonfire_videos,0,detectium_fire/non_fire/1574509648_clip_002.mp4,13,10,43,2247,0,0.0,28.150635000201873,0,NO_REAL_FIRE,3648.2137509992754,5,False,0,,28.150635000201873
nonfire_videos,0,detectium_fire/non_fire/1574509648_clip_002.mp4,13,11,47,2248,0,0.0,8.574530002078973,0,NO_REAL_FIRE,3805.6148549985664,5,False,0,,8.574530002078973
nonfire_videos,0,detectium_fire/non_fire/1574509648_clip_002.mp4,13,12,52,2249,0,0.0,9.204049001709791,0,NO_REAL_FIRE,3085.2928400017845,5,False,0,,9.204049001709791
nonfire_videos,0,detectium_fire/non_fire/1574509648_clip_002.mp4,13,13,57,2250,0,0.0,32.13653000057093,0,NO_REAL_FIRE,3633.9140240015695,5,True,0,NO_REAL_FIRE,3796.1628129996825
nonfire_videos,0,detectium_fire/non_fire/1574509648_clip_002.mp4,13,14,62,2251,0,0.0,26.11195799909183,0,NO_REAL_FIRE,4049.337348998961,5,False,0,,26.11195799909183
nonfire_videos,0,detectium_fire/non_fire/1574509648_clip_002.mp4,13,15,66,2252,0,0.0,8.742129997699521,0,NO_REAL_FIRE,3611.4433869988716,5,False,0,,8.742129997699521
nonfire_videos,0,detectium_fire/non_fire/1574509648_clip_002.mp4,13,16,71,2253,0,0.0,8.733718997973483,0,NO_REAL_FIRE,4098.530885999935,5,False,0,,8.733718997973483
nonfire_videos,0,detectium_fire/non_fire/1574509648_clip_002.mp4,13,17,76,2254,0,0.0,8.42399900284363,0,NO_REAL_FIRE,3337.0448739988205,5,False,0,,8.42399900284363
nonfire_videos,0,detectium_fire/non_fire/1574509648_clip_002.mp4,13,18,81,2255,0,0.0,28.54449399819714,0,NO_REAL_FIRE,3767.53835099953,5,True,0,NO_REAL_FIRE,3725.1384219962347
nonfire_videos,0,detectium_fire/non_fire/1574509648_clip_002.mp4,13,19,85,2256,0,0.0,16.642309998132987,0,NO_REAL_FIRE,4090.2047400013544,5,False,0,,16.642309998132987
nonfire_videos,0,detectium_fire/non_fire/1574509648_clip_002.mp4,13,20,90,2257,0,0.0,13.221343000623165,0,NO_REAL_FIRE,2960.755063999386,5,False,0,,13.221343000623165
nonfire_videos,0,detectium_fire/non_fire/1574514010_clip_001.mp4,14,1,0,2258,0,0.0,16.330418999132235,0,NO_REAL_FIRE,2933.684905998234,5,False,0,,16.330418999132235
nonfire_videos,0,detectium_fire/non_fire/1574514010_clip_001.mp4,14,2,10,2259,1,0.32778850197792053,32.232880002993625,0,NO_REAL_FIRE,3463.211851001688,5,False,1,,32.232880002993625
nonfire_videos,0,detectium_fire/non_fire/1574514010_clip_001.mp4,14,3,20,2260,1,0.2898120582103729,30.233173001761315,0,NO_REAL_FIRE,3345.6743960014137,5,True,0,NO_REAL_FIRE,2706.808835002448
nonfire_videos,0,detectium_fire/non_fire/1574514010_clip_001.mp4,14,4,29,2261,1,0.40984055399894714,8.587788997829193,0,NO_REAL_FIRE,2922.794636000617,5,False,1,,8.587788997829193
nonfire_videos,0,detectium_fire/non_fire/1574514010_clip_001.mp4,14,5,39,2262,0,0.0,10.01676699888776,0,NO_REAL_FIRE,3413.8799680004013,5,False,0,,10.01676699888776
nonfire_videos,0,detectium_fire/non_fire/1574514010_clip_001.mp4,14,6,49,2263,0,0.0,14.874551998218521,0,NO_REAL_FIRE,3300.2414270013105,5,False,0,,14.874551998218521
nonfire_videos,0,detectium_fire/non_fire/1574514010_clip_001.mp4,14,7,59,2264,0,0.0,15.45161100148107,0,NO_REAL_FIRE,3073.4395069994207,5,False,0,,15.45161100148107
nonfire_videos,0,detectium_fire/non_fire/1574514010_clip_001.mp4,14,8,69,2265,0,0.0,32.896718999836594,0,NO_REAL_FIRE,3733.294419998856,5,True,0,NO_REAL_FIRE,3199.5709190014168
nonfire_videos,0,detectium_fire/non_fire/1574514010_clip_001.mp4,14,9,78,2266,0,0.0,32.19328100021812,0,NO_REAL_FIRE,3463.712430999294,5,False,0,,32.19328100021812
nonfire_videos,0,detectium_fire/non_fire/1574514010_clip_001.mp4,14,10,88,2267,0,0.0,27.654835997964256,0,NO_REAL_FIRE,3065.4780229997414,5,False,0,,27.654835997964256
nonfire_videos,0,detectium_fire/non_fire/1574514010_clip_001.mp4,14,11,98,2268,0,0.0,8.516360001522116,0,NO_REAL_FIRE,4234.988203003013,5,False,0,,8.516360001522116
nonfire_videos,0,detectium_fire/non_fire/1574514010_clip_001.mp4,14,12,108,2269,0,0.0,30.013693001819775,0,NO_REAL_FIRE,4212.351499998476,5,False,0,,30.013693001819775
nonfire_videos,0,detectium_fire/non_fire/1574514010_clip_001.mp4,14,13,117,2270,0,0.0,32.19617999639013,0,NO_REAL_FIRE,3460.82078100153,5,True,0,NO_REAL_FIRE,4329.904991995136
nonfire_videos,0,detectium_fire/non_fire/1574514010_clip_001.mp4,14,14,127,2271,0,0.0,32.182481001655106,0,NO_REAL_FIRE,3978.462335002405,5,False,0,,32.182481001655106
nonfire_videos,0,detectium_fire/non_fire/1574514010_clip_001.mp4,14,15,137,2272,0,0.0,16.546889000892406,0,NO_REAL_FIRE,4180.0591530009115,5,False,0,,16.546889000892406
nonfire_videos,0,detectium_fire/non_fire/1574514010_clip_001.mp4,14,16,147,2273,0,0.0,25.525589000608306,0,NO_REAL_FIRE,2707.6968900000793,5,False,0,,25.525589000608306
nonfire_videos,0,detectium_fire/non_fire/1574514010_clip_001.mp4,14,17,157,2274,0,0.0,10.703795996960253,0,NO_REAL_FIRE,3684.647206999216,5,False,0,,10.703795996960253
nonfire_videos,0,detectium_fire/non_fire/1574514010_clip_001.mp4,14,18,166,2275,0,0.0,8.444379000138724,0,NO_REAL_FIRE,4552.880197999912,5,True,0,NO_REAL_FIRE,3032.4796040004003
nonfire_videos,0,detectium_fire/non_fire/1574514010_clip_001.mp4,14,19,176,2276,0,0.0,11.825555000541499,0,NO_REAL_FIRE,3184.779155002616,5,False,0,,11.825555000541499
nonfire_videos,0,detectium_fire/non_fire/1574514010_clip_001.mp4,14,20,186,2277,0,0.0,32.14784000010695,0,NO_REAL_FIRE,3929.316238998581,5,False,0,,32.14784000010695
nonfire_videos,0,detectium_fire/non_fire/1665987753_clip_001.mp4,15,1,0,2278,0,0.0,8.800098999927286,0,NO_REAL_FIRE,5549.168214001838,5,False,0,,8.800098999927286
nonfire_videos,0,detectium_fire/non_fire/1665987753_clip_001.mp4,15,2,12,2279,1,0.591437041759491,32.95382899887045,0,NO_REAL_FIRE,3619.0838219990837,5,False,1,,32.95382899887045
nonfire_videos,0,detectium_fire/non_fire/1665987753_clip_001.mp4,15,3,24,2280,1,0.4241052269935608,10.77846599946497,0,NO_REAL_FIRE,3837.1370200002275,5,True,0,NO_REAL_FIRE,2858.524284998566
nonfire_videos,0,detectium_fire/non_fire/1665987753_clip_001.mp4,15,4,36,2281,0,0.0,8.543330000975402,0,NO_REAL_FIRE,2723.394573000405,5,False,0,,8.543330000975402
nonfire_videos,0,detectium_fire/non_fire/1665987753_clip_001.mp4,15,5,48,2282,0,0.0,28.670294999756152,0,NO_REAL_FIRE,3512.095539997972,5,False,0,,28.670294999756152
nonfire_videos,0,detectium_fire/non_fire/1665987753_clip_001.mp4,15,6,60,2283,0,0.0,26.479197000298882,0,NO_REAL_FIRE,4050.4463799989026,5,False,0,,26.479197000298882
nonfire_videos,0,detectium_fire/non_fire/1665987753_clip_001.mp4,15,7,72,2284,0,0.0,11.963384997216053,0,NO_REAL_FIRE,3195.064273000753,5,False,0,,11.963384997216053
nonfire_videos,0,detectium_fire/non_fire/1665987753_clip_001.mp4,15,8,84,2285,0,0.0,8.547528999770293,0,NO_REAL_FIRE,4232.449561000976,5,True,0,NO_REAL_FIRE,3727.0734689991514
nonfire_videos,0,detectium_fire/non_fire/1665987753_clip_001.mp4,15,9,96,2286,0,0.0,10.310957000911003,0,NO_REAL_FIRE,3820.949300999928,5,False,0,,10.310957000911003
nonfire_videos,0,detectium_fire/non_fire/1665987753_clip_001.mp4,15,10,108,2287,0,0.0,32.189269997616066,0,NO_REAL_FIRE,3864.747065999836,5,False,0,,32.189269997616066
nonfire_videos,0,detectium_fire/non_fire/1665987753_clip_001.mp4,15,11,121,2288,0,0.0,8.940258998336503,0,NO_REAL_FIRE,3814.1239670003415,5,False,0,,8.940258998336503
nonfire_videos,0,detectium_fire/non_fire/1665987753_clip_001.mp4,15,12,133,2289,0,0.0,32.24707999834209,0,NO_REAL_FIRE,3295.96402199968,5,False,0,,32.24707999834209
nonfire_videos,0,detectium_fire/non_fire/1665987753_clip_001.mp4,15,13,145,2290,0,0.0,8.652968997921562,0,NO_REAL_FIRE,3879.1395150001335,5,True,0,NO_REAL_FIRE,3165.5877329976647
nonfire_videos,0,detectium_fire/non_fire/1665987753_clip_001.mp4,15,14,157,2291,0,0.0,32.18606999871554,0,NO_REAL_FIRE,4129.501569997956,5,False,0,,32.18606999871554
nonfire_videos,0,detectium_fire/non_fire/1665987753_clip_001.mp4,15,15,169,2292,0,0.0,8.47584900111542,0,NO_REAL_FIRE,4024.6168699995906,5,False,0,,8.47584900111542
nonfire_videos,0,detectium_fire/non_fire/1665987753_clip_001.mp4,15,16,181,2293,0,0.0,9.570657999574905,0,NO_REAL_FIRE,4756.999825000094,5,False,0,,9.570657999574905
nonfire_videos,0,detectium_fire/non_fire/1665987753_clip_001.mp4,15,17,193,2294,0,0.0,32.240900000033434,0,NO_REAL_FIRE,4046.8914800003404,5,False,0,,32.240900000033434
nonfire_videos,0,detectium_fire/non_fire/1665987753_clip_001.mp4,15,18,205,2295,0,0.0,32.205749997956445,0,NO_REAL_FIRE,3738.4807930029638,5,True,0,NO_REAL_FIRE,2625.547112995264
nonfire_videos,0,detectium_fire/non_fire/1665987753_clip_001.mp4,15,19,217,2296,0,0.0,32.271599000523565,0,NO_REAL_FIRE,3085.958766998374,5,False,0,,32.271599000523565
nonfire_videos,0,detectium_fire/non_fire/1665987753_clip_001.mp4,15,20,229,2297,0,0.0,32.16401000099722,0,NO_REAL_FIRE,4217.748283001129,5,False,0,,32.16401000099722
nonfire_videos,0,detectium_fire/non_fire/1665987753_clip_002.mp4,16,1,0,2298,0,0.0,27.133166000567144,0,NO_REAL_FIRE,3018.6622490000445,5,False,0,,27.133166000567144
nonfire_videos,0,detectium_fire/non_fire/1665987753_clip_002.mp4,16,2,12,2299,0,0.0,8.407589000853477,0,NO_REAL_FIRE,2517.3106660004123,5,False,0,,8.407589000853477
nonfire_videos,0,detectium_fire/non_fire/1665987753_clip_002.mp4,16,3,24,2300,0,0.0,8.46538899713778,0,NO_REAL_FIRE,4264.424802000576,5,True,0,NO_REAL_FIRE,3719.6216809970792
nonfire_videos,0,detectium_fire/non_fire/1665987753_clip_002.mp4,16,4,36,2301,0,0.0,18.707956998696318,0,NO_REAL_FIRE,3357.441223000933,5,False,0,,18.707956998696318
nonfire_videos,0,detectium_fire/non_fire/1665987753_clip_002.mp4,16,5,48,2302,0,0.0,17.355988999042893,0,NO_REAL_FIRE,5080.61744799852,5,False,0,,17.355988999042893
nonfire_videos,0,detectium_fire/non_fire/1665987753_clip_002.mp4,16,6,60,2303,0,0.0,32.179990001168335,0,NO_REAL_FIRE,4479.256948001421,5,False,0,,32.179990001168335
nonfire_videos,0,detectium_fire/non_fire/1665987753_clip_002.mp4,16,7,72,2304,0,0.0,8.415929001785116,0,NO_REAL_FIRE,2588.381933001074,5,False,0,,8.415929001785116
nonfire_videos,0,detectium_fire/non_fire/1665987753_clip_002.mp4,16,8,84,2305,0,0.0,28.143265000835527,0,NO_REAL_FIRE,3179.3873829992663,5,True,0,NO_REAL_FIRE,4618.828891001613
nonfire_videos,0,detectium_fire/non_fire/1665987753_clip_002.mp4,16,9,96,2306,0,0.0,23.948149999341695,0,NO_REAL_FIRE,4124.248588999762,5,False,0,,23.948149999341695
nonfire_videos,0,detectium_fire/non_fire/1665987753_clip_002.mp4,16,10,108,2307,0,0.0,8.458460000838386,0,NO_REAL_FIRE,2738.8800619992253,5,False,0,,8.458460000838386
nonfire_videos,0,detectium_fire/non_fire/1665987753_clip_002.mp4,16,11,121,2308,0,0.0,9.13414900060161,0,NO_REAL_FIRE,4431.364911997662,5,False,0,,9.13414900060161
nonfire_videos,0,detectium_fire/non_fire/1665987753_clip_002.mp4,16,12,133,2309,0,0.0,9.322498000983614,0,NO_REAL_FIRE,3928.4559810002975,5,False,0,,9.322498000983614
nonfire_videos,0,detectium_fire/non_fire/1665987753_clip_002.mp4,16,13,145,2310,0,0.0,30.371521999768447,0,NO_REAL_FIRE,3855.068080996716,5,True,0,NO_REAL_FIRE,4497.183106999728
nonfire_videos,0,detectium_fire/non_fire/1665987753_clip_002.mp4,16,14,157,2311,0,0.0,8.390908998990199,0,NO_REAL_FIRE,3799.8495389983873,5,False,0,,8.390908998990199
nonfire_videos,0,detectium_fire/non_fire/1665987753_clip_002.mp4,16,15,169,2312,0,0.0,8.483878998958971,0,NO_REAL_FIRE,4223.809506998805,5,False,0,,8.483878998958971
nonfire_videos,0,detectium_fire/non_fire/1665987753_clip_002.mp4,16,16,181,2313,0,0.0,8.406018998357467,0,NO_REAL_FIRE,4228.824779998831,5,False,0,,8.406018998357467
nonfire_videos,0,detectium_fire/non_fire/1665987753_clip_002.mp4,16,17,193,2314,0,0.0,8.43282999994699,0,NO_REAL_FIRE,4045.467018000636,5,False,0,,8.43282999994699
nonfire_videos,0,detectium_fire/non_fire/1665987753_clip_002.mp4,16,18,205,2315,0,0.0,31.36327099855407,0,NO_REAL_FIRE,4226.783070000238,5,True,0,NO_REAL_FIRE,4485.1140749997285
nonfire_videos,0,detectium_fire/non_fire/1665987753_clip_002.mp4,16,19,217,2316,0,0.0,20.517253997240914,0,NO_REAL_FIRE,4096.732030997373,5,False,0,,20.517253997240914
nonfire_videos,0,detectium_fire/non_fire/1665987753_clip_002.mp4,16,20,229,2317,0,0.0,8.399508998991223,0,NO_REAL_FIRE,3430.701085999317,5,False,0,,8.399508998991223
nonfire_videos,0,detectium_fire/non_fire/1665987753_clip_003.mp4,17,1,0,2318,0,0.0,8.62373899872182,0,NO_REAL_FIRE,2809.372784999141,5,False,0,,8.62373899872182
nonfire_videos,0,detectium_fire/non_fire/1665987753_clip_003.mp4,17,2,12,2319,0,0.0,32.156090001080884,0,NO_REAL_FIRE,4994.974650999211,5,False,0,,32.156090001080884
nonfire_videos,0,detectium_fire/non_fire/1665987753_clip_003.mp4,17,3,24,2320,0,0.0,16.379410000809003,0,NO_REAL_FIRE,3361.5271100024984,5,True,0,NO_REAL_FIRE,2985.5549030035036
nonfire_videos,0,detectium_fire/non_fire/1665987753_clip_003.mp4,17,4,36,2321,0,0.0,9.411668001121143,0,NO_REAL_FIRE,3351.3536430000386,5,False,0,,9.411668001121143
nonfire_videos,0,detectium_fire/non_fire/1665987753_clip_003.mp4,17,5,48,2322,0,0.0,20.153424000454834,0,NO_REAL_FIRE,4173.258660001011,5,False,0,,20.153424000454834
nonfire_videos,0,detectium_fire/non_fire/1665987753_clip_003.mp4,17,6,60,2323,0,0.0,32.20808900005068,0,NO_REAL_FIRE,4076.981230002275,5,False,0,,32.20808900005068
nonfire_videos,0,detectium_fire/non_fire/1665987753_clip_003.mp4,17,7,72,2324,0,0.0,8.543358999304473,0,NO_REAL_FIRE,4268.3845780011325,5,False,0,,8.543358999304473
nonfire_videos,0,detectium_fire/non_fire/1665987753_clip_003.mp4,17,8,84,2325,0,0.0,8.483680001518223,0,NO_REAL_FIRE,4297.949800002243,5,True,0,NO_REAL_FIRE,4252.176147001592
nonfire_videos,0,detectium_fire/non_fire/1665987753_clip_003.mp4,17,9,96,2326,0,0.0,9.379879000334768,0,NO_REAL_FIRE,3520.2648360027524,5,False,0,,9.379879000334768
nonfire_videos,0,detectium_fire/non_fire/1665987753_clip_003.mp4,17,10,108,2327,0,0.0,18.048287001874996,0,NO_REAL_FIRE,3585.4315030010184,5,False,0,,18.048287001874996
nonfire_videos,0,detectium_fire/non_fire/1665987753_clip_003.mp4,17,11,121,2328,0,0.0,32.69266899951617,0,NO_REAL_FIRE,4488.647056998161,5,False,0,,32.69266899951617
nonfire_videos,0,detectium_fire/non_fire/1665987753_clip_003.mp4,17,12,133,2329,0,0.0,14.07884299987927,0,NO_REAL_FIRE,4284.706251997704,5,False,0,,14.07884299987927
nonfire_videos,0,detectium_fire/non_fire/1665987753_clip_003.mp4,17,13,145,2330,0,0.0,14.869411999825388,0,NO_REAL_FIRE,4306.494393997127,5,True,0,NO_REAL_FIRE,4628.9080380011
nonfire_videos,0,detectium_fire/non_fire/1665987753_clip_003.mp4,17,14,157,2331,0,0.0,32.17031000167481,0,NO_REAL_FIRE,4263.3720459998585,5,False,0,,32.17031000167481
nonfire_videos,0,detectium_fire/non_fire/1665987753_clip_003.mp4,17,15,169,2332,0,0.0,8.389609000005294,0,NO_REAL_FIRE,3789.7755220001272,5,False,0,,8.389609000005294
nonfire_videos,0,detectium_fire/non_fire/1665987753_clip_003.mp4,17,16,181,2333,1,0.2505961060523987,8.521048999682534,0,NO_REAL_FIRE,3977.199565000774,5,False,1,,8.521048999682534
nonfire_videos,0,detectium_fire/non_fire/1665987753_clip_003.mp4,17,17,193,2334,0,0.0,8.539449998352211,0,NO_REAL_FIRE,4800.705327001197,5,False,0,,8.539449998352211
nonfire_videos,0,detectium_fire/non_fire/1665987753_clip_003.mp4,17,18,205,2335,0,0.0,21.108412998728454,0,NO_REAL_FIRE,3975.938405001216,5,True,0,NO_REAL_FIRE,3707.2880909981905
nonfire_videos,0,detectium_fire/non_fire/1665987753_clip_003.mp4,17,19,217,2336,1,0.3210650086402893,32.15390900004422,0,NO_REAL_FIRE,5085.022876999574,5,False,1,,32.15390900004422
nonfire_videos,0,detectium_fire/non_fire/1665987753_clip_003.mp4,17,20,229,2337,1,0.37312546372413635,12.756344000081299,0,NO_REAL_FIRE,4937.892560999899,5,False,1,,12.756344000081299
nonfire_videos,0,detectium_fire/non_fire/1665987753_clip_004.mp4,18,1,0,2338,1,0.34488847851753235,8.724208997591631,0,NO_REAL_FIRE,3792.820121998375,5,False,1,,8.724208997591631
nonfire_videos,0,detectium_fire/non_fire/1665987753_clip_004.mp4,18,2,7,2339,1,0.32676541805267334,8.52089900217834,0,NO_REAL_FIRE,3407.822336997924,5,False,1,,8.52089900217834
nonfire_videos,0,detectium_fire/non_fire/1665987753_clip_004.mp4,18,3,14,2340,1,0.25631046295166016,32.24034900267725,0,NO_REAL_FIRE,4104.741568000463,5,True,0,NO_REAL_FIRE,4979.824734000431
nonfire_videos,0,detectium_fire/non_fire/1665987753_clip_004.mp4,18,4,21,2341,0,0.0,32.81416899699252,0,NO_REAL_FIRE,4443.265500001871,5,False,0,,32.81416899699252
nonfire_videos,0,detectium_fire/non_fire/1665987753_clip_004.mp4,18,5,28,2342,1,0.3483504354953766,11.229015999560943,0,NO_REAL_FIRE,4962.168244001077,5,False,1,,11.229015999560943
nonfire_videos,0,detectium_fire/non_fire/1665987753_clip_004.mp4,18,6,35,2343,1,0.31080907583236694,32.269319002807606,0,NO_REAL_FIRE,4266.519339998922,5,False,1,,32.269319002807606
nonfire_videos,0,detectium_fire/non_fire/1665987753_clip_004.mp4,18,7,42,2344,1,0.2833331525325775,12.471774000005098,0,NO_REAL_FIRE,3964.6696999989217,5,False,1,,12.471774000005098
nonfire_videos,0,detectium_fire/non_fire/1665987753_clip_004.mp4,18,8,49,2345,1,0.27534162998199463,14.395191999938106,0,NO_REAL_FIRE,3608.8667180010816,5,True,0,NO_REAL_FIRE,2928.554346002784
nonfire_videos,0,detectium_fire/non_fire/1665987753_clip_004.mp4,18,9,56,2346,0,0.0,32.20302900081151,0,NO_REAL_FIRE,4808.817863999138,5,False,0,,32.20302900081151
nonfire_videos,0,detectium_fire/non_fire/1665987753_clip_004.mp4,18,10,63,2347,1,0.34949803352355957,32.23994899963145,0,NO_REAL_FIRE,4160.030072001973,5,False,1,,32.23994899963145
nonfire_videos,0,detectium_fire/non_fire/1665987753_clip_004.mp4,18,11,71,2348,1,0.338861346244812,17.48179700007313,0,NO_REAL_FIRE,4950.155802998779,5,False,1,,17.48179700007313
nonfire_videos,0,detectium_fire/non_fire/1665987753_clip_004.mp4,18,12,78,2349,1,0.30298054218292236,32.23681899908115,0,NO_REAL_FIRE,3651.424321000377,5,False,1,,32.23681899908115
nonfire_videos,0,detectium_fire/non_fire/1665987753_clip_004.mp4,18,13,85,2350,0,0.0,8.485590002237586,0,NO_REAL_FIRE,3492.076952003117,5,True,0,NO_REAL_FIRE,3812.4649679994036
nonfire_videos,0,detectium_fire/non_fire/1665987753_clip_004.mp4,18,14,92,2351,0,0.0,9.228438000718597,0,NO_REAL_FIRE,4382.51415799823,5,False,0,,9.228438000718597
nonfire_videos,0,detectium_fire/non_fire/1665987753_clip_004.mp4,18,15,99,2352,0,0.0,32.18744900004822,0,NO_REAL_FIRE,3222.749541000667,5,False,0,,32.18744900004822
nonfire_videos,0,detectium_fire/non_fire/1665987753_clip_004.mp4,18,16,106,2353,0,0.0,32.190009998885216,0,NO_REAL_FIRE,4581.893734000914,5,False,0,,32.190009998885216
nonfire_videos,0,detectium_fire/non_fire/1665987753_clip_004.mp4,18,17,113,2354,0,0.0,9.904178001306718,0,NO_REAL_FIRE,3989.0894110030786,5,False,0,,9.904178001306718
nonfire_videos,0,detectium_fire/non_fire/1665987753_clip_004.mp4,18,18,120,2355,0,0.0,9.736077998240944,0,NO_REAL_FIRE,3768.496258999221,5,True,0,NO_REAL_FIRE,4663.103508995846
nonfire_videos,0,detectium_fire/non_fire/1665987753_clip_004.mp4,18,19,127,2356,0,0.0,8.90706900099758,0,NO_REAL_FIRE,3744.5100889999594,5,False,0,,8.90706900099758
nonfire_videos,0,detectium_fire/non_fire/1665987753_clip_004.mp4,18,20,134,2357,0,0.0,11.168876000738237,0,NO_REAL_FIRE,3259.086871999898,5,False,0,,11.168876000738237
nonfire_videos,0,detectium_fire/non_fire/1670819098_clip_001.mp4,19,1,0,2358,0,0.0,8.460478999040788,0,NO_REAL_FIRE,2725.717145996896,5,False,0,,8.460478999040788
nonfire_videos,0,detectium_fire/non_fire/1670819098_clip_001.mp4,19,2,12,2359,0,0.0,21.569913002167596,0,NO_REAL_FIRE,2750.632683000731,5,False,0,,21.569913002167596
nonfire_videos,0,detectium_fire/non_fire/1670819098_clip_001.mp4,19,3,24,2360,0,0.0,9.2230379996181,0,NO_REAL_FIRE,2764.8462659999495,5,True,0,NO_REAL_FIRE,3447.142082000937
nonfire_videos,0,detectium_fire/non_fire/1670819098_clip_001.mp4,19,4,36,2361,0,0.0,20.013313998788362,0,NO_REAL_FIRE,4875.150286999997,5,False,0,,20.013313998788362
nonfire_videos,0,detectium_fire/non_fire/1670819098_clip_001.mp4,19,5,48,2362,0,0.0,29.37683200070751,0,NO_REAL_FIRE,3297.2242219984764,5,False,0,,29.37683200070751
nonfire_videos,0,detectium_fire/non_fire/1670819098_clip_001.mp4,19,6,60,2363,0,0.0,30.60669200203847,0,NO_REAL_FIRE,3045.8351490015048,5,False,0,,30.60669200203847
nonfire_videos,0,detectium_fire/non_fire/1670819098_clip_001.mp4,19,7,72,2364,0,0.0,15.373580001323717,0,NO_REAL_FIRE,3150.1154770012363,5,False,0,,15.373580001323717
nonfire_videos,0,detectium_fire/non_fire/1670819098_clip_001.mp4,19,8,84,2365,0,0.0,22.18758199887816,0,NO_REAL_FIRE,2832.1844679994683,5,True,0,NO_REAL_FIRE,2722.9368160005833
nonfire_videos,0,detectium_fire/non_fire/1670819098_clip_001.mp4,19,9,96,2366,0,0.0,8.457440002530348,0,NO_REAL_FIRE,2672.886488999211,5,False,0,,8.457440002530348
nonfire_videos,0,detectium_fire/non_fire/1670819098_clip_001.mp4,19,10,108,2367,0,0.0,8.44773999779136,0,NO_REAL_FIRE,3170.7798200004618,5,False,0,,8.44773999779136
nonfire_videos,0,detectium_fire/non_fire/1670819098_clip_001.mp4,19,11,121,2368,0,0.0,32.22765900136437,0,NO_REAL_FIRE,3385.742816997663,5,False,0,,32.22765900136437
nonfire_videos,0,detectium_fire/non_fire/1670819098_clip_001.mp4,19,12,133,2369,0,0.0,20.651303999329684,0,NO_REAL_FIRE,3052.9911980011093,5,False,0,,20.651303999329684
nonfire_videos,0,detectium_fire/non_fire/1670819098_clip_001.mp4,19,13,145,2370,0,0.0,19.515466003213078,0,NO_REAL_FIRE,3397.255880998273,5,True,0,NO_REAL_FIRE,2842.6600430029794
nonfire_videos,0,detectium_fire/non_fire/1670819098_clip_001.mp4,19,14,157,2371,0,0.0,9.191547997033922,0,NO_REAL_FIRE,3427.997991999291,5,False,0,,9.191547997033922
nonfire_videos,0,detectium_fire/non_fire/1670819098_clip_001.mp4,19,15,169,2372,0,0.0,8.46895900031086,0,NO_REAL_FIRE,2778.3780329991714,5,False,0,,8.46895900031086
nonfire_videos,0,detectium_fire/non_fire/1670819098_clip_001.mp4,19,16,181,2373,0,0.0,8.48344900077791,0,NO_REAL_FIRE,3259.608925000066,5,False,0,,8.48344900077791
nonfire_videos,0,detectium_fire/non_fire/1670819098_clip_001.mp4,19,17,193,2374,0,0.0,22.759911000321154,0,NO_REAL_FIRE,3236.7670419989736,5,False,0,,22.759911000321154
nonfire_videos,0,detectium_fire/non_fire/1670819098_clip_001.mp4,19,18,205,2375,0,0.0,8.425588999671163,0,NO_REAL_FIRE,2624.187368001003,5,True,0,NO_REAL_FIRE,3600.7941809984914
nonfire_videos,0,detectium_fire/non_fire/1670819098_clip_001.mp4,19,19,217,2376,0,0.0,8.445348998066038,0,NO_REAL_FIRE,3020.536494997941,5,False,0,,8.445348998066038
nonfire_videos,0,detectium_fire/non_fire/1670819098_clip_001.mp4,19,20,229,2377,0,0.0,8.439989000180503,0,NO_REAL_FIRE,4097.708171000704,5,False,0,,8.439989000180503
nonfire_videos,0,detectium_fire/non_fire/1672675531_clip_001.mp4,20,1,0,2378,1,0.378971129655838,11.861945000418928,0,NO_REAL_FIRE,2797.3889779968886,5,False,1,,11.861945000418928
nonfire_videos,0,detectium_fire/non_fire/1672675531_clip_001.mp4,20,2,14,2379,0,0.0,32.12725900084479,0,NO_REAL_FIRE,3281.3419150006666,5,False,0,,32.12725900084479
nonfire_videos,0,detectium_fire/non_fire/1672675531_clip_001.mp4,20,3,27,2380,1,0.3731161057949066,32.816818998981034,0,NO_REAL_FIRE,3513.8540289990488,5,True,0,NO_REAL_FIRE,3212.3553209967213
nonfire_videos,0,detectium_fire/non_fire/1672675531_clip_001.mp4,20,4,41,2381,1,0.5249312520027161,10.713327003031736,0,NO_REAL_FIRE,3008.5720979986945,5,False,1,,10.713327003031736
nonfire_videos,0,detectium_fire/non_fire/1672675531_clip_001.mp4,20,5,54,2382,0,0.0,8.417670000198996,0,NO_REAL_FIRE,2568.974404999608,5,False,0,,8.417670000198996
nonfire_videos,0,detectium_fire/non_fire/1672675531_clip_001.mp4,20,6,68,2383,0,0.0,16.81107800322934,0,NO_REAL_FIRE,2767.908104000526,5,False,0,,16.81107800322934
nonfire_videos,0,detectium_fire/non_fire/1672675531_clip_001.mp4,20,7,81,2384,0,0.0,9.307037998951273,0,NO_REAL_FIRE,3001.715776998026,5,False,0,,9.307037998951273
nonfire_videos,0,detectium_fire/non_fire/1672675531_clip_001.mp4,20,8,95,2385,0,0.0,9.197888000926469,0,NO_REAL_FIRE,3404.5044359991152,5,True,0,NO_REAL_FIRE,3718.271197998547
nonfire_videos,0,detectium_fire/non_fire/1672675531_clip_001.mp4,20,9,108,2386,1,0.6234238743782043,8.526698999048676,0,NO_REAL_FIRE,3366.4302440010943,5,False,1,,8.526698999048676
nonfire_videos,0,detectium_fire/non_fire/1672675531_clip_001.mp4,20,10,122,2387,1,0.5644844174385071,8.490059000905603,0,NO_REAL_FIRE,2615.239474998816,5,False,1,,8.490059000905603
nonfire_videos,0,detectium_fire/non_fire/1672675531_clip_001.mp4,20,11,135,2388,0,0.0,16.615568001725478,0,NO_REAL_FIRE,2940.1541039987933,5,False,0,,16.615568001725478
nonfire_videos,0,detectium_fire/non_fire/1672675531_clip_001.mp4,20,12,149,2389,1,0.36241868138313293,8.51359900116222,0,NO_REAL_FIRE,4954.466548999335,5,False,1,,8.51359900116222
nonfire_videos,0,detectium_fire/non_fire/1672675531_clip_001.mp4,20,13,162,2390,1,0.43651917576789856,32.208078999246936,0,NO_REAL_FIRE,3371.7779549988336,5,True,0,NO_REAL_FIRE,3413.9194719973602
nonfire_videos,0,detectium_fire/non_fire/1672675531_clip_001.mp4,20,14,176,2391,1,0.3288986384868622,31.482679998589447,0,NO_REAL_FIRE,2570.9973400007584,5,False,1,,31.482679998589447
nonfire_videos,0,detectium_fire/non_fire/1672675531_clip_001.mp4,20,15,189,2392,1,0.4112110733985901,8.530058999895118,0,NO_REAL_FIRE,2708.4324460010976,5,False,1,,8.530058999895118
nonfire_videos,0,detectium_fire/non_fire/1672675531_clip_001.mp4,20,16,203,2393,1,0.4881330728530884,11.606945001403801,0,NO_REAL_FIRE,4031.0205690002476,5,False,1,,11.606945001403801
nonfire_videos,0,detectium_fire/non_fire/1672675531_clip_001.mp4,20,17,216,2394,0,0.0,22.94420000180253,0,NO_REAL_FIRE,3663.434543999756,5,False,0,,22.94420000180253
nonfire_videos,0,detectium_fire/non_fire/1672675531_clip_001.mp4,20,18,230,2395,0,0.0,11.59566500064102,0,NO_REAL_FIRE,3626.1763000002247,5,True,0,NO_REAL_FIRE,3075.492779000342
nonfire_videos,0,detectium_fire/non_fire/1672675531_clip_001.mp4,20,19,243,2396,0,0.0,12.109433999285102,0,NO_REAL_FIRE,2873.500534999039,5,False,0,,12.109433999285102
nonfire_videos,0,detectium_fire/non_fire/1672675531_clip_001.mp4,20,20,257,2397,0,0.0,8.492239001498092,0,NO_REAL_FIRE,3743.289770998672,5,False,0,,8.492239001498092
nonfire_videos,0,detectium_fire/non_fire/1673111603_clip_001.mp4,21,1,0,2398,0,0.0,13.28801399722579,0,NO_REAL_FIRE,3389.6557199987,5,False,0,,13.28801399722579
nonfire_videos,0,detectium_fire/non_fire/1673111603_clip_001.mp4,21,2,15,2399,0,0.0,8.6402189990622,0,NO_REAL_FIRE,3609.326819998387,5,False,0,,8.6402189990622
nonfire_videos,0,detectium_fire/non_fire/1673111603_clip_001.mp4,21,3,30,2400,0,0.0,31.913198999973247,0,NO_REAL_FIRE,2811.42754299799,5,True,0,NO_REAL_FIRE,3279.2612480006937
nonfire_videos,0,detectium_fire/non_fire/1673111603_clip_001.mp4,21,4,46,2401,0,0.0,30.283781998150516,0,NO_REAL_FIRE,4683.444745998713,5,False,0,,30.283781998150516
nonfire_videos,0,detectium_fire/non_fire/1673111603_clip_001.mp4,21,5,61,2402,0,0.0,32.19163899848354,0,NO_REAL_FIRE,2841.333983000368,5,False,0,,32.19163899848354
nonfire_videos,0,detectium_fire/non_fire/1673111603_clip_001.mp4,21,6,76,2403,0,0.0,32.14678899894352,0,NO_REAL_FIRE,3362.423962000321,5,False,0,,32.14678899894352
nonfire_videos,0,detectium_fire/non_fire/1673111603_clip_001.mp4,21,7,91,2404,0,0.0,9.317587999248644,0,NO_REAL_FIRE,2765.1414100000693,5,False,0,,9.317587999248644
nonfire_videos,0,detectium_fire/non_fire/1673111603_clip_001.mp4,21,8,106,2405,0,0.0,14.581991999875754,0,NO_REAL_FIRE,2768.156286001613,5,True,0,NO_REAL_FIRE,2734.3375199998263
nonfire_videos,0,detectium_fire/non_fire/1673111603_clip_001.mp4,21,9,122,2406,0,0.0,12.020964997645933,0,NO_REAL_FIRE,3120.969966999837,5,False,0,,12.020964997645933
nonfire_videos,0,detectium_fire/non_fire/1673111603_clip_001.mp4,21,10,137,2407,1,0.2647724151611328,32.18284899776336,0,NO_REAL_FIRE,3359.725153997715,5,False,1,,32.18284899776336
nonfire_videos,0,detectium_fire/non_fire/1673111603_clip_001.mp4,21,11,152,2408,0,0.0,31.221770001138793,0,NO_REAL_FIRE,3500.4533149985946,5,False,0,,31.221770001138793
nonfire_videos,0,detectium_fire/non_fire/1673111603_clip_001.mp4,21,12,167,2409,0,0.0,32.093129000713816,0,NO_REAL_FIRE,3672.5230070005637,5,False,0,,32.093129000713816
nonfire_videos,0,detectium_fire/non_fire/1673111603_clip_001.mp4,21,13,183,2410,0,0.0,8.731828998861602,0,NO_REAL_FIRE,3191.6384959986317,5,True,0,NO_REAL_FIRE,3296.074433998001
nonfire_videos,0,detectium_fire/non_fire/1673111603_clip_001.mp4,21,14,198,2411,0,0.0,15.874988999712514,0,NO_REAL_FIRE,3293.859417000931,5,False,0,,15.874988999712514
nonfire_videos,0,detectium_fire/non_fire/1673111603_clip_001.mp4,21,15,213,2412,0,0.0,32.85568800129113,0,NO_REAL_FIRE,2926.847071998054,5,False,0,,32.85568800129113
nonfire_videos,0,detectium_fire/non_fire/1673111603_clip_001.mp4,21,16,228,2413,0,0.0,8.806358997389907,0,NO_REAL_FIRE,2931.5636460014503,5,False,0,,8.806358997389907
nonfire_videos,0,detectium_fire/non_fire/1673111603_clip_001.mp4,21,17,243,2414,0,0.0,15.851120002480457,0,NO_REAL_FIRE,3288.2549230016593,5,False,0,,15.851120002480457
nonfire_videos,0,detectium_fire/non_fire/1673111603_clip_001.mp4,21,18,259,2415,0,0.0,32.15275900220149,0,NO_REAL_FIRE,3066.4744040004734,5,True,0,NO_REAL_FIRE,3826.7910980030138
nonfire_videos,0,detectium_fire/non_fire/1673111603_clip_001.mp4,21,19,274,2416,0,0.0,8.642689001135295,0,NO_REAL_FIRE,2788.0685980017006,5,False,0,,8.642689001135295
nonfire_videos,0,detectium_fire/non_fire/1673111603_clip_001.mp4,21,20,289,2417,0,0.0,8.615749000455253,0,NO_REAL_FIRE,2804.2323170011514,5,False,0,,8.615749000455253
nonfire_videos,0,detectium_fire/non_fire/1673111603_clip_002.mp4,22,1,0,2418,0,0.0,32.81132899792283,0,NO_REAL_FIRE,3331.8635249997897,5,False,0,,32.81132899792283
nonfire_videos,0,detectium_fire/non_fire/1673111603_clip_002.mp4,22,2,4,2419,0,0.0,32.17753900025855,0,NO_REAL_FIRE,3589.6978189994115,5,False,0,,32.17753900025855
nonfire_videos,0,detectium_fire/non_fire/1673111603_clip_002.mp4,22,3,7,2420,0,0.0,12.604193998413393,0,NO_REAL_FIRE,3321.5191290000803,5,True,0,NO_REAL_FIRE,3580.6694889979553
nonfire_videos,0,detectium_fire/non_fire/1673111603_clip_002.mp4,22,4,11,2421,0,0.0,32.841047999681905,0,NO_REAL_FIRE,3159.9561430011818,5,False,0,,32.841047999681905
nonfire_videos,0,detectium_fire/non_fire/1673111603_clip_002.mp4,22,5,15,2422,0,0.0,32.10630900139222,0,NO_REAL_FIRE,4014.6793050007545,5,False,0,,32.10630900139222
nonfire_videos,0,detectium_fire/non_fire/1673111603_clip_002.mp4,22,6,18,2423,0,0.0,9.59586699900683,0,NO_REAL_FIRE,3349.656567999773,5,False,0,,9.59586699900683
nonfire_videos,0,detectium_fire/non_fire/1673111603_clip_002.mp4,22,7,22,2424,0,0.0,12.331226000242168,0,NO_REAL_FIRE,2545.5854659994657,5,False,0,,12.331226000242168
nonfire_videos,0,detectium_fire/non_fire/1673111603_clip_002.mp4,22,8,25,2425,0,0.0,14.527252002153546,0,NO_REAL_FIRE,2817.548787003034,5,True,0,NO_REAL_FIRE,2937.6464140004828
nonfire_videos,0,detectium_fire/non_fire/1673111603_clip_002.mp4,22,9,29,2426,0,0.0,15.546930000709835,0,NO_REAL_FIRE,3465.035524997802,5,False,0,,15.546930000709835
nonfire_videos,0,detectium_fire/non_fire/1673111603_clip_002.mp4,22,10,33,2427,0,0.0,22.80849599992507,0,NO_REAL_FIRE,2870.4511240030115,5,False,0,,22.80849599992507
nonfire_videos,0,detectium_fire/non_fire/1673111603_clip_002.mp4,22,11,36,2428,0,0.0,32.178577999729896,0,NO_REAL_FIRE,4149.42762499777,5,False,0,,32.178577999729896
nonfire_videos,0,detectium_fire/non_fire/1673111603_clip_002.mp4,22,12,40,2429,0,0.0,12.59129600293818,0,NO_REAL_FIRE,2621.7325139987224,5,False,0,,12.59129600293818
nonfire_videos,0,detectium_fire/non_fire/1673111603_clip_002.mp4,22,13,44,2430,0,0.0,9.14368200028548,0,NO_REAL_FIRE,2498.79098800011,5,True,0,NO_REAL_FIRE,3044.0777209987573
nonfire_videos,0,detectium_fire/non_fire/1673111603_clip_002.mp4,22,14,47,2431,0,0.0,25.05509299953701,0,NO_REAL_FIRE,3661.894120999932,5,False,0,,25.05509299953701
nonfire_videos,0,detectium_fire/non_fire/1673111603_clip_002.mp4,22,15,51,2432,0,0.0,31.99833899998339,0,NO_REAL_FIRE,3485.0739130015427,5,False,0,,31.99833899998339
nonfire_videos,0,detectium_fire/non_fire/1673111603_clip_002.mp4,22,16,54,2433,0,0.0,32.139339000423206,0,NO_REAL_FIRE,4397.910290001164,5,False,0,,32.139339000423206
nonfire_videos,0,detectium_fire/non_fire/1673111603_clip_002.mp4,22,17,58,2434,0,0.0,14.790061999519821,0,NO_REAL_FIRE,4483.960707999358,5,False,0,,14.790061999519821
nonfire_videos,0,detectium_fire/non_fire/1673111603_clip_002.mp4,22,18,62,2435,0,0.0,8.542013998521725,0,NO_REAL_FIRE,3399.227231999248,5,True,0,NO_REAL_FIRE,2700.242183997034
nonfire_videos,0,detectium_fire/non_fire/1673111603_clip_002.mp4,22,19,65,2436,0,0.0,8.462813999358332,0,NO_REAL_FIRE,3377.610995001305,5,False,0,,8.462813999358332
nonfire_videos,0,detectium_fire/non_fire/1673111603_clip_002.mp4,22,20,69,2437,0,0.0,12.264637000043876,0,NO_REAL_FIRE,3385.8224700015853,5,False,0,,12.264637000043876
nonfire_videos,0,detectium_fire/non_fire/1678575757_clip_001.mp4,23,1,0,2438,0,0.0,32.17414900063886,0,NO_REAL_FIRE,3019.6988909992797,5,False,0,,32.17414900063886
nonfire_videos,0,detectium_fire/non_fire/1678575757_clip_001.mp4,23,2,12,2439,0,0.0,32.16094999879715,0,NO_REAL_FIRE,2667.5458700010495,5,False,0,,32.16094999879715
nonfire_videos,0,detectium_fire/non_fire/1678575757_clip_001.mp4,23,3,24,2440,0,0.0,12.858865997259272,0,NO_REAL_FIRE,2744.7849630007113,5,True,0,NO_REAL_FIRE,4258.994728996186
nonfire_videos,0,detectium_fire/non_fire/1678575757_clip_001.mp4,23,4,36,2441,0,0.0,14.832143002422526,0,NO_REAL_FIRE,3280.1564930014138,5,False,0,,14.832143002422526
nonfire_videos,0,detectium_fire/non_fire/1678575757_clip_001.mp4,23,5,48,2442,0,0.0,10.528020000492688,0,NO_REAL_FIRE,2819.6321920004266,5,False,0,,10.528020000492688
nonfire_videos,0,detectium_fire/non_fire/1678575757_clip_001.mp4,23,6,60,2443,0,0.0,14.349424000101862,0,NO_REAL_FIRE,2868.5521090010297,5,False,0,,14.349424000101862
nonfire_videos,0,detectium_fire/non_fire/1678575757_clip_001.mp4,23,7,72,2444,0,0.0,8.469914999295725,0,NO_REAL_FIRE,2661.785461001273,5,False,0,,8.469914999295725
nonfire_videos,0,detectium_fire/non_fire/1678575757_clip_001.mp4,23,8,84,2445,0,0.0,32.18887099865242,0,NO_REAL_FIRE,3398.8296410025214,5,True,0,NO_REAL_FIRE,4271.896566999203
nonfire_videos,0,detectium_fire/non_fire/1678575757_clip_001.mp4,23,9,96,2446,0,0.0,32.8350390009291,0,NO_REAL_FIRE,3308.487342997978,5,False,0,,32.8350390009291
nonfire_videos,0,detectium_fire/non_fire/1678575757_clip_001.mp4,23,10,108,2447,0,0.0,32.21039100026246,0,NO_REAL_FIRE,2938.657607002824,5,False,0,,32.21039100026246
nonfire_videos,0,detectium_fire/non_fire/1678575757_clip_001.mp4,23,11,121,2448,0,0.0,32.13528099877294,0,NO_REAL_FIRE,2602.8089430001273,5,False,0,,32.13528099877294
nonfire_videos,0,detectium_fire/non_fire/1678575757_clip_001.mp4,23,12,133,2449,0,0.0,12.853946998802712,0,NO_REAL_FIRE,2606.8897910008673,5,False,0,,12.853946998802712
nonfire_videos,0,detectium_fire/non_fire/1678575757_clip_001.mp4,23,13,145,2450,0,0.0,8.709024001291255,0,NO_REAL_FIRE,3109.4612250017235,5,True,0,NO_REAL_FIRE,3202.763704000972
nonfire_videos,0,detectium_fire/non_fire/1678575757_clip_001.mp4,23,14,157,2451,0,0.0,32.188612000027206,0,NO_REAL_FIRE,3010.345345999667,5,False,0,,32.188612000027206
nonfire_videos,0,detectium_fire/non_fire/1678575757_clip_001.mp4,23,15,169,2452,0,0.0,16.188610999961384,0,NO_REAL_FIRE,2652.157688000443,5,False,0,,16.188610999961384
nonfire_videos,0,detectium_fire/non_fire/1678575757_clip_001.mp4,23,16,181,2453,0,0.0,8.439534998615272,0,NO_REAL_FIRE,2564.312245001929,5,False,0,,8.439534998615272
nonfire_videos,0,detectium_fire/non_fire/1678575757_clip_001.mp4,23,17,193,2454,0,0.0,32.13452099953429,0,NO_REAL_FIRE,2875.250134999078,5,False,0,,32.13452099953429
nonfire_videos,0,detectium_fire/non_fire/1678575757_clip_001.mp4,23,18,205,2455,0,0.0,11.03447000059532,0,NO_REAL_FIRE,3308.628212998883,5,True,0,NO_REAL_FIRE,2835.085803999391
nonfire_videos,0,detectium_fire/non_fire/1678575757_clip_001.mp4,23,19,217,2456,0,0.0,31.6806529990572,0,NO_REAL_FIRE,2799.2478250016575,5,False,0,,31.6806529990572
nonfire_videos,0,detectium_fire/non_fire/1678575757_clip_001.mp4,23,20,229,2457,0,0.0,10.36226100040949,0,NO_REAL_FIRE,2911.5209199990204,5,False,0,,10.36226100040949
nonfire_videos,0,detectium_fire/non_fire/1678575757_clip_002.mp4,24,1,0,2458,0,0.0,28.069748997950228,0,NO_REAL_FIRE,2882.2186999968835,5,False,0,,28.069748997950228
nonfire_videos,0,detectium_fire/non_fire/1678575757_clip_002.mp4,24,2,12,2459,0,0.0,8.862493999913568,0,NO_REAL_FIRE,2738.4016579999297,5,False,0,,8.862493999913568
nonfire_videos,0,detectium_fire/non_fire/1678575757_clip_002.mp4,24,3,24,2460,0,0.0,8.544674998120172,0,NO_REAL_FIRE,3003.171606000251,5,True,0,NO_REAL_FIRE,3365.5543719978596
nonfire_videos,0,detectium_fire/non_fire/1678575757_clip_002.mp4,24,4,36,2461,0,0.0,21.067532001325162,0,NO_REAL_FIRE,3434.7427370012156,5,False,0,,21.067532001325162
nonfire_videos,0,detectium_fire/non_fire/1678575757_clip_002.mp4,24,5,48,2462,0,0.0,22.325809997710166,0,NO_REAL_FIRE,3266.4838189994043,5,False,0,,22.325809997710166
nonfire_videos,0,detectium_fire/non_fire/1678575757_clip_002.mp4,24,6,60,2463,0,0.0,8.476684000925161,0,NO_REAL_FIRE,2863.9168800000334,5,False,0,,8.476684000925161
nonfire_videos,0,detectium_fire/non_fire/1678575757_clip_002.mp4,24,7,72,2464,0,0.0,8.404224001424154,0,NO_REAL_FIRE,2701.753347999329,5,False,0,,8.404224001424154
nonfire_videos,0,detectium_fire/non_fire/1678575757_clip_002.mp4,24,8,84,2465,0,0.0,9.321124001871794,0,NO_REAL_FIRE,2533.0999460020394,5,True,0,NO_REAL_FIRE,3580.012942002213
nonfire_videos,0,detectium_fire/non_fire/1678575757_clip_002.mp4,24,9,96,2466,0,0.0,18.869505998736713,0,NO_REAL_FIRE,3537.8122570000414,5,False,0,,18.869505998736713
nonfire_videos,0,detectium_fire/non_fire/1678575757_clip_002.mp4,24,10,108,2467,0,0.0,32.193191997066606,0,NO_REAL_FIRE,2766.345361000276,5,False,0,,32.193191997066606
nonfire_videos,0,detectium_fire/non_fire/1678575757_clip_002.mp4,24,11,121,2468,0,0.0,8.748633998038713,0,NO_REAL_FIRE,2706.911843000853,5,False,0,,8.748633998038713
nonfire_videos,0,detectium_fire/non_fire/1678575757_clip_002.mp4,24,12,133,2469,0,0.0,8.81798400223488,0,NO_REAL_FIRE,2761.3033529996756,5,False,0,,8.81798400223488
nonfire_videos,0,detectium_fire/non_fire/1678575757_clip_002.mp4,24,13,145,2470,0,0.0,9.599413002433721,0,NO_REAL_FIRE,2633.394436001254,5,True,0,NO_REAL_FIRE,2840.934283001843
nonfire_videos,0,detectium_fire/non_fire/1678575757_clip_002.mp4,24,14,157,2471,0,0.0,27.856871001858963,0,NO_REAL_FIRE,2702.920173996972,5,False,0,,27.856871001858963
nonfire_videos,0,detectium_fire/non_fire/1678575757_clip_002.mp4,24,15,169,2472,0,0.0,8.751053999731084,0,NO_REAL_FIRE,2962.0538929993927,5,False,0,,8.751053999731084
nonfire_videos,0,detectium_fire/non_fire/1678575757_clip_002.mp4,24,16,181,2473,0,0.0,32.15616299712565,0,NO_REAL_FIRE,3390.936823001539,5,False,0,,32.15616299712565
nonfire_videos,0,detectium_fire/non_fire/1678575757_clip_002.mp4,24,17,193,2474,0,0.0,19.182506002834998,0,NO_REAL_FIRE,3262.0715490011207,5,False,0,,19.182506002834998
nonfire_videos,0,detectium_fire/non_fire/1678575757_clip_002.mp4,24,18,205,2475,0,0.0,32.15114399790764,0,NO_REAL_FIRE,3286.4089949980553,5,True,0,NO_REAL_FIRE,3296.211355998821
nonfire_videos,0,detectium_fire/non_fire/1678575757_clip_002.mp4,24,19,217,2476,0,0.0,31.85105399825261,0,NO_REAL_FIRE,2762.686340000073,5,False,0,,31.85105399825261
nonfire_videos,0,detectium_fire/non_fire/1678575757_clip_002.mp4,24,20,229,2477,0,0.0,10.980851002386771,0,NO_REAL_FIRE,3263.300929000252,5,False,0,,10.980851002386771
nonfire_videos,0,detectium_fire/non_fire/1678575757_clip_003.mp4,25,1,0,2478,0,0.0,31.273115000658436,0,NO_REAL_FIRE,3281.671926000854,5,False,0,,31.273115000658436
nonfire_videos,0,detectium_fire/non_fire/1678575757_clip_003.mp4,25,2,10,2479,0,0.0,32.23095399880549,0,NO_REAL_FIRE,3214.379891000135,5,False,0,,32.23095399880549
nonfire_videos,0,detectium_fire/non_fire/1678575757_clip_003.mp4,25,3,20,2480,0,0.0,8.739585002331296,0,NO_REAL_FIRE,2637.515115999122,5,True,0,NO_REAL_FIRE,2756.5597640023043
nonfire_videos,0,detectium_fire/non_fire/1678575757_clip_003.mp4,25,4,30,2481,0,0.0,10.681750998628559,0,NO_REAL_FIRE,2952.379729002132,5,False,0,,10.681750998628559
nonfire_videos,0,detectium_fire/non_fire/1678575757_clip_003.mp4,25,5,40,2482,0,0.0,32.898943001782754,0,NO_REAL_FIRE,2671.366634000151,5,False,0,,32.898943001782754
nonfire_videos,0,detectium_fire/non_fire/1678575757_clip_003.mp4,25,6,51,2483,0,0.0,9.369212999445153,0,NO_REAL_FIRE,2822.0976880002127,5,False,0,,9.369212999445153
nonfire_videos,0,detectium_fire/non_fire/1678575757_clip_003.mp4,25,7,61,2484,0,0.0,12.082658999133855,0,NO_REAL_FIRE,2741.7840020025324,5,False,0,,12.082658999133855
nonfire_videos,0,detectium_fire/non_fire/1678575757_clip_003.mp4,25,8,71,2485,0,0.0,32.2162339980423,0,NO_REAL_FIRE,2902.984689000732,5,True,0,NO_REAL_FIRE,2907.966625996778
nonfire_videos,0,detectium_fire/non_fire/1678575757_clip_003.mp4,25,9,81,2486,0,0.0,11.078141000325559,0,NO_REAL_FIRE,2736.792327999865,5,False,0,,11.078141000325559
nonfire_videos,0,detectium_fire/non_fire/1678575757_clip_003.mp4,25,10,91,2487,0,0.0,9.570094000082463,0,NO_REAL_FIRE,2863.469995001651,5,False,0,,9.570094000082463
nonfire_videos,0,detectium_fire/non_fire/1678575757_clip_003.mp4,25,11,101,2488,0,0.0,8.442764999927022,0,NO_REAL_FIRE,3572.177609999926,5,False,0,,8.442764999927022
nonfire_videos,0,detectium_fire/non_fire/1678575757_clip_003.mp4,25,12,111,2489,0,0.0,10.407752000901382,0,NO_REAL_FIRE,4821.586328998819,5,False,0,,10.407752000901382
nonfire_videos,0,detectium_fire/non_fire/1678575757_clip_003.mp4,25,13,121,2490,0,0.0,32.23904499827768,0,NO_REAL_FIRE,3317.291469000338,5,True,0,NO_REAL_FIRE,2627.4934299981396
nonfire_videos,0,detectium_fire/non_fire/1678575757_clip_003.mp4,25,14,131,2491,0,0.0,9.191014996758895,0,NO_REAL_FIRE,4105.909562000306,5,False,0,,9.191014996758895
nonfire_videos,0,detectium_fire/non_fire/1678575757_clip_003.mp4,25,15,141,2492,0,0.0,24.79963699806831,0,NO_REAL_FIRE,3116.463415997714,5,False,0,,24.79963699806831
nonfire_videos,0,detectium_fire/non_fire/1678575757_clip_003.mp4,25,16,152,2493,0,0.0,8.446654999715975,0,NO_REAL_FIRE,3088.9089990014327,5,False,0,,8.446654999715975
nonfire_videos,0,detectium_fire/non_fire/1678575757_clip_003.mp4,25,17,162,2494,0,0.0,32.21662500072853,0,NO_REAL_FIRE,3116.372839001997,5,False,0,,32.21662500072853
nonfire_videos,0,detectium_fire/non_fire/1678575757_clip_003.mp4,25,18,172,2495,0,0.0,32.22253500280203,0,NO_REAL_FIRE,3385.3058680033428,5,True,0,NO_REAL_FIRE,2833.24076500503
nonfire_videos,0,detectium_fire/non_fire/1678575757_clip_003.mp4,25,19,182,2496,0,0.0,8.770535001531243,0,NO_REAL_FIRE,2798.21862999961,5,False,0,,8.770535001531243
nonfire_videos,0,detectium_fire/non_fire/1678575757_clip_003.mp4,25,20,192,2497,0,0.0,15.467854002054082,0,NO_REAL_FIRE,3168.369596998673,5,False,0,,15.467854002054082
nonfire_videos,0,detectium_fire/non_fire/1694496253_clip_001.mp4,26,1,0,2498,0,0.0,10.376761998486472,0,NO_REAL_FIRE,2635.896577001404,5,False,0,,10.376761998486472
nonfire_videos,0,detectium_fire/non_fire/1694496253_clip_001.mp4,26,2,15,2499,0,0.0,9.687383997516008,0,NO_REAL_FIRE,3318.257614999311,5,False,0,,9.687383997516008
nonfire_videos,0,detectium_fire/non_fire/1694496253_clip_001.mp4,26,3,30,2500,0,0.0,9.179025000776164,0,NO_REAL_FIRE,3533.46030800094,5,True,0,NO_REAL_FIRE,3334.0319950002595
nonfire_videos,0,detectium_fire/non_fire/1694496253_clip_001.mp4,26,4,46,2501,0,0.0,32.24346600109129,0,NO_REAL_FIRE,4268.508734003262,5,False,0,,32.24346600109129
nonfire_videos,0,detectium_fire/non_fire/1694496253_clip_001.mp4,26,5,61,2502,0,0.0,8.490374999382766,0,NO_REAL_FIRE,3939.456030999281,5,False,0,,8.490374999382766
nonfire_videos,0,detectium_fire/non_fire/1694496253_clip_001.mp4,26,6,76,2503,0,0.0,24.567768999986583,0,NO_REAL_FIRE,4791.081277999183,5,False,0,,24.567768999986583
nonfire_videos,0,detectium_fire/non_fire/1694496253_clip_001.mp4,26,7,91,2504,0,0.0,9.19763499769033,0,NO_REAL_FIRE,4407.124876997841,5,False,0,,9.19763499769033
nonfire_videos,0,detectium_fire/non_fire/1694496253_clip_001.mp4,26,8,106,2505,0,0.0,32.127305999893,0,NO_REAL_FIRE,4522.615895999479,5,True,0,NO_REAL_FIRE,3292.655196997657
nonfire_videos,0,detectium_fire/non_fire/1694496253_clip_001.mp4,26,9,122,2506,0,0.0,32.80071500194026,0,NO_REAL_FIRE,4979.1179159983585,5,False,0,,32.80071500194026
nonfire_videos,0,detectium_fire/non_fire/1694496253_clip_001.mp4,26,10,137,2507,0,0.0,8.533175998309162,0,NO_REAL_FIRE,3297.1482859975367,5,False,0,,8.533175998309162
nonfire_videos,0,detectium_fire/non_fire/1694496253_clip_001.mp4,26,11,152,2508,0,0.0,17.921880000358215,0,NO_REAL_FIRE,3209.8414690008212,5,False,0,,17.921880000358215
nonfire_videos,0,detectium_fire/non_fire/1694496253_clip_001.mp4,26,12,167,2509,0,0.0,8.717235003132373,0,NO_REAL_FIRE,2746.576905999973,5,False,0,,8.717235003132373
nonfire_videos,0,detectium_fire/non_fire/1694496253_clip_001.mp4,26,13,183,2510,0,0.0,8.525925997673767,0,NO_REAL_FIRE,3494.8769660004473,5,True,0,NO_REAL_FIRE,5086.2862009962555
nonfire_videos,0,detectium_fire/non_fire/1694496253_clip_001.mp4,26,14,198,2511,0,0.0,8.486356000503292,0,NO_REAL_FIRE,4073.417215000518,5,False,0,,8.486356000503292
nonfire_videos,0,detectium_fire/non_fire/1694496253_clip_001.mp4,26,15,213,2512,0,0.0,10.431053000502288,0,NO_REAL_FIRE,2968.430962999264,5,False,0,,10.431053000502288
nonfire_videos,0,detectium_fire/non_fire/1694496253_clip_001.mp4,26,16,228,2513,0,0.0,32.20121599952108,0,NO_REAL_FIRE,3460.691295000288,5,False,0,,32.20121599952108
nonfire_videos,0,detectium_fire/non_fire/1694496253_clip_001.mp4,26,17,243,2514,0,0.0,9.143154002231313,0,NO_REAL_FIRE,5043.158119999134,5,False,0,,9.143154002231313
nonfire_videos,0,detectium_fire/non_fire/1694496253_clip_001.mp4,26,18,259,2515,0,0.0,15.993234002962708,0,NO_REAL_FIRE,3841.8403540017607,5,True,0,NO_REAL_FIRE,4087.57991800303
nonfire_videos,0,detectium_fire/non_fire/1694496253_clip_001.mp4,26,19,274,2516,0,0.0,8.614645998022752,0,NO_REAL_FIRE,2690.0888540003507,5,False,0,,8.614645998022752
nonfire_videos,0,detectium_fire/non_fire/1694496253_clip_001.mp4,26,20,289,2517,0,0.0,8.385085999179864,0,NO_REAL_FIRE,4978.581999999733,5,False,0,,8.385085999179864
nonfire_videos,0,detectium_fire/non_fire/1694496253_clip_002.mp4,27,1,0,2518,0,0.0,18.818520002241712,0,NO_REAL_FIRE,5053.58157199953,5,False,0,,18.818520002241712
nonfire_videos,0,detectium_fire/non_fire/1694496253_clip_002.mp4,27,2,15,2519,0,0.0,8.56904600004782,0,NO_REAL_FIRE,2741.5523399977246,5,False,0,,8.56904600004782
nonfire_videos,0,detectium_fire/non_fire/1694496253_clip_002.mp4,27,3,30,2520,0,0.0,9.081485000933753,0,NO_REAL_FIRE,2742.8118219977478,5,True,0,NO_REAL_FIRE,5925.015756998619
nonfire_videos,0,detectium_fire/non_fire/1694496253_clip_002.mp4,27,4,46,2521,0,0.0,9.17553500039503,0,NO_REAL_FIRE,2658.466111999587,5,False,0,,9.17553500039503
nonfire_videos,0,detectium_fire/non_fire/1694496253_clip_002.mp4,27,5,61,2522,0,0.0,8.510035997460363,0,NO_REAL_FIRE,3045.3982439976244,5,False,0,,8.510035997460363
nonfire_videos,0,detectium_fire/non_fire/1694496253_clip_002.mp4,27,6,76,2523,0,0.0,12.036950000037905,0,NO_REAL_FIRE,3294.673555003101,5,False,0,,12.036950000037905
nonfire_videos,0,detectium_fire/non_fire/1694496253_clip_002.mp4,27,7,91,2524,0,0.0,30.04091099865036,0,NO_REAL_FIRE,3535.9878279996337,5,False,0,,30.04091099865036
nonfire_videos,0,detectium_fire/non_fire/1694496253_clip_002.mp4,27,8,106,2525,0,0.0,8.498845996655291,0,NO_REAL_FIRE,2941.004371001327,5,True,0,NO_REAL_FIRE,3229.612326995266
nonfire_videos,0,detectium_fire/non_fire/1694496253_clip_002.mp4,27,9,122,2526,0,0.0,8.528925998689374,0,NO_REAL_FIRE,4255.073780997918,5,False,0,,8.528925998689374
nonfire_videos,0,detectium_fire/non_fire/1694496253_clip_002.mp4,27,10,137,2527,0,0.0,29.729452002356993,0,NO_REAL_FIRE,4890.389652999147,5,False,0,,29.729452002356993
nonfire_videos,0,detectium_fire/non_fire/1694496253_clip_002.mp4,27,11,152,2528,0,0.0,8.607155999925453,0,NO_REAL_FIRE,4629.963035000401,5,False,0,,8.607155999925453
nonfire_videos,0,detectium_fire/non_fire/1694496253_clip_002.mp4,27,12,167,2529,0,0.0,9.171804998914013,0,NO_REAL_FIRE,4473.910897999303,5,False,0,,9.171804998914013
nonfire_videos,0,detectium_fire/non_fire/1694496253_clip_002.mp4,27,13,183,2530,0,0.0,13.642628000525292,0,NO_REAL_FIRE,3129.598043997248,5,True,0,NO_REAL_FIRE,2748.184593001497
nonfire_videos,0,detectium_fire/non_fire/1694496253_clip_002.mp4,27,14,198,2531,0,0.0,8.373927001230186,0,NO_REAL_FIRE,3687.605725001049,5,False,0,,8.373927001230186
nonfire_videos,0,detectium_fire/non_fire/1694496253_clip_002.mp4,27,15,213,2532,0,0.0,8.432357000856427,0,NO_REAL_FIRE,2959.285942997667,5,False,0,,8.432357000856427
nonfire_videos,0,detectium_fire/non_fire/1694496253_clip_002.mp4,27,16,228,2533,0,0.0,9.237815997039434,0,NO_REAL_FIRE,4372.58928799929,5,False,0,,9.237815997039434
nonfire_videos,0,detectium_fire/non_fire/1694496253_clip_002.mp4,27,17,243,2534,0,0.0,32.18789899983676,0,NO_REAL_FIRE,4525.018812997587,5,False,0,,32.18789899983676
nonfire_videos,0,detectium_fire/non_fire/1694496253_clip_002.mp4,27,18,259,2535,1,0.6568641066551208,27.718296001694398,0,NO_REAL_FIRE,2768.228786000691,5,True,0,NO_REAL_FIRE,3101.4050570011023
nonfire_videos,0,detectium_fire/non_fire/1694496253_clip_002.mp4,27,19,274,2536,0,0.0,12.8053890002775,0,NO_REAL_FIRE,4326.698152999597,5,False,0,,12.8053890002775
nonfire_videos,0,detectium_fire/non_fire/1694496253_clip_002.mp4,27,20,289,2537,0,0.0,8.762575998844113,0,NO_REAL_FIRE,5154.303770999832,5,False,0,,8.762575998844113
nonfire_videos,0,detectium_fire/non_fire/1694496253_clip_003.mp4,28,1,0,2538,0,0.0,10.602102996926988,0,NO_REAL_FIRE,3771.4327670000785,5,False,0,,10.602102996926988
nonfire_videos,0,detectium_fire/non_fire/1694496253_clip_003.mp4,28,2,15,2539,0,0.0,8.742575999349356,0,NO_REAL_FIRE,2692.167272001825,5,False,0,,8.742575999349356
nonfire_videos,0,detectium_fire/non_fire/1694496253_clip_003.mp4,28,3,30,2540,0,0.0,18.39299099810887,0,NO_REAL_FIRE,2570.947027998045,5,True,0,NO_REAL_FIRE,2691.7871289988398
nonfire_videos,0,detectium_fire/non_fire/1694496253_clip_003.mp4,28,4,46,2541,0,0.0,16.457453999464633,0,NO_REAL_FIRE,3106.1945340006787,5,False,0,,16.457453999464633
nonfire_videos,0,detectium_fire/non_fire/1694496253_clip_003.mp4,28,5,61,2542,0,0.0,17.683361998933833,0,NO_REAL_FIRE,2896.06977099902,5,False,0,,17.683361998933833
nonfire_videos,0,detectium_fire/non_fire/1694496253_clip_003.mp4,28,6,76,2543,0,0.0,12.165419997472782,0,NO_REAL_FIRE,4331.316579999111,5,False,0,,12.165419997472782
nonfire_videos,0,detectium_fire/non_fire/1694496253_clip_003.mp4,28,7,91,2544,0,0.0,32.85385799972573,0,NO_REAL_FIRE,3283.3168279976235,5,False,0,,32.85385799972573
nonfire_videos,0,detectium_fire/non_fire/1694496253_clip_003.mp4,28,8,106,2545,0,0.0,28.55510500012315,0,NO_REAL_FIRE,4421.973642001831,5,True,0,NO_REAL_FIRE,3530.924287999369
nonfire_videos,0,detectium_fire/non_fire/1694496253_clip_003.mp4,28,9,122,2546,0,0.0,8.659347000502748,0,NO_REAL_FIRE,4663.962955000898,5,False,0,,8.659347000502748
nonfire_videos,0,detectium_fire/non_fire/1694496253_clip_003.mp4,28,10,137,2547,0,0.0,31.271721003577113,0,NO_REAL_FIRE,3390.056292999361,5,False,0,,31.271721003577113
nonfire_videos,0,detectium_fire/non_fire/1694496253_clip_003.mp4,28,11,152,2548,0,0.0,26.938728002278367,0,NO_REAL_FIRE,3151.056303999212,5,False,0,,26.938728002278367
nonfire_videos,0,detectium_fire/non_fire/1694496253_clip_003.mp4,28,12,167,2549,0,0.0,32.15693899983307,0,NO_REAL_FIRE,3052.445163997618,5,False,0,,32.15693899983307
nonfire_videos,0,detectium_fire/non_fire/1694496253_clip_003.mp4,28,13,183,2550,0,0.0,8.813767002720851,0,NO_REAL_FIRE,3015.874664997682,5,True,0,NO_REAL_FIRE,5531.15327800333
nonfire_videos,0,detectium_fire/non_fire/1694496253_clip_003.mp4,28,14,198,2551,0,0.0,9.11969599837903,0,NO_REAL_FIRE,2934.572713998932,5,False,0,,9.11969599837903
nonfire_videos,0,detectium_fire/non_fire/1694496253_clip_003.mp4,28,15,213,2552,0,0.0,19.27327999874251,0,NO_REAL_FIRE,3088.5288450008375,5,False,0,,19.27327999874251
nonfire_videos,0,detectium_fire/non_fire/1694496253_clip_003.mp4,28,16,228,2553,0,0.0,15.512445999775082,0,NO_REAL_FIRE,3095.5017089981993,5,False,0,,15.512445999775082
nonfire_videos,0,detectium_fire/non_fire/1694496253_clip_003.mp4,28,17,243,2554,0,0.0,32.1987999996054,0,NO_REAL_FIRE,4368.147560999205,5,False,0,,32.1987999996054
nonfire_videos,0,detectium_fire/non_fire/1694496253_clip_003.mp4,28,18,259,2555,0,0.0,32.247889997961465,0,NO_REAL_FIRE,2862.4411829987366,5,True,0,NO_REAL_FIRE,4769.448447998002
nonfire_videos,0,detectium_fire/non_fire/1694496253_clip_003.mp4,28,19,274,2556,0,0.0,25.697559998661745,0,NO_REAL_FIRE,2836.5553420007927,5,False,0,,25.697559998661745
nonfire_videos,0,detectium_fire/non_fire/1694496253_clip_003.mp4,28,20,289,2557,0,0.0,8.58312600030331,0,NO_REAL_FIRE,3041.0758959988016,5,False,0,,8.58312600030331
nonfire_videos,0,detectium_fire/non_fire/1694496253_clip_004.mp4,29,1,0,2558,1,0.31158456206321716,21.966615997371264,0,NO_REAL_FIRE,3295.419353999023,5,False,1,,21.966615997371264
nonfire_videos,0,detectium_fire/non_fire/1694496253_clip_004.mp4,29,2,8,2559,1,0.3561406433582306,32.84604899818078,0,NO_REAL_FIRE,4989.892830999452,5,False,1,,32.84604899818078
nonfire_videos,0,detectium_fire/non_fire/1694496253_clip_004.mp4,29,3,16,2560,0,0.0,8.725406001758529,0,NO_REAL_FIRE,3976.879745001497,5,True,0,NO_REAL_FIRE,4633.884281003702
nonfire_videos,0,detectium_fire/non_fire/1694496253_clip_004.mp4,29,4,24,2561,0,0.0,11.858361001941375,0,NO_REAL_FIRE,2849.2260179991717,5,False,0,,11.858361001941375
nonfire_videos,0,detectium_fire/non_fire/1694496253_clip_004.mp4,29,5,31,2562,0,0.0,9.12701600100263,0,NO_REAL_FIRE,4760.530347997701,5,False,0,,9.12701600100263
nonfire_videos,0,detectium_fire/non_fire/1694496253_clip_004.mp4,29,6,39,2563,0,0.0,32.14239000226371,0,NO_REAL_FIRE,3051.538003001042,5,False,0,,32.14239000226371
nonfire_videos,0,detectium_fire/non_fire/1694496253_clip_004.mp4,29,7,47,2564,0,0.0,8.768935997068183,0,NO_REAL_FIRE,3019.9025949987117,5,False,0,,8.768935997068183
nonfire_videos,0,detectium_fire/non_fire/1694496253_clip_004.mp4,29,8,55,2565,0,0.0,11.91003100029775,0,NO_REAL_FIRE,3000.0024490000214,5,True,0,NO_REAL_FIRE,3383.9274889978697
nonfire_videos,0,detectium_fire/non_fire/1694496253_clip_004.mp4,29,9,63,2566,0,0.0,10.418903999379836,0,NO_REAL_FIRE,3358.616692999931,5,False,0,,10.418903999379836
nonfire_videos,0,detectium_fire/non_fire/1694496253_clip_004.mp4,29,10,71,2567,0,0.0,8.657867001602426,0,NO_REAL_FIRE,2483.2476769988716,5,False,0,,8.657867001602426
nonfire_videos,0,detectium_fire/non_fire/1694496253_clip_004.mp4,29,11,78,2568,0,0.0,32.20547999808332,0,NO_REAL_FIRE,2989.3760289996862,5,False,0,,32.20547999808332
nonfire_videos,0,detectium_fire/non_fire/1694496253_clip_004.mp4,29,12,86,2569,0,0.0,32.1727299997292,0,NO_REAL_FIRE,3036.682239999209,5,False,0,,32.1727299997292
nonfire_videos,0,detectium_fire/non_fire/1694496253_clip_004.mp4,29,13,94,2570,0,0.0,31.389502000820357,0,NO_REAL_FIRE,4249.982794997777,5,True,0,NO_REAL_FIRE,3506.815385000664
nonfire_videos,0,detectium_fire/non_fire/1694496253_clip_004.mp4,29,14,102,2571,0,0.0,10.999852998793358,0,NO_REAL_FIRE,3179.151233001903,5,False,0,,10.999852998793358
nonfire_videos,0,detectium_fire/non_fire/1694496253_clip_004.mp4,29,15,110,2572,0,0.0,10.666902999219019,0,NO_REAL_FIRE,4372.420003997831,5,False,0,,10.666902999219019
nonfire_videos,0,detectium_fire/non_fire/1694496253_clip_004.mp4,29,16,118,2573,1,0.34163999557495117,9.844354997767368,0,NO_REAL_FIRE,4205.641646000004,5,False,1,,9.844354997767368
nonfire_videos,0,detectium_fire/non_fire/1694496253_clip_004.mp4,29,17,125,2574,0,0.0,32.860629999049706,0,NO_REAL_FIRE,3959.4017099989287,5,False,0,,32.860629999049706
nonfire_videos,0,detectium_fire/non_fire/1694496253_clip_004.mp4,29,18,133,2575,1,0.25449538230895996,8.852656003000448,0,NO_REAL_FIRE,3285.026008001296,5,True,0,NO_REAL_FIRE,3637.880001002486
nonfire_videos,0,detectium_fire/non_fire/1694496253_clip_004.mp4,29,19,141,2576,0,0.0,32.205431001784746,0,NO_REAL_FIRE,2635.087889000715,5,False,0,,32.205431001784746
nonfire_videos,0,detectium_fire/non_fire/1694496253_clip_004.mp4,29,20,149,2577,0,0.0,11.032333000912331,0,NO_REAL_FIRE,3636.0111419999157,5,False,0,,11.032333000912331
nonfire_videos,0,detectium_fire/non_fire/1694723977_clip_001.mp4,30,1,0,2578,0,0.0,32.18712999660056,0,NO_REAL_FIRE,3962.1266379981535,5,False,0,,32.18712999660056
nonfire_videos,0,detectium_fire/non_fire/1694723977_clip_001.mp4,30,2,16,2579,0,0.0,32.17091099941172,0,NO_REAL_FIRE,3637.5576790014748,5,False,0,,32.17091099941172
nonfire_videos,0,detectium_fire/non_fire/1694723977_clip_001.mp4,30,3,31,2580,0,0.0,32.17490099996212,0,NO_REAL_FIRE,4138.53115999882,5,True,0,NO_REAL_FIRE,4009.30413199967
nonfire_videos,0,detectium_fire/non_fire/1694723977_clip_001.mp4,30,4,47,2581,0,0.0,32.892120001633884,0,NO_REAL_FIRE,3205.232250998961,5,False,0,,32.892120001633884
nonfire_videos,0,detectium_fire/non_fire/1694723977_clip_001.mp4,30,5,63,2582,0,0.0,8.50571699993452,0,NO_REAL_FIRE,2995.9379130013986,5,False,0,,8.50571699993452
nonfire_videos,0,detectium_fire/non_fire/1694723977_clip_001.mp4,30,6,79,2583,0,0.0,10.393933996965643,0,NO_REAL_FIRE,2884.1535760002444,5,False,0,,10.393933996965643
nonfire_videos,0,detectium_fire/non_fire/1694723977_clip_001.mp4,30,7,94,2584,0,0.0,19.509580997691955,0,NO_REAL_FIRE,3436.6410190013994,5,False,0,,19.509580997691955
nonfire_videos,0,detectium_fire/non_fire/1694723977_clip_001.mp4,30,8,110,2585,0,0.0,32.19129100034479,0,NO_REAL_FIRE,3219.590781998704,5,True,0,NO_REAL_FIRE,2855.5341270002828
nonfire_videos,0,detectium_fire/non_fire/1694723977_clip_001.mp4,30,9,126,2586,0,0.0,32.181320999370655,0,NO_REAL_FIRE,3430.2391489982256,5,False,0,,32.181320999370655
nonfire_videos,0,detectium_fire/non_fire/1694723977_clip_001.mp4,30,10,142,2587,0,0.0,8.462857000267832,0,NO_REAL_FIRE,4137.129452003137,5,False,0,,8.462857000267832
nonfire_videos,0,detectium_fire/non_fire/1694723977_clip_001.mp4,30,11,157,2588,0,0.0,9.385375000420026,0,NO_REAL_FIRE,3121.3631050013646,5,False,0,,9.385375000420026
nonfire_videos,0,detectium_fire/non_fire/1694723977_clip_001.mp4,30,12,173,2589,0,0.0,32.2111909990781,0,NO_REAL_FIRE,3977.3718340002233,5,False,0,,32.2111909990781
nonfire_videos,0,detectium_fire/non_fire/1694723977_clip_001.mp4,30,13,189,2590,0,0.0,31.312802999309497,0,NO_REAL_FIRE,4158.885654000187,5,True,0,NO_REAL_FIRE,3229.5302219972655
nonfire_videos,0,detectium_fire/non_fire/1694723977_clip_001.mp4,30,14,205,2591,0,0.0,32.198322001931956,0,NO_REAL_FIRE,3827.0441829990887,5,False,0,,32.198322001931956
nonfire_videos,0,detectium_fire/non_fire/1694723977_clip_001.mp4,30,15,220,2592,0,0.0,32.238791001873324,0,NO_REAL_FIRE,3239.9603230005596,5,False,0,,32.238791001873324
nonfire_videos,0,detectium_fire/non_fire/1694723977_clip_001.mp4,30,16,236,2593,0,0.0,32.16221100228722,0,NO_REAL_FIRE,2925.4657909987145,5,False,0,,32.16221100228722
nonfire_videos,0,detectium_fire/non_fire/1694723977_clip_001.mp4,30,17,252,2594,0,0.0,9.750034998432966,0,NO_REAL_FIRE,2935.6021079984203,5,False,0,,9.750034998432966
nonfire_videos,0,detectium_fire/non_fire/1694723977_clip_001.mp4,30,18,268,2595,0,0.0,27.969718001259025,0,NO_REAL_FIRE,3974.621956000192,5,True,0,NO_REAL_FIRE,2850.663051001902
nonfire_videos,0,detectium_fire/non_fire/1694723977_clip_001.mp4,30,19,283,2596,0,0.0,8.415407002758002,0,NO_REAL_FIRE,3237.697062002553,5,False,0,,8.415407002758002
nonfire_videos,0,detectium_fire/non_fire/1694723977_clip_001.mp4,30,20,299,2597,0,0.0,32.83772099894122,0,NO_REAL_FIRE,3189.7204059969226,5,False,0,,32.83772099894122
nonfire_videos,0,detectium_fire/non_fire/1694723977_clip_002.mp4,31,1,0,2598,0,0.0,8.866886000760132,0,NO_REAL_FIRE,3193.204824998247,5,False,0,,8.866886000760132
nonfire_videos,0,detectium_fire/non_fire/1694723977_clip_002.mp4,31,2,1,2599,0,0.0,8.400147999054752,0,NO_REAL_FIRE,3178.63934900015,5,False,0,,8.400147999054752
nonfire_videos,0,detectium_fire/non_fire/1694723977_clip_002.mp4,31,3,2,2600,0,0.0,8.41649799986044,0,NO_REAL_FIRE,2614.05688800005,5,True,0,NO_REAL_FIRE,2904.229416999442
nonfire_videos,0,detectium_fire/non_fire/1694723977_clip_002.mp4,31,4,3,2601,0,0.0,32.150012000784045,0,NO_REAL_FIRE,3251.2848879996454,5,False,0,,32.150012000784045
nonfire_videos,0,detectium_fire/non_fire/1694723977_clip_002.mp4,31,5,4,2602,0,0.0,9.767146002559457,0,NO_REAL_FIRE,3351.1942509976507,5,False,0,,9.767146002559457
nonfire_videos,0,detectium_fire/non_fire/1694723977_clip_002.mp4,31,6,5,2603,0,0.0,8.422928000072716,0,NO_REAL_FIRE,3113.545399999566,5,False,0,,8.422928000072716
nonfire_videos,0,detectium_fire/non_fire/1694723977_clip_002.mp4,31,7,6,2604,0,0.0,8.912085999327246,0,NO_REAL_FIRE,3248.8781009997183,5,False,0,,8.912085999327246
nonfire_videos,0,detectium_fire/non_fire/1752004413_clip_001.mp4,32,1,0,2605,0,0.0,8.811206997052068,0,NO_REAL_FIRE,3117.3506300001463,5,True,0,NO_REAL_FIRE,3220.8054379952955
nonfire_videos,0,detectium_fire/non_fire/1752004413_clip_001.mp4,32,2,8,2606,0,0.0,15.732466999907047,0,NO_REAL_FIRE,3182.881016997271,5,False,0,,15.732466999907047
nonfire_videos,0,detectium_fire/non_fire/1752004413_clip_001.mp4,32,3,16,2607,0,0.0,32.15954300321755,0,NO_REAL_FIRE,3204.667447000247,5,False,0,,32.15954300321755
nonfire_videos,0,detectium_fire/non_fire/1752004413_clip_001.mp4,32,4,24,2608,0,0.0,14.03635899987421,0,NO_REAL_FIRE,3281.5089659998193,5,False,0,,14.03635899987421
nonfire_videos,0,detectium_fire/non_fire/1752004413_clip_001.mp4,32,5,32,2609,0,0.0,30.037215001357254,0,NO_REAL_FIRE,2958.6687800001528,5,False,0,,30.037215001357254
nonfire_videos,0,detectium_fire/non_fire/1752004413_clip_001.mp4,32,6,41,2610,0,0.0,20.541170000797138,0,NO_REAL_FIRE,3454.6914429993194,5,True,0,NO_REAL_FIRE,3122.6889310019033
nonfire_videos,0,detectium_fire/non_fire/1752004413_clip_001.mp4,32,7,49,2611,0,0.0,32.14077200027532,0,NO_REAL_FIRE,3577.190857999085,5,False,0,,32.14077200027532
nonfire_videos,0,detectium_fire/non_fire/1752004413_clip_001.mp4,32,8,57,2612,0,0.0,32.15445200112299,0,NO_REAL_FIRE,3253.4308320027776,5,False,0,,32.15445200112299
nonfire_videos,0,detectium_fire/non_fire/1752004413_clip_001.mp4,32,9,65,2613,0,0.0,8.558498000638792,0,NO_REAL_FIRE,2817.6340319987503,5,False,0,,8.558498000638792
nonfire_videos,0,detectium_fire/non_fire/1752004413_clip_001.mp4,32,10,73,2614,0,0.0,28.998816000239458,0,NO_REAL_FIRE,2996.8078780002543,5,False,0,,28.998816000239458
nonfire_videos,0,detectium_fire/non_fire/1752004413_clip_001.mp4,32,11,81,2615,0,0.0,13.352120000490686,0,NO_REAL_FIRE,3285.8970310007862,5,True,0,NO_REAL_FIRE,3107.970387998648
nonfire_videos,0,detectium_fire/non_fire/1752004413_clip_001.mp4,32,12,89,2616,0,0.0,17.51171400246676,0,NO_REAL_FIRE,2867.055528000492,5,False,0,,17.51171400246676
nonfire_videos,0,detectium_fire/non_fire/1752004413_clip_001.mp4,32,13,97,2617,0,0.0,8.416357999522006,0,NO_REAL_FIRE,3301.2041460024193,5,False,0,,8.416357999522006
nonfire_videos,0,detectium_fire/non_fire/1752004413_clip_001.mp4,32,14,105,2618,0,0.0,32.1833419984614,0,NO_REAL_FIRE,2701.598517000093,5,False,0,,32.1833419984614
nonfire_videos,0,detectium_fire/non_fire/1752004413_clip_001.mp4,32,15,113,2619,0,0.0,15.871486997639295,0,NO_REAL_FIRE,2766.0484630032443,5,False,0,,15.871486997639295
nonfire_videos,0,detectium_fire/non_fire/1752004413_clip_001.mp4,32,16,122,2620,0,0.0,32.193382998229936,0,NO_REAL_FIRE,4038.2136819971493,5,True,0,NO_REAL_FIRE,3168.4276039995893
nonfire_videos,0,detectium_fire/non_fire/1752004413_clip_001.mp4,32,17,130,2621,0,0.0,30.037815999094164,0,NO_REAL_FIRE,3078.775346999464,5,False,0,,30.037815999094164
nonfire_videos,0,detectium_fire/non_fire/1752004413_clip_001.mp4,32,18,138,2622,0,0.0,8.471088000078453,0,NO_REAL_FIRE,2994.6425140005886,5,False,0,,8.471088000078453
nonfire_videos,0,detectium_fire/non_fire/1752004413_clip_001.mp4,32,19,146,2623,0,0.0,9.079775998543482,0,NO_REAL_FIRE,3236.6680890008865,5,False,0,,9.079775998543482
nonfire_videos,0,detectium_fire/non_fire/1752004413_clip_001.mp4,32,20,154,2624,0,0.0,9.628875999624142,0,NO_REAL_FIRE,4319.845171998168,5,False,0,,9.628875999624142
nonfire_videos,0,detectium_fire/non_fire/1775016078_clip_001.mp4,33,1,0,2625,0,0.0,12.332481997873401,0,NO_REAL_FIRE,2676.8927099983557,5,True,0,NO_REAL_FIRE,3063.924911999493
nonfire_videos,0,detectium_fire/non_fire/1775016078_clip_001.mp4,33,2,15,2626,0,0.0,32.28172200033441,0,NO_REAL_FIRE,4936.203535002278,5,False,0,,32.28172200033441
nonfire_videos,0,detectium_fire/non_fire/1775016078_clip_001.mp4,33,3,30,2627,0,0.0,13.59247999789659,0,NO_REAL_FIRE,3004.786884001078,5,False,0,,13.59247999789659
nonfire_videos,0,detectium_fire/non_fire/1775016078_clip_001.mp4,33,4,46,2628,0,0.0,19.306481000967324,0,NO_REAL_FIRE,4237.7256019972265,5,False,0,,19.306481000967324
nonfire_videos,0,detectium_fire/non_fire/1775016078_clip_001.mp4,33,5,61,2629,1,0.28718870878219604,32.20981299818959,0,NO_REAL_FIRE,4878.7813630005985,5,False,1,,32.20981299818959
nonfire_videos,0,detectium_fire/non_fire/1775016078_clip_001.mp4,33,6,76,2630,0,0.0,32.86113200010732,0,NO_REAL_FIRE,2906.1344680012553,5,True,0,NO_REAL_FIRE,4121.715164001216
nonfire_videos,0,detectium_fire/non_fire/1775016078_clip_001.mp4,33,7,91,2631,0,0.0,32.92089200112969,0,NO_REAL_FIRE,4230.038107998553,5,False,0,,32.92089200112969
nonfire_videos,0,detectium_fire/non_fire/1775016078_clip_001.mp4,33,8,106,2632,0,0.0,30.07116600201698,0,NO_REAL_FIRE,3149.685717002285,5,False,0,,30.07116600201698
nonfire_videos,0,detectium_fire/non_fire/1775016078_clip_001.mp4,33,9,122,2633,1,0.3030630350112915,32.1990430020378,0,NO_REAL_FIRE,3524.4931490015006,5,False,1,,32.1990430020378
nonfire_videos,0,detectium_fire/non_fire/1775016078_clip_001.mp4,33,10,137,2634,0,0.0,9.894804999930784,0,NO_REAL_FIRE,3398.65953700064,5,False,0,,9.894804999930784
nonfire_videos,0,detectium_fire/non_fire/1775016078_clip_001.mp4,33,11,152,2635,0,0.0,31.92116299760528,0,NO_REAL_FIRE,3323.263769998448,5,True,0,NO_REAL_FIRE,3210.6782469963946
nonfire_videos,0,detectium_fire/non_fire/1775016078_clip_001.mp4,33,12,167,2636,0,0.0,32.15054300017073,0,NO_REAL_FIRE,3199.068575999263,5,False,0,,32.15054300017073
nonfire_videos,0,detectium_fire/non_fire/1775016078_clip_001.mp4,33,13,183,2637,0,0.0,32.815422000567196,0,NO_REAL_FIRE,3136.05503099825,5,False,0,,32.815422000567196
nonfire_videos,0,detectium_fire/non_fire/1775016078_clip_001.mp4,33,14,198,2638,0,0.0,32.214543000009144,0,NO_REAL_FIRE,4510.526722999202,5,False,0,,32.214543000009144
nonfire_videos,0,detectium_fire/non_fire/1775016078_clip_001.mp4,33,15,213,2639,0,0.0,8.584256996982731,0,NO_REAL_FIRE,3019.3255670019425,5,False,0,,8.584256996982731
nonfire_videos,0,detectium_fire/non_fire/1775016078_clip_001.mp4,33,16,228,2640,0,0.0,32.387702998676104,0,NO_REAL_FIRE,3994.7488129982958,5,True,0,NO_REAL_FIRE,3224.093812001229
nonfire_videos,0,detectium_fire/non_fire/1775016078_clip_001.mp4,33,17,243,2641,1,0.656333863735199,8.865767002134817,0,NO_REAL_FIRE,2957.51199300139,5,False,1,,8.865767002134817
nonfire_videos,0,detectium_fire/non_fire/1775016078_clip_001.mp4,33,18,259,2642,1,0.6829517483711243,8.94904700180632,0,NO_REAL_FIRE,2961.887127999944,5,False,1,,8.94904700180632
nonfire_videos,0,detectium_fire/non_fire/1775016078_clip_001.mp4,33,19,274,2643,1,0.6594383716583252,32.2115830022085,0,NO_REAL_FIRE,3283.8813999987906,5,False,1,,32.2115830022085
nonfire_videos,0,detectium_fire/non_fire/1775016078_clip_001.mp4,33,20,289,2644,0,0.0,8.52394799949252,0,NO_REAL_FIRE,3269.040443999984,5,False,0,,8.52394799949252
nonfire_videos,0,detectium_fire/non_fire/1775016078_clip_002.mp4,34,1,0,2645,0,0.0,10.618144999170909,0,NO_REAL_FIRE,3392.08878700083,5,True,0,NO_REAL_FIRE,3285.377714997594
nonfire_videos,0,detectium_fire/non_fire/1775016078_clip_002.mp4,34,2,8,2646,0,0.0,32.15689400167321,0,NO_REAL_FIRE,2986.0431420020177,5,False,0,,32.15689400167321
nonfire_videos,0,detectium_fire/non_fire/1775016078_clip_002.mp4,34,3,16,2647,0,0.0,8.58278699888615,0,NO_REAL_FIRE,3426.240583998151,5,False,0,,8.58278699888615
nonfire_videos,0,detectium_fire/non_fire/1775016078_clip_002.mp4,34,4,24,2648,0,0.0,28.31263900225167,0,NO_REAL_FIRE,3038.006591003068,5,False,0,,28.31263900225167
nonfire_videos,0,detectium_fire/non_fire/1775016078_clip_002.mp4,34,5,32,2649,0,0.0,8.456897998257773,0,NO_REAL_FIRE,3103.466627999296,5,False,0,,8.456897998257773
nonfire_videos,0,detectium_fire/non_fire/1775016078_clip_002.mp4,34,6,40,2650,0,0.0,12.872152001364157,0,NO_REAL_FIRE,2836.6173670001444,5,True,0,NO_REAL_FIRE,2975.346338003874
nonfire_videos,0,detectium_fire/non_fire/1775016078_clip_002.mp4,34,7,48,2651,0,0.0,8.49328800177318,0,NO_REAL_FIRE,3528.421194998373,5,False,0,,8.49328800177318
nonfire_videos,0,detectium_fire/non_fire/1775016078_clip_002.mp4,34,8,56,2652,0,0.0,22.194178000063403,0,NO_REAL_FIRE,2848.5115650000807,5,False,0,,22.194178000063403
nonfire_videos,0,detectium_fire/non_fire/1775016078_clip_002.mp4,34,9,64,2653,0,0.0,20.52448099857429,0,NO_REAL_FIRE,2939.5812439979636,5,False,0,,20.52448099857429
nonfire_videos,0,detectium_fire/non_fire/1775016078_clip_002.mp4,34,10,72,2654,1,0.2580639719963074,32.30209300090792,0,NO_REAL_FIRE,5159.142686999985,5,False,1,,32.30209300090792
nonfire_videos,0,detectium_fire/non_fire/1775016078_clip_002.mp4,34,11,80,2655,1,0.5105996131896973,31.723193998914212,0,NO_REAL_FIRE,3583.3865860004153,5,True,0,NO_REAL_FIRE,3380.9441909979796
nonfire_videos,0,detectium_fire/non_fire/1775016078_clip_002.mp4,34,12,88,2656,1,0.26823800802230835,32.308333000401035,0,NO_REAL_FIRE,3184.3155580027087,5,False,1,,32.308333000401035
nonfire_videos,0,detectium_fire/non_fire/1775016078_clip_002.mp4,34,13,96,2657,1,0.5026707649230957,11.522673001309158,0,NO_REAL_FIRE,3320.0333929999033,5,False,1,,11.522673001309158
nonfire_videos,0,detectium_fire/non_fire/1775016078_clip_002.mp4,34,14,104,2658,1,0.37528637051582336,8.508848000928992,0,NO_REAL_FIRE,2767.7129140029137,5,False,1,,8.508848000928992
nonfire_videos,0,detectium_fire/non_fire/1775016078_clip_002.mp4,34,15,112,2659,0,0.0,8.462877998681506,0,NO_REAL_FIRE,3129.422002002684,5,False,0,,8.462877998681506
nonfire_videos,0,detectium_fire/non_fire/1775016078_clip_002.mp4,34,16,120,2660,0,0.0,27.889469001820544,0,NO_REAL_FIRE,3011.454114999651,5,True,0,NO_REAL_FIRE,4290.546237003582
nonfire_videos,0,detectium_fire/non_fire/1775016078_clip_002.mp4,34,17,128,2661,0,0.0,30.72007599985227,0,NO_REAL_FIRE,3155.6291099986993,5,False,0,,30.72007599985227
nonfire_videos,0,detectium_fire/non_fire/1775016078_clip_002.mp4,34,18,136,2662,0,0.0,25.214042998413788,0,NO_REAL_FIRE,3095.1317600010952,5,False,0,,25.214042998413788
nonfire_videos,0,detectium_fire/non_fire/1775016078_clip_002.mp4,34,19,144,2663,0,0.0,32.16953299852321,0,NO_REAL_FIRE,2929.0083710002364,5,False,0,,32.16953299852321
nonfire_videos,0,detectium_fire/non_fire/1775016078_clip_002.mp4,34,20,152,2664,1,0.5357450842857361,8.460678000119515,0,NO_REAL_FIRE,2555.9408810004243,5,False,1,,8.460678000119515
nonfire_videos,0,detectium_fire/non_fire/1789133423_clip_001.mp4,35,1,0,2665,0,0.0,26.502721000724705,0,NO_REAL_FIRE,2571.855748999951,5,True,0,NO_REAL_FIRE,3044.0488690001075
nonfire_videos,0,detectium_fire/non_fire/1789133423_clip_001.mp4,35,2,13,2666,0,0.0,32.244784000795335,0,NO_REAL_FIRE,3279.813691002346,5,False,0,,32.244784000795335
nonfire_videos,0,detectium_fire/non_fire/1789133423_clip_001.mp4,35,3,25,2667,0,0.0,31.241535001754528,0,NO_REAL_FIRE,3053.1230689994118,5,False,0,,31.241535001754528
nonfire_videos,0,detectium_fire/non_fire/1789133423_clip_001.mp4,35,4,38,2668,0,0.0,8.426006999798119,0,NO_REAL_FIRE,2742.838688001939,5,False,0,,8.426006999798119
nonfire_videos,0,detectium_fire/non_fire/1789133423_clip_001.mp4,35,5,50,2669,0,0.0,32.339823999791406,0,NO_REAL_FIRE,4298.016538999946,5,False,0,,32.339823999791406
nonfire_videos,0,detectium_fire/non_fire/1789133423_clip_001.mp4,35,6,63,2670,0,0.0,9.335486996860709,0,NO_REAL_FIRE,3016.6489069997624,5,True,0,NO_REAL_FIRE,3067.307395998796
nonfire_videos,0,detectium_fire/non_fire/1789133423_clip_001.mp4,35,7,75,2671,0,0.0,8.561278002161998,0,NO_REAL_FIRE,3135.1314500025182,5,False,0,,8.561278002161998
nonfire_videos,0,detectium_fire/non_fire/1789133423_clip_001.mp4,35,8,88,2672,0,0.0,32.22500400079298,0,NO_REAL_FIRE,3181.7832739980076,5,False,0,,32.22500400079298
nonfire_videos,0,detectium_fire/non_fire/1789133423_clip_001.mp4,35,9,101,2673,0,0.0,8.440418001555372,0,NO_REAL_FIRE,3097.892805999436,5,False,0,,8.440418001555372
nonfire_videos,0,detectium_fire/non_fire/1789133423_clip_001.mp4,35,10,113,2674,0,0.0,32.147794001502916,0,NO_REAL_FIRE,3332.4716900024214,5,False,0,,32.147794001502916
nonfire_videos,0,detectium_fire/non_fire/1789133423_clip_001.mp4,35,11,126,2675,0,0.0,27.510490999702597,0,NO_REAL_FIRE,2852.464912000869,5,True,0,NO_REAL_FIRE,2816.243276000023
nonfire_videos,0,detectium_fire/non_fire/1789133423_clip_001.mp4,35,12,138,2676,0,0.0,8.433478000370087,0,NO_REAL_FIRE,2823.4749660005036,5,False,0,,8.433478000370087
nonfire_videos,0,detectium_fire/non_fire/1789133423_clip_001.mp4,35,13,151,2677,0,0.0,8.898058000340825,0,NO_REAL_FIRE,3317.648428001121,5,False,0,,8.898058000340825
nonfire_videos,0,detectium_fire/non_fire/1789133423_clip_001.mp4,35,14,164,2678,0,0.0,22.80521799912094,0,NO_REAL_FIRE,3120.3678920028324,5,False,0,,22.80521799912094
nonfire_videos,0,detectium_fire/non_fire/1789133423_clip_001.mp4,35,15,176,2679,0,0.0,8.438897999440087,0,NO_REAL_FIRE,3423.7479789990175,5,False,0,,8.438897999440087
nonfire_videos,0,detectium_fire/non_fire/1789133423_clip_001.mp4,35,16,189,2680,0,0.0,8.460588000161806,0,NO_REAL_FIRE,2570.4381040013686,5,True,0,NO_REAL_FIRE,4030.2346530006616
nonfire_videos,0,detectium_fire/non_fire/1789133423_clip_001.mp4,35,17,201,2681,0,0.0,32.22116400138475,0,NO_REAL_FIRE,3130.893424000533,5,False,0,,32.22116400138475
nonfire_videos,0,detectium_fire/non_fire/1789133423_clip_001.mp4,35,18,214,2682,0,0.0,8.369388000573963,0,NO_REAL_FIRE,3173.714584001573,5,False,0,,8.369388000573963
nonfire_videos,0,detectium_fire/non_fire/1789133423_clip_001.mp4,35,19,226,2683,0,0.0,13.428471000224818,0,NO_REAL_FIRE,2688.6645999984466,5,False,0,,13.428471000224818
nonfire_videos,0,detectium_fire/non_fire/1789133423_clip_001.mp4,35,20,239,2684,0,0.0,9.454186001676135,0,NO_REAL_FIRE,2908.586845998798,5,False,0,,9.454186001676135
nonfire_videos,0,detectium_fire/non_fire/1789133423_clip_002.mp4,36,1,0,2685,0,0.0,32.19133400125429,0,NO_REAL_FIRE,3227.7930899981584,5,True,0,NO_REAL_FIRE,3961.8358420011646
nonfire_videos,0,detectium_fire/non_fire/1789133423_clip_002.mp4,36,2,13,2686,0,0.0,24.34677500059479,0,NO_REAL_FIRE,3184.6351560016046,5,False,0,,24.34677500059479
nonfire_videos,0,detectium_fire/non_fire/1789133423_clip_002.mp4,36,3,25,2687,0,0.0,8.423577997746179,0,NO_REAL_FIRE,2522.5094039997202,5,False,0,,8.423577997746179
nonfire_videos,0,detectium_fire/non_fire/1789133423_clip_002.mp4,36,4,38,2688,0,0.0,8.394776999921305,0,NO_REAL_FIRE,3020.325514000433,5,False,0,,8.394776999921305
nonfire_videos,0,detectium_fire/non_fire/1789133423_clip_002.mp4,36,5,50,2689,0,0.0,11.846743000205606,0,NO_REAL_FIRE,3410.230967998359,5,False,0,,11.846743000205606
nonfire_videos,0,detectium_fire/non_fire/1789133423_clip_002.mp4,36,6,63,2690,0,0.0,8.464028000162216,0,NO_REAL_FIRE,3140.8425939989684,5,True,0,NO_REAL_FIRE,2662.336558998504
nonfire_videos,0,detectium_fire/non_fire/1789133423_clip_002.mp4,36,7,75,2691,0,0.0,8.344488000147976,0,NO_REAL_FIRE,2762.6728959985485,5,False,0,,8.344488000147976
nonfire_videos,0,detectium_fire/non_fire/1789133423_clip_002.mp4,36,8,88,2692,0,0.0,29.19438800017815,0,NO_REAL_FIRE,3101.2627039999643,5,False,0,,29.19438800017815
nonfire_videos,0,detectium_fire/non_fire/1789133423_clip_002.mp4,36,9,101,2693,0,0.0,32.15504500258248,0,NO_REAL_FIRE,3167.659950999223,5,False,0,,32.15504500258248
nonfire_videos,0,detectium_fire/non_fire/1789133423_clip_002.mp4,36,10,113,2694,0,0.0,25.055784000869608,0,NO_REAL_FIRE,3214.094296003168,5,False,0,,25.055784000869608
nonfire_videos,0,detectium_fire/non_fire/1789133423_clip_002.mp4,36,11,126,2695,0,0.0,9.240027000487316,0,NO_REAL_FIRE,3708.5338329998194,5,True,0,NO_REAL_FIRE,2700.083841999003
nonfire_videos,0,detectium_fire/non_fire/1789133423_clip_002.mp4,36,12,138,2696,0,0.0,32.217934000073,0,NO_REAL_FIRE,4332.014237003023,5,False,0,,32.217934000073
nonfire_videos,0,detectium_fire/non_fire/1789133423_clip_002.mp4,36,13,151,2697,0,0.0,9.67212700197706,0,NO_REAL_FIRE,3328.795148001518,5,False,0,,9.67212700197706
nonfire_videos,0,detectium_fire/non_fire/1789133423_clip_002.mp4,36,14,164,2698,0,0.0,16.68633699955535,0,NO_REAL_FIRE,2927.0022320015414,5,False,0,,16.68633699955535
nonfire_videos,0,detectium_fire/non_fire/1789133423_clip_002.mp4,36,15,176,2699,0,0.0,32.197333999647526,0,NO_REAL_FIRE,3078.303217997018,5,False,0,,32.197333999647526
nonfire_videos,0,detectium_fire/non_fire/1789133423_clip_002.mp4,36,16,189,2700,0,0.0,32.18098400247982,0,NO_REAL_FIRE,3099.9930590005533,5,True,0,NO_REAL_FIRE,2568.9946050006256
nonfire_videos,0,detectium_fire/non_fire/1789133423_clip_002.mp4,36,17,201,2701,0,0.0,14.426710000407184,0,NO_REAL_FIRE,3025.9466159986914,5,False,0,,14.426710000407184
nonfire_videos,0,detectium_fire/non_fire/1789133423_clip_002.mp4,36,18,214,2702,0,0.0,27.485511000122642,0,NO_REAL_FIRE,3792.5551580010506,5,False,0,,27.485511000122642
nonfire_videos,0,detectium_fire/non_fire/1789133423_clip_002.mp4,36,19,226,2703,0,0.0,10.476364997884957,0,NO_REAL_FIRE,3961.0801199996786,5,False,0,,10.476364997884957
nonfire_videos,0,detectium_fire/non_fire/1789133423_clip_002.mp4,36,20,239,2704,0,0.0,11.750513996958034,0,NO_REAL_FIRE,2765.681470002164,5,False,0,,11.750513996958034
nonfire_videos,0,detectium_fire/non_fire/1789133423_clip_003.mp4,37,1,0,2705,0,0.0,31.017116001748946,0,NO_REAL_FIRE,4309.639557999617,5,True,0,NO_REAL_FIRE,3162.309278999601
nonfire_videos,0,detectium_fire/non_fire/1789133423_clip_003.mp4,37,2,10,2706,0,0.0,32.22372499658377,0,NO_REAL_FIRE,3026.3822130000335,5,False,0,,32.22372499658377
nonfire_videos,0,detectium_fire/non_fire/1789133423_clip_003.mp4,37,3,20,2707,0,0.0,8.425328000157606,0,NO_REAL_FIRE,3114.2867199996545,5,False,0,,8.425328000157606
nonfire_videos,0,detectium_fire/non_fire/1789133423_clip_003.mp4,37,4,30,2708,0,0.0,13.852820000465726,0,NO_REAL_FIRE,2908.1962130003376,5,False,0,,13.852820000465726
nonfire_videos,0,detectium_fire/non_fire/1789133423_clip_003.mp4,37,5,41,2709,0,0.0,9.961225998267764,0,NO_REAL_FIRE,2680.920007001987,5,False,0,,9.961225998267764
nonfire_videos,0,detectium_fire/non_fire/1789133423_clip_003.mp4,37,6,51,2710,0,0.0,32.16849499949603,0,NO_REAL_FIRE,2674.4676470007107,5,True,0,NO_REAL_FIRE,2946.7852620000485
nonfire_videos,0,detectium_fire/non_fire/1789133423_clip_003.mp4,37,7,61,2711,0,0.0,9.26508699922124,0,NO_REAL_FIRE,2726.729775000422,5,False,0,,9.26508699922124
nonfire_videos,0,detectium_fire/non_fire/1789133423_clip_003.mp4,37,8,71,2712,0,0.0,8.887948002666235,0,NO_REAL_FIRE,3084.8243279979215,5,False,0,,8.887948002666235
nonfire_videos,0,detectium_fire/non_fire/1789133423_clip_003.mp4,37,9,81,2713,0,0.0,32.177294000575785,0,NO_REAL_FIRE,3207.2832560006646,5,False,0,,32.177294000575785
nonfire_videos,0,detectium_fire/non_fire/1789133423_clip_003.mp4,37,10,91,2714,0,0.0,32.196774998737965,0,NO_REAL_FIRE,3348.6924470016675,5,False,0,,32.196774998737965
nonfire_videos,0,detectium_fire/non_fire/1789133423_clip_003.mp4,37,11,102,2715,0,0.0,16.942695998295676,0,NO_REAL_FIRE,3046.2954770009674,5,True,0,NO_REAL_FIRE,2739.048482999351
nonfire_videos,0,detectium_fire/non_fire/1789133423_clip_003.mp4,37,12,112,2716,0,0.0,16.26262699937797,0,NO_REAL_FIRE,3142.7625119977165,5,False,0,,16.26262699937797
nonfire_videos,0,detectium_fire/non_fire/1789133423_clip_003.mp4,37,13,122,2717,0,0.0,8.408667999901809,0,NO_REAL_FIRE,2625.4815450010938,5,False,0,,8.408667999901809
nonfire_videos,0,detectium_fire/non_fire/1789133423_clip_003.mp4,37,14,132,2718,0,0.0,32.169683996471576,0,NO_REAL_FIRE,3265.2377910017094,5,False,0,,32.169683996471576
nonfire_videos,0,detectium_fire/non_fire/1789133423_clip_003.mp4,37,15,142,2719,0,0.0,31.115575002331752,0,NO_REAL_FIRE,3067.7542810008163,5,False,0,,31.115575002331752
nonfire_videos,0,detectium_fire/non_fire/1789133423_clip_003.mp4,37,16,152,2720,0,0.0,12.04709200101206,0,NO_REAL_FIRE,3408.318290999887,5,True,0,NO_REAL_FIRE,3241.232017000584
nonfire_videos,0,detectium_fire/non_fire/1789133423_clip_003.mp4,37,17,163,2721,0,0.0,8.46916799855535,0,NO_REAL_FIRE,3781.5068060008343,5,False,0,,8.46916799855535
nonfire_videos,0,detectium_fire/non_fire/1789133423_clip_003.mp4,37,18,173,2722,0,0.0,10.551164999924367,0,NO_REAL_FIRE,2847.8382470020733,5,False,0,,10.551164999924367
nonfire_videos,0,detectium_fire/non_fire/1789133423_clip_003.mp4,37,19,183,2723,0,0.0,13.977149999846006,0,NO_REAL_FIRE,3082.022547001543,5,False,0,,13.977149999846006
nonfire_videos,0,detectium_fire/non_fire/1789133423_clip_003.mp4,37,20,193,2724,0,0.0,31.64324500176008,0,NO_REAL_FIRE,3110.318857998209,5,False,0,,31.64324500176008
nonfire_videos,0,detectium_fire/non_fire/1805900101_clip_001.mp4,38,1,0,2725,1,0.4041517674922943,8.717177002836252,0,NO_REAL_FIRE,3726.712838997628,5,True,0,NO_REAL_FIRE,4228.536212001927
nonfire_videos,0,detectium_fire/non_fire/1805900101_clip_001.mp4,38,2,16,2726,0,0.0,28.721859998768196,0,NO_REAL_FIRE,3358.851410997886,5,False,0,,28.721859998768196
nonfire_videos,0,detectium_fire/non_fire/1805900101_clip_001.mp4,38,3,31,2727,0,0.0,9.333277001132956,0,NO_REAL_FIRE,3513.3418740006164,5,False,0,,9.333277001132956
nonfire_videos,0,detectium_fire/non_fire/1805900101_clip_001.mp4,38,4,47,2728,0,0.0,10.148936002224218,0,NO_REAL_FIRE,3581.202769000811,5,False,0,,10.148936002224218
nonfire_videos,0,detectium_fire/non_fire/1805900101_clip_001.mp4,38,5,63,2729,0,0.0,32.17224500258453,0,NO_REAL_FIRE,4876.7821849978645,5,False,0,,32.17224500258453
nonfire_videos,0,detectium_fire/non_fire/1805900101_clip_001.mp4,38,6,79,2730,1,0.3489277958869934,8.99325700083864,0,NO_REAL_FIRE,3609.043903001293,5,True,0,NO_REAL_FIRE,4060.656508001557
nonfire_videos,0,detectium_fire/non_fire/1805900101_clip_001.mp4,38,7,94,2731,1,0.3314751088619232,11.054374001105316,0,NO_REAL_FIRE,3865.5944550009735,5,False,1,,11.054374001105316
nonfire_videos,0,detectium_fire/non_fire/1805900101_clip_001.mp4,38,8,110,2732,1,0.273667573928833,32.17799399862997,0,NO_REAL_FIRE,4899.472660999891,5,False,1,,32.17799399862997
nonfire_videos,0,detectium_fire/non_fire/1805900101_clip_001.mp4,38,9,126,2733,0,0.0,8.411327999056084,0,NO_REAL_FIRE,3443.9146620024985,5,False,0,,8.411327999056084
nonfire_videos,0,detectium_fire/non_fire/1805900101_clip_001.mp4,38,10,142,2734,0,0.0,14.244100002542837,0,NO_REAL_FIRE,4054.670793997502,5,False,0,,14.244100002542837
nonfire_videos,0,detectium_fire/non_fire/1805900101_clip_001.mp4,38,11,157,2735,0,0.0,19.430493000982096,0,NO_REAL_FIRE,4385.781040000438,5,True,0,NO_REAL_FIRE,4182.714168004168
nonfire_videos,0,detectium_fire/non_fire/1805900101_clip_001.mp4,38,12,173,2736,0,0.0,8.430737998423865,0,NO_REAL_FIRE,4189.327838997997,5,False,0,,8.430737998423865
nonfire_videos,0,detectium_fire/non_fire/1805900101_clip_001.mp4,38,13,189,2737,0,0.0,8.45885799935786,0,NO_REAL_FIRE,3997.233711001172,5,False,0,,8.45885799935786
nonfire_videos,0,detectium_fire/non_fire/1805900101_clip_001.mp4,38,14,205,2738,1,0.3607540428638458,18.045984998025233,0,NO_REAL_FIRE,3906.1172809997515,5,False,1,,18.045984998025233
nonfire_videos,0,detectium_fire/non_fire/1805900101_clip_001.mp4,38,15,220,2739,1,0.26486051082611084,8.512628002790734,0,NO_REAL_FIRE,3577.5929329975042,5,False,1,,8.512628002790734
nonfire_videos,0,detectium_fire/non_fire/1805900101_clip_001.mp4,38,16,236,2740,1,0.3201836943626404,32.27432499988936,0,NO_REAL_FIRE,4816.018356003042,5,True,0,NO_REAL_FIRE,3651.223073997244
nonfire_videos,0,detectium_fire/non_fire/1805900101_clip_001.mp4,38,17,252,2741,1,0.3975044786930084,9.260807000828208,0,NO_REAL_FIRE,3770.6454370018037,5,False,1,,9.260807000828208
nonfire_videos,0,detectium_fire/non_fire/1805900101_clip_001.mp4,38,18,268,2742,0,0.0,30.581586997868726,0,NO_REAL_FIRE,4575.241599002766,5,False,0,,30.581586997868726
nonfire_videos,0,detectium_fire/non_fire/1805900101_clip_001.mp4,38,19,283,2743,0,0.0,8.944167002482573,0,NO_REAL_FIRE,3435.26532100077,5,False,0,,8.944167002482573
nonfire_videos,0,detectium_fire/non_fire/1805900101_clip_001.mp4,38,20,299,2744,0,0.0,10.310926001693588,0,NO_REAL_FIRE,3237.2573879983975,5,False,0,,10.310926001693588
nonfire_videos,0,detectium_fire/non_fire/1805900101_clip_002.mp4,39,1,0,2745,0,0.0,8.571579000999918,0,NO_REAL_FIRE,3977.5966920024075,5,True,0,NO_REAL_FIRE,3600.7815429984475
nonfire_videos,0,detectium_fire/non_fire/1805900101_clip_002.mp4,39,2,16,2746,0,0.0,32.153385000128765,0,NO_REAL_FIRE,3166.520941998897,5,False,0,,32.153385000128765
nonfire_videos,0,detectium_fire/non_fire/1805900101_clip_002.mp4,39,3,31,2747,0,0.0,11.802612996689277,0,NO_REAL_FIRE,3569.6433179982705,5,False,0,,11.802612996689277
nonfire_videos,0,detectium_fire/non_fire/1805900101_clip_002.mp4,39,4,47,2748,1,0.308359831571579,32.18830500190961,0,NO_REAL_FIRE,3368.9022889993794,5,False,1,,32.18830500190961
nonfire_videos,0,detectium_fire/non_fire/1805900101_clip_002.mp4,39,5,63,2749,1,0.3363226652145386,9.12292700013495,0,NO_REAL_FIRE,3146.2736329995096,5,False,1,,9.12292700013495
nonfire_videos,0,detectium_fire/non_fire/1805900101_clip_002.mp4,39,6,79,2750,1,0.3817129135131836,8.456168001430342,0,NO_REAL_FIRE,3006.5143890024046,5,True,0,NO_REAL_FIRE,4607.253499001672
nonfire_videos,0,detectium_fire/non_fire/1805900101_clip_002.mp4,39,7,94,2751,1,0.43446293473243713,8.518798000295646,0,NO_REAL_FIRE,3916.590207001718,5,False,1,,8.518798000295646
nonfire_videos,0,detectium_fire/non_fire/1805900101_clip_002.mp4,39,8,110,2752,1,0.3402538001537323,8.699886999238515,0,NO_REAL_FIRE,3626.8938239991257,5,False,1,,8.699886999238515
nonfire_videos,0,detectium_fire/non_fire/1805900101_clip_002.mp4,39,9,126,2753,1,0.3549221158027649,32.22551499857218,0,NO_REAL_FIRE,5202.073880998796,5,False,1,,32.22551499857218
nonfire_videos,0,detectium_fire/non_fire/1805900101_clip_002.mp4,39,10,142,2754,1,0.5549862384796143,32.235074999334756,0,NO_REAL_FIRE,4628.733654997632,5,False,1,,32.235074999334756
nonfire_videos,0,detectium_fire/non_fire/1805900101_clip_002.mp4,39,11,157,2755,1,0.3419053852558136,8.492408000165597,0,NO_REAL_FIRE,2873.5120910023397,5,True,0,NO_REAL_FIRE,4365.0993070004915
nonfire_videos,0,detectium_fire/non_fire/1805900101_clip_002.mp4,39,12,173,2756,0,0.0,9.280196998588508,0,NO_REAL_FIRE,3799.7769590001553,5,False,0,,9.280196998588508
nonfire_videos,0,detectium_fire/non_fire/1805900101_clip_002.mp4,39,13,189,2757,0,0.0,32.19707500102231,0,NO_REAL_FIRE,4787.691089000873,5,False,0,,32.19707500102231
nonfire_videos,0,detectium_fire/non_fire/1805900101_clip_002.mp4,39,14,205,2758,1,0.3091587424278259,9.235638000973267,0,NO_REAL_FIRE,3420.108121001249,5,False,1,,9.235638000973267
nonfire_videos,0,detectium_fire/non_fire/1805900101_clip_002.mp4,39,15,220,2759,1,0.33789798617362976,8.445748000667663,0,NO_REAL_FIRE,4227.674213998398,5,False,1,,8.445748000667663
nonfire_videos,0,detectium_fire/non_fire/1805900101_clip_002.mp4,39,16,236,2760,1,0.41585445404052734,8.537977999367286,0,NO_REAL_FIRE,4635.793035999086,5,True,0,NO_REAL_FIRE,4492.123067997454
nonfire_videos,0,detectium_fire/non_fire/1805900101_clip_002.mp4,39,17,252,2761,1,0.3225974440574646,8.508978000463685,0,NO_REAL_FIRE,3938.6830930016004,5,False,1,,8.508978000463685
nonfire_videos,0,detectium_fire/non_fire/1805900101_clip_002.mp4,39,18,268,2762,0,0.0,30.090067997662118,0,NO_REAL_FIRE,4557.476490001136,5,False,0,,30.090067997662118
nonfire_videos,0,detectium_fire/non_fire/1805900101_clip_002.mp4,39,19,283,2763,1,0.3547842502593994,32.9533240001183,0,NO_REAL_FIRE,3733.905989996856,5,False,1,,32.9533240001183
nonfire_videos,0,detectium_fire/non_fire/1805900101_clip_002.mp4,39,20,299,2764,1,0.32321223616600037,29.93112799958908,0,NO_REAL_FIRE,5079.65396399959,5,False,1,,29.93112799958908
nonfire_videos,0,detectium_fire/non_fire/1805900101_clip_003.mp4,40,1,0,2765,1,0.5292779207229614,11.303354000119725,0,NO_REAL_FIRE,3289.754321998771,5,True,0,NO_REAL_FIRE,3110.2909029978036
nonfire_videos,0,detectium_fire/non_fire/1805900101_clip_003.mp4,40,2,1,2766,1,0.3553869128227234,9.251996998500545,0,NO_REAL_FIRE,3207.0307089998096,5,False,1,,9.251996998500545
nonfire_videos,0,detectium_fire/non_fire/1805900101_clip_003.mp4,40,3,2,2767,1,0.4832099676132202,32.17942500123172,0,NO_REAL_FIRE,4719.423062000715,5,False,1,,32.17942500123172
nonfire_videos,0,detectium_fire/non_fire/1805900101_clip_003.mp4,40,4,3,2768,1,0.32719680666923523,20.228681001754012,0,NO_REAL_FIRE,3469.78882500116,5,False,1,,20.228681001754012
nonfire_videos,0,detectium_fire/non_fire/1805900101_clip_003.mp4,40,5,4,2769,1,0.4612058699131012,16.528687003301457,0,NO_REAL_FIRE,3814.420186001371,5,False,1,,16.528687003301457
nonfire_videos,0,detectium_fire/non_fire/1805900101_clip_003.mp4,40,6,5,2770,1,0.33635246753692627,9.374416997161461,0,NO_REAL_FIRE,3189.0719379989605,5,True,0,NO_REAL_FIRE,3215.2328319971275
nonfire_videos,0,detectium_fire/non_fire/1805900101_clip_003.mp4,40,7,6,2771,1,0.360027015209198,12.287843001104193,0,NO_REAL_FIRE,4573.3654819996445,5,False,1,,12.287843001104193
nonfire_videos,0,detectium_fire/non_fire/1805900101_clip_003.mp4,40,8,7,2772,1,0.33626729249954224,16.36825800233055,0,NO_REAL_FIRE,4515.114683999855,5,False,1,,16.36825800233055
nonfire_videos,0,detectium_fire/non_fire/1805900101_clip_003.mp4,40,9,8,2773,0,0.0,8.464508002361981,0,NO_REAL_FIRE,4111.971217000246,5,False,0,,8.464508002361981
nonfire_videos,0,detectium_fire/non_fire/1805900101_clip_003.mp4,40,10,9,2774,0,0.0,8.503327997459564,0,NO_REAL_FIRE,3756.267533000937,5,False,0,,8.503327997459564
nonfire_videos,0,detectium_fire/non_fire/1805900101_clip_003.mp4,40,11,10,2775,1,0.2677202820777893,15.993947999959346,0,NO_REAL_FIRE,5450.991346002411,5,True,0,NO_REAL_FIRE,4374.483794999833
nonfire_videos,0,detectium_fire/non_fire/1805900101_clip_003.mp4,40,12,11,2776,0,0.0,9.53076699806843,0,NO_REAL_FIRE,3526.987654997356,5,False,0,,9.53076699806843
nonfire_videos,0,detectium_fire/non_fire/1805900101_clip_003.mp4,40,13,12,2777,1,0.41268259286880493,26.900012999249157,0,NO_REAL_FIRE,3375.625297001534,5,False,1,,26.900012999249157
nonfire_videos,0,detectium_fire/non_fire/1805900101_clip_003.mp4,40,14,13,2778,1,0.37448179721832275,8.93318700036616,0,NO_REAL_FIRE,3386.347053001373,5,False,1,,8.93318700036616
nonfire_videos,0,detectium_fire/non_fire/1805900101_clip_003.mp4,40,15,14,2779,1,0.3666868209838867,27.373712000553496,0,NO_REAL_FIRE,3227.2024039993994,5,False,1,,27.373712000553496
nonfire_videos,0,detectium_fire/non_fire/1805900101_clip_003.mp4,40,16,15,2780,1,0.36077138781547546,14.643300000898307,0,NO_REAL_FIRE,3664.783336000255,5,True,0,NO_REAL_FIRE,4575.83348299886
nonfire_videos,0,detectium_fire/non_fire/1809735759_clip_001.mp4,41,1,0,2781,0,0.0,11.131753999507055,0,NO_REAL_FIRE,3262.5427679995482,5,False,0,,11.131753999507055
nonfire_videos,0,detectium_fire/non_fire/1809735759_clip_001.mp4,41,2,15,2782,0,0.0,32.138574999407865,0,NO_REAL_FIRE,3141.3723259975086,5,False,0,,32.138574999407865
nonfire_videos,0,detectium_fire/non_fire/1809735759_clip_001.mp4,41,3,30,2783,0,0.0,32.25343599842745,0,NO_REAL_FIRE,3234.2359680005757,5,False,0,,32.25343599842745
nonfire_videos,0,detectium_fire/non_fire/1809735759_clip_001.mp4,41,4,46,2784,0,0.0,9.37473700105329,0,NO_REAL_FIRE,2696.485456002847,5,False,0,,9.37473700105329
nonfire_videos,0,detectium_fire/non_fire/1809735759_clip_001.mp4,41,5,61,2785,0,0.0,8.73340699763503,0,NO_REAL_FIRE,3091.470188002859,5,True,0,NO_REAL_FIRE,2778.5191719958675
nonfire_videos,0,detectium_fire/non_fire/1809735759_clip_001.mp4,41,6,76,2786,1,0.39882683753967285,11.500254000566201,0,NO_REAL_FIRE,2754.7072960005607,5,False,1,,11.500254000566201
nonfire_videos,0,detectium_fire/non_fire/1809735759_clip_001.mp4,41,7,91,2787,1,0.5344030857086182,13.65412999803084,0,NO_REAL_FIRE,2849.8813350015553,5,False,1,,13.65412999803084
nonfire_videos,0,detectium_fire/non_fire/1809735759_clip_001.mp4,41,8,106,2788,1,0.49352073669433594,32.18332599863061,0,NO_REAL_FIRE,2729.5219320003525,5,False,1,,32.18332599863061
nonfire_videos,0,detectium_fire/non_fire/1809735759_clip_001.mp4,41,9,122,2789,1,0.6891469955444336,15.99002800139715,0,NO_REAL_FIRE,3006.6055079987564,5,False,1,,15.99002800139715
nonfire_videos,0,detectium_fire/non_fire/1809735759_clip_001.mp4,41,10,137,2790,1,0.53226238489151,32.221174998994684,0,NO_REAL_FIRE,3201.7253579979297,5,True,0,NO_REAL_FIRE,3689.647150997189
nonfire_videos,0,detectium_fire/non_fire/1809735759_clip_001.mp4,41,11,152,2791,1,0.4175509214401245,21.34940999894752,0,NO_REAL_FIRE,3177.8003130020807,5,False,1,,21.34940999894752
nonfire_videos,0,detectium_fire/non_fire/1809735759_clip_001.mp4,41,12,167,2792,1,0.3084774315357208,20.12213200214319,0,NO_REAL_FIRE,2999.589229999401,5,False,1,,20.12213200214319
nonfire_videos,0,detectium_fire/non_fire/1809735759_clip_001.mp4,41,13,183,2793,1,0.3654833137989044,9.127227000135463,0,NO_REAL_FIRE,2580.20738200139,5,False,1,,9.127227000135463
nonfire_videos,0,detectium_fire/non_fire/1809735759_clip_001.mp4,41,14,198,2794,1,0.3917199373245239,8.679348000441678,0,NO_REAL_FIRE,2714.487597000698,5,False,1,,8.679348000441678
nonfire_videos,0,detectium_fire/non_fire/1809735759_clip_001.mp4,41,15,213,2795,1,0.29474419355392456,10.44644600187894,0,NO_REAL_FIRE,3270.220016998792,5,True,0,NO_REAL_FIRE,3416.224485001294
nonfire_videos,0,detectium_fire/non_fire/1809735759_clip_001.mp4,41,16,228,2796,0,0.0,10.125315999175655,0,NO_REAL_FIRE,3494.507186998817,5,False,0,,10.125315999175655
nonfire_videos,0,detectium_fire/non_fire/1809735759_clip_001.mp4,41,17,243,2797,1,0.5422309637069702,32.2301249980228,0,NO_REAL_FIRE,2868.4776959999,5,False,1,,32.2301249980228
nonfire_videos,0,detectium_fire/non_fire/1809735759_clip_001.mp4,41,18,259,2798,1,0.454202264547348,11.390095001843292,0,NO_REAL_FIRE,2597.6566310018825,5,False,1,,11.390095001843292
nonfire_videos,0,detectium_fire/non_fire/1809735759_clip_001.mp4,41,19,274,2799,1,0.2725490927696228,8.670327999425353,0,NO_REAL_FIRE,3377.317161000974,5,False,1,,8.670327999425353
nonfire_videos,0,detectium_fire/non_fire/1809735759_clip_001.mp4,41,20,289,2800,0,0.0,24.15094699972542,0,NO_REAL_FIRE,3279.4960969986278,5,True,0,NO_REAL_FIRE,3310.5182660001446
nonfire_videos,0,detectium_fire/non_fire/1809735759_clip_002.mp4,42,1,0,2801,0,0.0,32.626234999042936,0,NO_REAL_FIRE,3400.1506509994215,5,False,0,,32.626234999042936
nonfire_videos,0,detectium_fire/non_fire/1809735759_clip_002.mp4,42,2,13,2802,0,0.0,10.311196001566714,0,NO_REAL_FIRE,3882.182904999354,5,False,0,,10.311196001566714
nonfire_videos,0,detectium_fire/non_fire/1809735759_clip_002.mp4,42,3,26,2803,0,0.0,32.17895599664189,0,NO_REAL_FIRE,3384.9657040009333,5,False,0,,32.17895599664189
nonfire_videos,0,detectium_fire/non_fire/1809735759_clip_002.mp4,42,4,39,2804,1,0.3486371338367462,9.089077997487038,0,NO_REAL_FIRE,2579.5666390004044,5,False,1,,9.089077997487038
nonfire_videos,0,detectium_fire/non_fire/1809735759_clip_002.mp4,42,5,52,2805,1,0.3624802529811859,8.574068000598345,0,NO_REAL_FIRE,2933.7424090008426,5,True,0,NO_REAL_FIRE,2711.691657001211
nonfire_videos,0,detectium_fire/non_fire/1809735759_clip_002.mp4,42,6,65,2806,1,0.6061314344406128,21.996510000462877,0,NO_REAL_FIRE,3528.546006997203,5,False,1,,21.996510000462877
nonfire_videos,0,detectium_fire/non_fire/1809735759_clip_002.mp4,42,7,78,2807,1,0.838127076625824,27.468852000311017,0,NO_REAL_FIRE,3556.5058890024375,5,False,1,,27.468852000311017
nonfire_videos,0,detectium_fire/non_fire/1809735759_clip_002.mp4,42,8,91,2808,1,0.8310714364051819,29.399939001450548,0,NO_REAL_FIRE,3402.446153002529,5,False,1,,29.399939001450548
nonfire_videos,0,detectium_fire/non_fire/1809735759_clip_002.mp4,42,9,104,2809,1,0.7511168122291565,9.821855997870443,0,NO_REAL_FIRE,3127.992453999468,5,False,1,,9.821855997870443
nonfire_videos,0,detectium_fire/non_fire/1809735759_clip_002.mp4,42,10,117,2810,1,0.6306596398353577,9.281497998017585,0,NO_REAL_FIRE,3229.0282050016685,5,True,0,NO_REAL_FIRE,3065.3936509988853
nonfire_videos,0,detectium_fire/non_fire/1809735759_clip_002.mp4,42,11,131,2811,1,0.6973229050636292,8.561337999708485,0,NO_REAL_FIRE,3149.0074760004063,5,False,1,,8.561337999708485
nonfire_videos,0,detectium_fire/non_fire/1809735759_clip_002.mp4,42,12,144,2812,1,0.33870047330856323,13.259972001833376,0,NO_REAL_FIRE,2619.705178000004,5,False,1,,13.259972001833376
nonfire_videos,0,detectium_fire/non_fire/1809735759_clip_002.mp4,42,13,157,2813,1,0.7104713916778564,9.967417001462309,0,NO_REAL_FIRE,3554.4193259993335,5,False,1,,9.967417001462309
nonfire_videos,0,detectium_fire/non_fire/1809735759_clip_002.mp4,42,14,170,2814,1,0.5813266634941101,11.204545000509825,0,NO_REAL_FIRE,3861.0461329990358,5,False,1,,11.204545000509825
nonfire_videos,0,detectium_fire/non_fire/1809735759_clip_002.mp4,42,15,183,2815,1,0.4841110110282898,32.284105000144336,0,NO_REAL_FIRE,3819.0803810030047,5,True,0,NO_REAL_FIRE,4330.065127000125
nonfire_videos,0,detectium_fire/non_fire/1809735759_clip_002.mp4,42,16,196,2816,1,0.27131450176239014,11.665414000162855,0,NO_REAL_FIRE,2970.919514998968,5,False,1,,11.665414000162855
nonfire_videos,0,detectium_fire/non_fire/1809735759_clip_002.mp4,42,17,209,2817,1,0.6495850086212158,9.119636997638736,0,NO_REAL_FIRE,2863.087584999448,5,False,1,,9.119636997638736
nonfire_videos,0,detectium_fire/non_fire/1809735759_clip_002.mp4,42,18,222,2818,1,0.6464536786079407,18.656584001291776,0,NO_REAL_FIRE,3730.2594569991925,5,False,1,,18.656584001291776
nonfire_videos,0,detectium_fire/non_fire/1809735759_clip_002.mp4,42,19,235,2819,0,0.0,11.152795002999483,0,NO_REAL_FIRE,4372.7225700022245,5,False,0,,11.152795002999483
nonfire_videos,0,detectium_fire/non_fire/1809735759_clip_002.mp4,42,20,248,2820,0,0.0,9.537797002849402,0,NO_REAL_FIRE,3103.970293999737,5,True,0,NO_REAL_FIRE,2994.8110950026603
nonfire_videos,0,detectium_fire/non_fire/1811207949_clip_001.mp4,43,1,0,2821,0,0.0,9.808496997720795,0,NO_REAL_FIRE,3329.039844000363,5,False,0,,9.808496997720795
nonfire_videos,0,detectium_fire/non_fire/1811207949_clip_001.mp4,43,2,16,2822,0,0.0,8.36852800057386,0,NO_REAL_FIRE,3446.216883003217,5,False,0,,8.36852800057386
nonfire_videos,0,detectium_fire/non_fire/1811207949_clip_001.mp4,43,3,31,2823,0,0.0,8.383869000681443,0,NO_REAL_FIRE,4081.0526159984875,5,False,0,,8.383869000681443
nonfire_videos,0,detectium_fire/non_fire/1811207949_clip_001.mp4,43,4,47,2824,0,0.0,15.014789001725148,0,NO_REAL_FIRE,3805.0604579984793,5,False,0,,15.014789001725148
nonfire_videos,0,detectium_fire/non_fire/1811207949_clip_001.mp4,43,5,63,2825,0,0.0,32.87800399994012,0,NO_REAL_FIRE,3383.313600999827,5,True,0,NO_REAL_FIRE,3112.817334000283
nonfire_videos,0,detectium_fire/non_fire/1811207949_clip_001.mp4,43,6,79,2826,0,0.0,8.351459000550676,0,NO_REAL_FIRE,3708.3374530011497,5,False,0,,8.351459000550676
nonfire_videos,0,detectium_fire/non_fire/1811207949_clip_001.mp4,43,7,94,2827,0,0.0,23.109959001885727,0,NO_REAL_FIRE,3361.8234519999532,5,False,0,,23.109959001885727
nonfire_videos,0,detectium_fire/non_fire/1811207949_clip_001.mp4,43,8,110,2828,0,0.0,32.180595997488126,0,NO_REAL_FIRE,4551.6657719999785,5,False,0,,32.180595997488126
nonfire_videos,0,detectium_fire/non_fire/1811207949_clip_001.mp4,43,9,126,2829,0,0.0,25.914633999491343,0,NO_REAL_FIRE,3833.5478029985097,5,False,0,,25.914633999491343
nonfire_videos,0,detectium_fire/non_fire/1811207949_clip_001.mp4,43,10,142,2830,0,0.0,8.40082899958361,0,NO_REAL_FIRE,4921.9681229988055,5,True,0,NO_REAL_FIRE,5693.7290799978655
nonfire_videos,0,detectium_fire/non_fire/1811207949_clip_001.mp4,43,11,157,2831,0,0.0,10.460044999490492,0,NO_REAL_FIRE,3138.570733997767,5,False,0,,10.460044999490492
nonfire_videos,0,detectium_fire/non_fire/1811207949_clip_001.mp4,43,12,173,2832,0,0.0,10.97720500183641,0,NO_REAL_FIRE,2946.9630679996044,5,False,0,,10.97720500183641
nonfire_videos,0,detectium_fire/non_fire/1811207949_clip_001.mp4,43,13,189,2833,0,0.0,8.464288999675773,0,NO_REAL_FIRE,2804.868393999641,5,False,0,,8.464288999675773
nonfire_videos,0,detectium_fire/non_fire/1811207949_clip_001.mp4,43,14,205,2834,0,0.0,8.464178998110583,0,NO_REAL_FIRE,2956.502984998224,5,False,0,,8.464178998110583
nonfire_videos,0,detectium_fire/non_fire/1811207949_clip_001.mp4,43,15,220,2835,0,0.0,14.41038999837474,0,NO_REAL_FIRE,3023.0205740008387,5,True,0,NO_REAL_FIRE,3336.4417619959568
nonfire_videos,0,detectium_fire/non_fire/1811207949_clip_001.mp4,43,16,236,2836,0,0.0,8.525477998773567,0,NO_REAL_FIRE,3509.8411250000936,5,False,0,,8.525477998773567
nonfire_videos,0,detectium_fire/non_fire/1811207949_clip_001.mp4,43,17,252,2837,0,0.0,32.1725960020558,0,NO_REAL_FIRE,3549.66296999919,5,False,0,,32.1725960020558
nonfire_videos,0,detectium_fire/non_fire/1811207949_clip_001.mp4,43,18,268,2838,0,0.0,32.13598599904799,0,NO_REAL_FIRE,3041.2871099979384,5,False,0,,32.13598599904799
nonfire_videos,0,detectium_fire/non_fire/1811207949_clip_001.mp4,43,19,283,2839,0,0.0,32.15217600154574,0,NO_REAL_FIRE,2784.7354039986385,5,False,0,,32.15217600154574
nonfire_videos,0,detectium_fire/non_fire/1811207949_clip_001.mp4,43,20,299,2840,0,0.0,10.248165999655612,0,NO_REAL_FIRE,3657.57865300111,5,True,0,NO_REAL_FIRE,3639.279187998909
nonfire_videos,0,detectium_fire/non_fire/1811207949_clip_002.mp4,44,1,0,2841,0,0.0,32.16832500038436,0,NO_REAL_FIRE,3433.3887930006313,5,False,0,,32.16832500038436
nonfire_videos,0,detectium_fire/non_fire/1811207949_clip_002.mp4,44,2,16,2842,0,0.0,32.20069599774433,0,NO_REAL_FIRE,3445.9530450003513,5,False,0,,32.20069599774433
nonfire_videos,0,detectium_fire/non_fire/1811207949_clip_002.mp4,44,3,31,2843,0,0.0,10.283816001901869,0,NO_REAL_FIRE,3433.1218139996054,5,False,0,,10.283816001901869
nonfire_videos,0,detectium_fire/non_fire/1811207949_clip_002.mp4,44,4,47,2844,0,0.0,32.13213499839185,0,NO_REAL_FIRE,3180.9298420012055,5,False,0,,32.13213499839185
nonfire_videos,0,detectium_fire/non_fire/1811207949_clip_002.mp4,44,5,63,2845,0,0.0,8.472418998280773,0,NO_REAL_FIRE,2876.850390002801,5,True,0,NO_REAL_FIRE,3381.964516000153
nonfire_videos,0,detectium_fire/non_fire/1811207949_clip_002.mp4,44,6,79,2846,0,0.0,8.403268999245483,0,NO_REAL_FIRE,3571.075955998822,5,False,0,,8.403268999245483
nonfire_videos,0,detectium_fire/non_fire/1811207949_clip_002.mp4,44,7,94,2847,0,0.0,14.241699998819968,0,NO_REAL_FIRE,3938.5819910021382,5,False,0,,14.241699998819968
nonfire_videos,0,detectium_fire/non_fire/1811207949_clip_002.mp4,44,8,110,2848,0,0.0,20.10511199841858,0,NO_REAL_FIRE,3809.1382990023703,5,False,0,,20.10511199841858
nonfire_videos,0,detectium_fire/non_fire/1811207949_clip_002.mp4,44,9,126,2849,0,0.0,32.18461500000558,0,NO_REAL_FIRE,3396.5072680002777,5,False,0,,32.18461500000558
nonfire_videos,0,detectium_fire/non_fire/1811207949_clip_002.mp4,44,10,142,2850,0,0.0,8.43442900077207,0,NO_REAL_FIRE,2738.4165129988105,5,True,0,NO_REAL_FIRE,3023.270162000699
nonfire_videos,0,detectium_fire/non_fire/1811207949_clip_002.mp4,44,11,157,2851,0,0.0,32.165975997486385,0,NO_REAL_FIRE,3734.4807039989973,5,False,0,,32.165975997486385
nonfire_videos,0,detectium_fire/non_fire/1811207949_clip_002.mp4,44,12,173,2852,0,0.0,32.20174599846359,0,NO_REAL_FIRE,3676.735404002102,5,False,0,,32.20174599846359
nonfire_videos,0,detectium_fire/non_fire/1811207949_clip_002.mp4,44,13,189,2853,0,0.0,21.419221000542166,0,NO_REAL_FIRE,4060.0844670007064,5,False,0,,21.419221000542166
nonfire_videos,0,detectium_fire/non_fire/1811207949_clip_002.mp4,44,14,205,2854,0,0.0,8.46585800172761,0,NO_REAL_FIRE,3185.2120500007004,5,False,0,,8.46585800172761
nonfire_videos,0,detectium_fire/non_fire/1811207949_clip_002.mp4,44,15,220,2855,0,0.0,9.183756999846082,0,NO_REAL_FIRE,3179.7195290018863,5,True,0,NO_REAL_FIRE,4006.6131009989476
nonfire_videos,0,detectium_fire/non_fire/1811207949_clip_002.mp4,44,16,236,2856,0,0.0,32.16768600032083,0,NO_REAL_FIRE,3652.327640000294,5,False,0,,32.16768600032083
nonfire_videos,0,detectium_fire/non_fire/1811207949_clip_002.mp4,44,17,252,2857,0,0.0,19.80990300216945,0,NO_REAL_FIRE,3756.061258001864,5,False,0,,19.80990300216945
nonfire_videos,0,detectium_fire/non_fire/1811207949_clip_002.mp4,44,18,268,2858,0,0.0,12.30105300055584,0,NO_REAL_FIRE,3307.9779039981076,5,False,0,,12.30105300055584
nonfire_videos,0,detectium_fire/non_fire/1811207949_clip_002.mp4,44,19,283,2859,0,0.0,32.18363599808072,0,NO_REAL_FIRE,4457.8017050007475,5,False,0,,32.18363599808072
nonfire_videos,0,detectium_fire/non_fire/1811207949_clip_002.mp4,44,20,299,2860,0,0.0,13.780561999737984,0,NO_REAL_FIRE,3005.1038400015386,5,True,0,NO_REAL_FIRE,4240.359875999275
nonfire_videos,0,detectium_fire/non_fire/1811207949_clip_003.mp4,45,1,0,2861,0,0.0,32.19738500047242,0,NO_REAL_FIRE,3365.049677002389,5,False,0,,32.19738500047242
nonfire_videos,0,detectium_fire/non_fire/1811207949_clip_003.mp4,45,2,16,2862,0,0.0,32.94123500018031,0,NO_REAL_FIRE,3744.080126998597,5,False,0,,32.94123500018031
nonfire_videos,0,detectium_fire/non_fire/1811207949_clip_003.mp4,45,3,31,2863,0,0.0,32.175565997022204,0,NO_REAL_FIRE,3131.3975890006986,5,False,0,,32.175565997022204
nonfire_videos,0,detectium_fire/non_fire/1811207949_clip_003.mp4,45,4,47,2864,0,0.0,8.58924800195382,0,NO_REAL_FIRE,2827.124907002144,5,False,0,,8.58924800195382
nonfire_videos,0,detectium_fire/non_fire/1811207949_clip_003.mp4,45,5,63,2865,0,0.0,8.855798001604853,0,NO_REAL_FIRE,3135.6481129987515,5,True,0,NO_REAL_FIRE,2854.333040999336
nonfire_videos,0,detectium_fire/non_fire/1811207949_clip_003.mp4,45,6,79,2866,0,0.0,8.429359000729164,0,NO_REAL_FIRE,3403.496915998403,5,False,0,,8.429359000729164
nonfire_videos,0,detectium_fire/non_fire/1811207949_clip_003.mp4,45,7,94,2867,0,0.0,12.522912998974789,0,NO_REAL_FIRE,4046.029074997932,5,False,0,,12.522912998974789
nonfire_videos,0,detectium_fire/non_fire/1811207949_clip_003.mp4,45,8,110,2868,0,0.0,12.881712002126733,0,NO_REAL_FIRE,3891.586036999797,5,False,0,,12.881712002126733
nonfire_videos,0,detectium_fire/non_fire/1811207949_clip_003.mp4,45,9,126,2869,0,0.0,32.20310499818879,0,NO_REAL_FIRE,3663.009301999409,5,False,0,,32.20310499818879
nonfire_videos,0,detectium_fire/non_fire/1811207949_clip_003.mp4,45,10,142,2870,0,0.0,10.557776000496233,0,NO_REAL_FIRE,2926.7108729982283,5,True,0,NO_REAL_FIRE,3416.1899520004226
nonfire_videos,0,detectium_fire/non_fire/1811207949_clip_003.mp4,45,11,157,2871,0,0.0,32.17174599922146,0,NO_REAL_FIRE,3976.406293000764,5,False,0,,32.17174599922146
nonfire_videos,0,detectium_fire/non_fire/1811207949_clip_003.mp4,45,12,173,2872,0,0.0,8.41741900148918,0,NO_REAL_FIRE,3413.2581159974507,5,False,0,,8.41741900148918
nonfire_videos,0,detectium_fire/non_fire/1811207949_clip_003.mp4,45,13,189,2873,0,0.0,8.845807999023236,0,NO_REAL_FIRE,3854.9608499997703,5,False,0,,8.845807999023236
nonfire_videos,0,detectium_fire/non_fire/1811207949_clip_003.mp4,45,14,205,2874,0,0.0,31.970105999789666,0,NO_REAL_FIRE,3685.837521999929,5,False,0,,31.970105999789666
nonfire_videos,0,detectium_fire/non_fire/1811207949_clip_003.mp4,45,15,220,2875,0,0.0,8.495898997352924,0,NO_REAL_FIRE,3185.859568999149,5,True,0,NO_REAL_FIRE,3511.680632997013
nonfire_videos,0,detectium_fire/non_fire/1811207949_clip_003.mp4,45,16,236,2876,0,0.0,9.729516998049803,0,NO_REAL_FIRE,3541.1698930001876,5,False,0,,9.729516998049803
nonfire_videos,0,detectium_fire/non_fire/1811207949_clip_003.mp4,45,17,252,2877,0,0.0,9.214677000272786,0,NO_REAL_FIRE,4044.7572720004246,5,False,0,,9.214677000272786
nonfire_videos,0,detectium_fire/non_fire/1811207949_clip_003.mp4,45,18,268,2878,0,0.0,30.65892700033146,0,NO_REAL_FIRE,4168.272314000205,5,False,0,,30.65892700033146
nonfire_videos,0,detectium_fire/non_fire/1811207949_clip_003.mp4,45,19,283,2879,0,0.0,32.15719500076375,0,NO_REAL_FIRE,3732.9811999989033,5,False,0,,32.15719500076375
nonfire_videos,0,detectium_fire/non_fire/1811207949_clip_003.mp4,45,20,299,2880,0,0.0,13.072122001176467,0,NO_REAL_FIRE,3375.787020999269,5,True,0,NO_REAL_FIRE,3668.9483690024645
nonfire_videos,0,detectium_fire/non_fire/1811207949_clip_004.mp4,46,1,0,2881,0,0.0,10.374566001701169,0,NO_REAL_FIRE,3514.3734220000624,5,False,0,,10.374566001701169
nonfire_videos,0,detectium_fire/non_fire/1811207949_clip_004.mp4,46,2,1,2882,0,0.0,8.859978002874414,0,NO_REAL_FIRE,3094.10194800148,5,False,0,,8.859978002874414
nonfire_videos,0,detectium_fire/non_fire/1811207949_clip_004.mp4,46,3,2,2883,0,0.0,8.832537998387124,0,NO_REAL_FIRE,3984.2552680020162,5,False,0,,8.832537998387124
nonfire_videos,0,detectium_fire/non_fire/1811207949_clip_004.mp4,46,4,3,2884,0,0.0,32.144385997526115,0,NO_REAL_FIRE,3875.392997997551,5,False,0,,32.144385997526115
nonfire_videos,0,detectium_fire/non_fire/1811207949_clip_004.mp4,46,5,4,2885,0,0.0,9.360257001389982,0,NO_REAL_FIRE,3703.8959029996477,5,True,0,NO_REAL_FIRE,4364.657218000502
nonfire_videos,0,detectium_fire/non_fire/1811207949_clip_004.mp4,46,6,5,2886,0,0.0,10.36080600169953,0,NO_REAL_FIRE,2913.905575998797,5,False,0,,10.36080600169953
nonfire_videos,0,detectium_fire/non_fire/1811207949_clip_004.mp4,46,7,6,2887,0,0.0,17.41967600173666,0,NO_REAL_FIRE,3173.7907099995937,5,False,0,,17.41967600173666
nonfire_videos,0,detectium_fire/non_fire/1811207949_clip_004.mp4,46,8,7,2888,0,0.0,32.201786001678556,0,NO_REAL_FIRE,3317.9805729996588,5,False,0,,32.201786001678556
nonfire_videos,0,detectium_fire/non_fire/1811207949_clip_004.mp4,46,9,8,2889,0,0.0,8.790608000708744,0,NO_REAL_FIRE,3558.2957949991396,5,False,0,,8.790608000708744
nonfire_videos,0,detectium_fire/non_fire/1811207949_clip_004.mp4,46,10,9,2890,0,0.0,8.7813880018075,0,NO_REAL_FIRE,4907.101945998875,5,True,0,NO_REAL_FIRE,2864.306076004141
nonfire_videos,0,detectium_fire/non_fire/1811207949_clip_004.mp4,46,11,10,2891,0,0.0,8.40384899856872,0,NO_REAL_FIRE,4481.689129999722,5,False,0,,8.40384899856872
nonfire_videos,0,detectium_fire/non_fire/1811207949_clip_004.mp4,46,12,11,2892,0,0.0,9.13521699840203,0,NO_REAL_FIRE,3640.6574139982695,5,False,0,,9.13521699840203
nonfire_videos,0,detectium_fire/non_fire/1811207949_clip_004.mp4,46,13,12,2893,0,0.0,10.098195998580195,0,NO_REAL_FIRE,3021.8085209999117,5,False,0,,10.098195998580195
nonfire_videos,0,detectium_fire/non_fire/1812355101_clip_001.mp4,47,1,0,2894,1,0.3336256146430969,10.282295999786584,0,NO_REAL_FIRE,4245.887105000293,5,False,1,,10.282295999786584
nonfire_videos,0,detectium_fire/non_fire/1812355101_clip_001.mp4,47,2,15,2895,0,0.0,8.727158001420321,0,NO_REAL_FIRE,3767.535910999868,5,True,0,NO_REAL_FIRE,4212.157032001414
nonfire_videos,0,detectium_fire/non_fire/1812355101_clip_001.mp4,47,3,30,2896,0,0.0,19.69884200298111,0,NO_REAL_FIRE,3869.6498819990666,5,False,0,,19.69884200298111
nonfire_videos,0,detectium_fire/non_fire/1812355101_clip_001.mp4,47,4,46,2897,0,0.0,11.843854001199361,0,NO_REAL_FIRE,4028.357563998725,5,False,0,,11.843854001199361
nonfire_videos,0,detectium_fire/non_fire/1812355101_clip_001.mp4,47,5,61,2898,0,0.0,32.142306001333054,0,NO_REAL_FIRE,3737.6832219997596,5,False,0,,32.142306001333054
nonfire_videos,0,detectium_fire/non_fire/1812355101_clip_001.mp4,47,6,76,2899,0,0.0,13.758721001067897,0,NO_REAL_FIRE,4645.876708997093,5,False,0,,13.758721001067897
nonfire_videos,0,detectium_fire/non_fire/1812355101_clip_001.mp4,47,7,91,2900,0,0.0,8.704447998752585,0,NO_REAL_FIRE,3198.919960999774,5,True,0,NO_REAL_FIRE,4069.556719998218
nonfire_videos,0,detectium_fire/non_fire/1812355101_clip_001.mp4,47,8,106,2901,1,0.257110059261322,8.659097999043297,0,NO_REAL_FIRE,5003.526151998813,5,False,1,,8.659097999043297
nonfire_videos,0,detectium_fire/non_fire/1812355101_clip_001.mp4,47,9,122,2902,0,0.0,32.20491599859088,0,NO_REAL_FIRE,3784.8155709980347,5,False,0,,32.20491599859088
nonfire_videos,0,detectium_fire/non_fire/1812355101_clip_001.mp4,47,10,137,2903,0,0.0,26.76339399840799,0,NO_REAL_FIRE,4753.085845000896,5,False,0,,26.76339399840799
nonfire_videos,0,detectium_fire/non_fire/1812355101_clip_001.mp4,47,11,152,2904,0,0.0,9.657595997850876,0,NO_REAL_FIRE,3374.396302002424,5,False,0,,9.657595997850876
nonfire_videos,0,detectium_fire/non_fire/1812355101_clip_001.mp4,47,12,167,2905,1,0.2626945972442627,28.981890001887223,0,NO_REAL_FIRE,3851.134930999251,5,True,0,NO_REAL_FIRE,3975.075561000267
nonfire_videos,0,detectium_fire/non_fire/1812355101_clip_001.mp4,47,13,183,2906,0,0.0,10.747835000074701,0,NO_REAL_FIRE,5414.050813000358,5,False,0,,10.747835000074701
nonfire_videos,0,detectium_fire/non_fire/1812355101_clip_001.mp4,47,14,198,2907,0,0.0,8.427728000242496,0,NO_REAL_FIRE,5056.670032998227,5,False,0,,8.427728000242496
nonfire_videos,0,detectium_fire/non_fire/1812355101_clip_001.mp4,47,15,213,2908,0,0.0,8.457228999759536,0,NO_REAL_FIRE,3091.7172609988484,5,False,0,,8.457228999759536
nonfire_videos,0,detectium_fire/non_fire/1812355101_clip_001.mp4,47,16,228,2909,0,0.0,19.23253399945679,0,NO_REAL_FIRE,2915.4176919983,5,False,0,,19.23253399945679
nonfire_videos,0,detectium_fire/non_fire/1812355101_clip_001.mp4,47,17,243,2910,1,0.25242823362350464,9.183448000840144,0,NO_REAL_FIRE,3035.145988000295,5,True,0,NO_REAL_FIRE,5794.882266000059
nonfire_videos,0,detectium_fire/non_fire/1812355101_clip_001.mp4,47,18,259,2911,1,0.29968538880348206,8.53248900239123,0,NO_REAL_FIRE,4717.031419000705,5,False,1,,8.53248900239123
nonfire_videos,0,detectium_fire/non_fire/1812355101_clip_001.mp4,47,19,274,2912,1,0.2865296006202698,31.526116999884835,0,NO_REAL_FIRE,4396.365137999965,5,False,1,,31.526116999884835
nonfire_videos,0,detectium_fire/non_fire/1812355101_clip_001.mp4,47,20,289,2913,1,0.26888665556907654,9.651906999351922,0,NO_REAL_FIRE,3716.4470280004025,5,False,1,,9.651906999351922
nonfire_videos,0,detectium_fire/non_fire/1812355101_clip_002.mp4,48,1,0,2914,1,0.2755528390407562,8.834888001729269,0,NO_REAL_FIRE,3656.5920209977776,5,False,1,,8.834888001729269
nonfire_videos,0,detectium_fire/non_fire/1812355101_clip_002.mp4,48,2,1,2915,0,0.0,32.172025999898324,0,NO_REAL_FIRE,4633.899245000066,5,True,0,NO_REAL_FIRE,3724.8488789991825
nonfire_videos,0,detectium_fire/non_fire/1812355101_clip_002.mp4,48,3,2,2916,1,0.28910037875175476,8.76982699992368,0,NO_REAL_FIRE,3585.595767999621,5,False,1,,8.76982699992368
nonfire_videos,0,detectium_fire/non_fire/1812355101_clip_002.mp4,48,4,3,2917,1,0.2848220765590668,15.54373500039219,0,NO_REAL_FIRE,4995.964564997848,5,False,1,,15.54373500039219
nonfire_videos,0,detectium_fire/non_fire/1812355101_clip_002.mp4,48,5,4,2918,1,0.3083028197288513,8.457055999315344,0,NO_REAL_FIRE,2940.594035997492,5,False,1,,8.457055999315344
nonfire_videos,0,detectium_fire/non_fire/1812355101_clip_002.mp4,48,6,5,2919,1,0.304072767496109,9.296084997913567,0,NO_REAL_FIRE,3961.1007959974813,5,False,1,,9.296084997913567
nonfire_videos,0,detectium_fire/non_fire/1812355101_clip_002.mp4,48,7,6,2920,1,0.30558085441589355,32.24074799800292,0,NO_REAL_FIRE,5988.159751999774,5,True,0,NO_REAL_FIRE,4518.457924998074
nonfire_videos,0,detectium_fire/non_fire/1812355101_clip_002.mp4,48,8,7,2921,1,0.30609360337257385,8.54568599970662,0,NO_REAL_FIRE,4436.814294000214,5,False,1,,8.54568599970662
nonfire_videos,0,detectium_fire/non_fire/1812355101_clip_002.mp4,48,9,8,2922,1,0.2935446798801422,26.07762899788213,0,NO_REAL_FIRE,2881.2143850009306,5,False,1,,26.07762899788213
nonfire_videos,0,detectium_fire/non_fire/1812355101_clip_002.mp4,48,10,9,2923,1,0.3032416105270386,27.335817001585383,0,NO_REAL_FIRE,3343.864214999485,5,False,1,,27.335817001585383
nonfire_videos,0,detectium_fire/non_fire/1812355101_clip_002.mp4,48,11,10,2924,1,0.3080127537250519,15.229415999783669,0,NO_REAL_FIRE,4963.508579003246,5,False,1,,15.229415999783669
nonfire_videos,0,detectium_fire/non_fire/1812355101_clip_002.mp4,48,12,11,2925,1,0.3091237246990204,30.064271999435732,0,NO_REAL_FIRE,4829.231399999117,5,True,0,NO_REAL_FIRE,4423.514856996917
nonfire_videos,0,detectium_fire/non_fire/1812355101_clip_002.mp4,48,13,12,2926,1,0.2804240882396698,8.428455999819562,0,NO_REAL_FIRE,4683.300436001446,5,False,1,,8.428455999819562
nonfire_videos,0,detectium_fire/non_fire/1812355101_clip_002.mp4,48,14,13,2927,1,0.27906644344329834,27.04941800038796,0,NO_REAL_FIRE,4668.356397000025,5,False,1,,27.04941800038796
nonfire_videos,0,detectium_fire/non_fire/1812355101_clip_002.mp4,48,15,14,2928,1,0.2593981623649597,8.68700599676231,0,NO_REAL_FIRE,4406.512346999079,5,False,1,,8.68700599676231
nonfire_videos,0,detectium_fire/non_fire/1812355101_clip_002.mp4,48,16,15,2929,1,0.27101272344589233,8.432317001279444,0,NO_REAL_FIRE,4916.470812000625,5,False,1,,8.432317001279444
nonfire_videos,0,detectium_fire/non_fire/1812355101_clip_002.mp4,48,17,16,2930,1,0.26908189058303833,8.411296999838669,0,NO_REAL_FIRE,5268.913517000328,5,True,0,NO_REAL_FIRE,5455.724854000437
nonfire_videos,0,detectium_fire/non_fire/1812355101_clip_002.mp4,48,18,17,2931,1,0.2702257037162781,9.161596000922145,0,NO_REAL_FIRE,4532.693719000235,5,False,1,,9.161596000922145
nonfire_videos,0,detectium_fire/non_fire/1812355101_clip_002.mp4,48,19,18,2932,1,0.26201319694519043,15.810775999852922,0,NO_REAL_FIRE,5289.163182998891,5,False,1,,15.810775999852922
nonfire_videos,0,detectium_fire/non_fire/1812355101_clip_002.mp4,48,20,19,2933,1,0.28942346572875977,29.39412400155561,0,NO_REAL_FIRE,5139.063516999158,5,False,1,,29.39412400155561
nonfire_videos,0,detectium_fire/non_fire/1813305223_clip_001.mp4,49,1,0,2934,0,0.0,8.701245998963714,0,NO_REAL_FIRE,3899.0065709986084,5,False,0,,8.701245998963714
nonfire_videos,0,detectium_fire/non_fire/1813305223_clip_001.mp4,49,2,13,2935,0,0.0,8.422835999226663,0,NO_REAL_FIRE,3273.257373002707,5,True,0,NO_REAL_FIRE,3445.8613759998116
nonfire_videos,0,detectium_fire/non_fire/1813305223_clip_001.mp4,49,3,25,2936,0,0.0,8.45554700208595,0,NO_REAL_FIRE,3285.020770999836,5,False,0,,8.45554700208595
nonfire_videos,0,detectium_fire/non_fire/1813305223_clip_001.mp4,49,4,38,2937,0,0.0,8.41798699912033,0,NO_REAL_FIRE,3511.2015819977387,5,False,0,,8.41798699912033
nonfire_videos,0,detectium_fire/non_fire/1813305223_clip_001.mp4,49,5,50,2938,0,0.0,12.863010000728536,0,NO_REAL_FIRE,3089.5382719972986,5,False,0,,12.863010000728536
nonfire_videos,0,detectium_fire/non_fire/1813305223_clip_001.mp4,49,6,63,2939,0,0.0,23.6454039986711,0,NO_REAL_FIRE,3405.3530839992163,5,False,0,,23.6454039986711
nonfire_videos,0,detectium_fire/non_fire/1813305223_clip_001.mp4,49,7,75,2940,0,0.0,32.21340100208181,0,NO_REAL_FIRE,3258.3890560017608,5,True,0,NO_REAL_FIRE,2914.0707760016085
nonfire_videos,0,detectium_fire/non_fire/1813305223_clip_001.mp4,49,8,88,2941,0,0.0,8.462227000563871,0,NO_REAL_FIRE,3784.2247970002063,5,False,0,,8.462227000563871
nonfire_videos,0,detectium_fire/non_fire/1813305223_clip_001.mp4,49,9,101,2942,0,0.0,32.168740002816776,0,NO_REAL_FIRE,3340.0573799990525,5,False,0,,32.168740002816776
nonfire_videos,0,detectium_fire/non_fire/1813305223_clip_001.mp4,49,10,113,2943,0,0.0,8.425626998359803,0,NO_REAL_FIRE,2801.070177996735,5,False,0,,8.425626998359803
nonfire_videos,0,detectium_fire/non_fire/1813305223_clip_001.mp4,49,11,126,2944,0,0.0,18.274310998094734,0,NO_REAL_FIRE,3253.5986000002595,5,False,0,,18.274310998094734
nonfire_videos,0,detectium_fire/non_fire/1813305223_clip_001.mp4,49,12,138,2945,0,0.0,8.589777000452159,0,NO_REAL_FIRE,2776.8666000010853,5,True,0,NO_REAL_FIRE,3061.0927239977173
nonfire_videos,0,detectium_fire/non_fire/1813305223_clip_001.mp4,49,13,151,2946,0,0.0,32.915929001319455,0,NO_REAL_FIRE,3066.8965069999103,5,False,0,,32.915929001319455
nonfire_videos,0,detectium_fire/non_fire/1813305223_clip_001.mp4,49,14,164,2947,0,0.0,8.547086999897147,0,NO_REAL_FIRE,2835.127898000792,5,False,0,,8.547086999897147
nonfire_videos,0,detectium_fire/non_fire/1813305223_clip_001.mp4,49,15,176,2948,0,0.0,8.423696999670938,0,NO_REAL_FIRE,3204.8043600007077,5,False,0,,8.423696999670938
nonfire_videos,0,detectium_fire/non_fire/1813305223_clip_001.mp4,49,16,189,2949,0,0.0,31.411741001647897,0,NO_REAL_FIRE,3395.1616790000116,5,False,0,,31.411741001647897
nonfire_videos,0,detectium_fire/non_fire/1813305223_clip_001.mp4,49,17,201,2950,0,0.0,8.453706999716815,0,NO_REAL_FIRE,2942.456320000929,5,True,0,NO_REAL_FIRE,3451.267019001534
nonfire_videos,0,detectium_fire/non_fire/1813305223_clip_001.mp4,49,18,214,2951,0,0.0,8.39002700013225,0,NO_REAL_FIRE,2825.413426999148,5,False,0,,8.39002700013225
nonfire_videos,0,detectium_fire/non_fire/1813305223_clip_001.mp4,49,19,226,2952,0,0.0,8.54940699719009,0,NO_REAL_FIRE,2715.223308001441,5,False,0,,8.54940699719009
nonfire_videos,0,detectium_fire/non_fire/1813305223_clip_001.mp4,49,20,239,2953,0,0.0,14.302046998636797,0,NO_REAL_FIRE,3860.9956779982895,5,False,0,,14.302046998636797
nonfire_videos,0,detectium_fire/non_fire/1813305223_clip_002.mp4,50,1,0,2954,0,0.0,8.797536000201944,0,NO_REAL_FIRE,3433.350159000838,5,False,0,,8.797536000201944
nonfire_videos,0,detectium_fire/non_fire/1813305223_clip_002.mp4,50,2,13,2955,0,0.0,31.264261997421272,0,NO_REAL_FIRE,3170.9866050005076,5,True,0,NO_REAL_FIRE,4327.070132996596
nonfire_videos,0,detectium_fire/non_fire/1813305223_clip_002.mp4,50,3,25,2956,0,0.0,23.195893998490646,0,NO_REAL_FIRE,3629.391389000375,5,False,0,,23.195893998490646
nonfire_videos,0,detectium_fire/non_fire/1813305223_clip_002.mp4,50,4,38,2957,0,0.0,8.442336998996325,0,NO_REAL_FIRE,3728.646179999487,5,False,0,,8.442336998996325
nonfire_videos,0,detectium_fire/non_fire/1813305223_clip_002.mp4,50,5,50,2958,0,0.0,8.459276999928989,0,NO_REAL_FIRE,2776.8326029981836,5,False,0,,8.459276999928989
nonfire_videos,0,detectium_fire/non_fire/1813305223_clip_002.mp4,50,6,63,2959,0,0.0,12.027642002067296,0,NO_REAL_FIRE,3312.569154000812,5,False,0,,12.027642002067296
nonfire_videos,0,detectium_fire/non_fire/1813305223_clip_002.mp4,50,7,75,2960,0,0.0,8.458067000901792,0,NO_REAL_FIRE,2954.667084999528,5,True,0,NO_REAL_FIRE,2819.430324001587
nonfire_videos,0,detectium_fire/non_fire/1813305223_clip_002.mp4,50,8,88,2961,0,0.0,8.544576998247067,0,NO_REAL_FIRE,2745.9377990016947,5,False,0,,8.544576998247067
nonfire_videos,0,detectium_fire/non_fire/1813305223_clip_002.mp4,50,9,101,2962,0,0.0,32.1705110000039,0,NO_REAL_FIRE,3914.3721840009675,5,False,0,,32.1705110000039
nonfire_videos,0,detectium_fire/non_fire/1813305223_clip_002.mp4,50,10,113,2963,0,0.0,32.906399999774294,0,NO_REAL_FIRE,3341.5574339996965,5,False,0,,32.906399999774294
nonfire_videos,0,detectium_fire/non_fire/1813305223_clip_002.mp4,50,11,126,2964,0,0.0,32.12849099872983,0,NO_REAL_FIRE,4343.4812070008775,5,False,0,,32.12849099872983
nonfire_videos,0,detectium_fire/non_fire/1813305223_clip_002.mp4,50,12,138,2965,0,0.0,19.497820001561195,0,NO_REAL_FIRE,3456.1281759997655,5,True,0,NO_REAL_FIRE,2869.0631040044536
nonfire_videos,0,detectium_fire/non_fire/1813305223_clip_002.mp4,50,13,151,2966,1,0.25769737362861633,8.524446999217616,0,NO_REAL_FIRE,2857.6570139994146,5,False,1,,8.524446999217616
nonfire_videos,0,detectium_fire/non_fire/1813305223_clip_002.mp4,50,14,164,2967,0,0.0,8.994316001917468,0,NO_REAL_FIRE,3028.3997149999777,5,False,0,,8.994316001917468
nonfire_videos,0,detectium_fire/non_fire/1813305223_clip_002.mp4,50,15,176,2968,0,0.0,32.185291001951555,0,NO_REAL_FIRE,4049.3634330014174,5,False,0,,32.185291001951555
nonfire_videos,0,detectium_fire/non_fire/1813305223_clip_002.mp4,50,16,189,2969,0,0.0,11.508012998092454,0,NO_REAL_FIRE,3469.9745690013515,5,False,0,,11.508012998092454
nonfire_videos,0,detectium_fire/non_fire/1813305223_clip_002.mp4,50,17,201,2970,0,0.0,32.26808999897912,0,NO_REAL_FIRE,3171.7363059979107,5,True,0,NO_REAL_FIRE,3087.808173997473
nonfire_videos,0,detectium_fire/non_fire/1813305223_clip_002.mp4,50,18,214,2971,0,0.0,32.887020002817735,0,NO_REAL_FIRE,3153.358407998894,5,False,0,,32.887020002817735
nonfire_videos,0,detectium_fire/non_fire/1813305223_clip_002.mp4,50,19,226,2972,0,0.0,29.031136000412516,0,NO_REAL_FIRE,3160.873630000424,5,False,0,,29.031136000412516
nonfire_videos,0,detectium_fire/non_fire/1813305223_clip_002.mp4,50,20,239,2973,0,0.0,32.20828100165818,0,NO_REAL_FIRE,3197.615135999513,5,False,0,,32.20828100165818
nonfire_videos,0,detectium_fire/non_fire/1813305223_clip_003.mp4,51,1,0,2974,0,0.0,8.765687001869082,0,NO_REAL_FIRE,2696.7990480006847,5,False,0,,8.765687001869082
nonfire_videos,0,detectium_fire/non_fire/1813305223_clip_003.mp4,51,2,13,2975,0,0.0,9.30057599907741,0,NO_REAL_FIRE,3538.6978140013525,5,True,0,NO_REAL_FIRE,3044.7511650017987
nonfire_videos,0,detectium_fire/non_fire/1813305223_clip_003.mp4,51,3,25,2976,0,0.0,8.691377002833178,0,NO_REAL_FIRE,2782.5127549986064,5,False,0,,8.691377002833178
nonfire_videos,0,detectium_fire/non_fire/1813305223_clip_003.mp4,51,4,38,2977,0,0.0,13.006959998165257,0,NO_REAL_FIRE,2942.014055002801,5,False,0,,13.006959998165257
nonfire_videos,0,detectium_fire/non_fire/1813305223_clip_003.mp4,51,5,50,2978,0,0.0,24.35193299970706,0,NO_REAL_FIRE,2803.6735659989063,5,False,0,,24.35193299970706
nonfire_videos,0,detectium_fire/non_fire/1813305223_clip_003.mp4,51,6,63,2979,0,0.0,32.16146100021433,0,NO_REAL_FIRE,4051.9143099991197,5,False,0,,32.16146100021433
nonfire_videos,0,detectium_fire/non_fire/1813305223_clip_003.mp4,51,7,75,2980,0,0.0,9.261356000934029,0,NO_REAL_FIRE,3405.520501000865,5,True,0,NO_REAL_FIRE,3083.634959999472
nonfire_videos,0,detectium_fire/non_fire/1813305223_clip_003.mp4,51,8,88,2981,0,0.0,9.321565998106962,0,NO_REAL_FIRE,3245.283008000115,5,False,0,,9.321565998106962
nonfire_videos,0,detectium_fire/non_fire/1813305223_clip_003.mp4,51,9,101,2982,0,0.0,8.845955999277066,0,NO_REAL_FIRE,3381.73736400131,5,False,0,,8.845955999277066
nonfire_videos,0,detectium_fire/non_fire/1813305223_clip_003.mp4,51,10,113,2983,0,0.0,32.500531000550836,0,NO_REAL_FIRE,3026.123622999876,5,False,0,,32.500531000550836
nonfire_videos,0,detectium_fire/non_fire/1813305223_clip_003.mp4,51,11,126,2984,0,0.0,8.968396999989636,0,NO_REAL_FIRE,3226.2065630020516,5,False,0,,8.968396999989636
nonfire_videos,0,detectium_fire/non_fire/1813305223_clip_003.mp4,51,12,138,2985,0,0.0,11.59111299784854,0,NO_REAL_FIRE,2681.3532470005157,5,True,0,NO_REAL_FIRE,3349.28755299552
nonfire_videos,0,detectium_fire/non_fire/1813305223_clip_003.mp4,51,13,151,2986,0,0.0,8.83648699891637,0,NO_REAL_FIRE,3022.930915998586,5,False,0,,8.83648699891637
nonfire_videos,0,detectium_fire/non_fire/1813305223_clip_003.mp4,51,14,164,2987,0,0.0,32.32210200076224,0,NO_REAL_FIRE,3277.248114998656,5,False,0,,32.32210200076224
nonfire_videos,0,detectium_fire/non_fire/1813305223_clip_003.mp4,51,15,176,2988,0,0.0,32.92744999998831,0,NO_REAL_FIRE,3118.9855259981414,5,False,0,,32.92744999998831
nonfire_videos,0,detectium_fire/non_fire/1813305223_clip_003.mp4,51,16,189,2989,0,0.0,8.419347999733873,0,NO_REAL_FIRE,2515.631926002243,5,False,0,,8.419347999733873
nonfire_videos,0,detectium_fire/non_fire/1813305223_clip_003.mp4,51,17,201,2990,0,0.0,9.8966349978582,0,NO_REAL_FIRE,3087.5430170017353,5,True,0,NO_REAL_FIRE,4202.092873998481
nonfire_videos,0,detectium_fire/non_fire/1813305223_clip_003.mp4,51,18,214,2991,0,0.0,8.4294480002427,0,NO_REAL_FIRE,3080.795392001164,5,False,0,,8.4294480002427
nonfire_videos,0,detectium_fire/non_fire/1813305223_clip_003.mp4,51,19,226,2992,0,0.0,8.477847000904148,0,NO_REAL_FIRE,3114.3554840018624,5,False,0,,8.477847000904148
nonfire_videos,0,detectium_fire/non_fire/1813305223_clip_003.mp4,51,20,239,2993,0,0.0,22.126296997157624,0,NO_REAL_FIRE,3057.609130999481,5,False,0,,22.126296997157624
nonfire_videos,0,detectium_fire/non_fire/1813305223_clip_004.mp4,52,1,0,2994,0,0.0,8.653226999740582,0,NO_REAL_FIRE,2945.3711310015933,5,False,0,,8.653226999740582
nonfire_videos,0,detectium_fire/non_fire/1813305223_clip_004.mp4,52,2,1,2995,0,0.0,9.512295000604354,0,NO_REAL_FIRE,2656.219025997416,5,True,0,NO_REAL_FIRE,2781.5196590017877
nonfire_videos,0,detectium_fire/non_fire/1813305223_clip_004.mp4,52,3,3,2996,0,0.0,9.115737000684021,0,NO_REAL_FIRE,3076.509149999765,5,False,0,,9.115737000684021
nonfire_videos,0,detectium_fire/non_fire/1813305223_clip_004.mp4,52,4,4,2997,0,0.0,32.15941199960071,0,NO_REAL_FIRE,3463.086112999008,5,False,0,,32.15941199960071
nonfire_videos,0,detectium_fire/non_fire/1813305223_clip_004.mp4,52,5,5,2998,0,0.0,15.80168600048637,0,NO_REAL_FIRE,3149.099145000946,5,False,0,,15.80168600048637
nonfire_videos,0,detectium_fire/non_fire/1813305223_clip_004.mp4,52,6,6,2999,0,0.0,10.997943998518167,0,NO_REAL_FIRE,2652.8927990002558,5,False,0,,10.997943998518167
nonfire_videos,0,detectium_fire/non_fire/1813305223_clip_004.mp4,52,7,8,3000,0,0.0,32.185791998927016,0,NO_REAL_FIRE,3017.0508960000006,5,True,0,NO_REAL_FIRE,2890.7234979997156
nonfire_videos,0,detectium_fire/non_fire/1813305223_clip_004.mp4,52,8,9,3001,0,0.0,11.40232300167554,0,NO_REAL_FIRE,2695.514680999622,5,False,0,,11.40232300167554
nonfire_videos,0,detectium_fire/non_fire/1813305223_clip_004.mp4,52,9,10,3002,0,0.0,8.440667999821017,0,NO_REAL_FIRE,3090.632901999925,5,False,0,,8.440667999821017
nonfire_videos,0,detectium_fire/non_fire/1813305223_clip_004.mp4,52,10,11,3003,0,0.0,11.500021999381715,0,NO_REAL_FIRE,3282.3752269978286,5,False,0,,11.500021999381715
nonfire_videos,0,detectium_fire/non_fire/1813305223_clip_004.mp4,52,11,13,3004,0,0.0,8.46710699988762,0,NO_REAL_FIRE,2657.9947610007366,5,False,0,,8.46710699988762
nonfire_videos,0,detectium_fire/non_fire/1813305223_clip_004.mp4,52,12,14,3005,0,0.0,9.26188599987654,0,NO_REAL_FIRE,3231.1618470012036,5,True,0,NO_REAL_FIRE,3246.52729599984
nonfire_videos,0,detectium_fire/non_fire/1813305223_clip_004.mp4,52,13,15,3006,0,0.0,32.17969199977233,0,NO_REAL_FIRE,3329.4703449973895,5,False,0,,32.17969199977233
nonfire_videos,0,detectium_fire/non_fire/1813305223_clip_004.mp4,52,14,16,3007,0,0.0,8.54063799852156,0,NO_REAL_FIRE,3014.748895999219,5,False,0,,8.54063799852156
nonfire_videos,0,detectium_fire/non_fire/1813305223_clip_004.mp4,52,15,18,3008,0,0.0,18.885131998104043,0,NO_REAL_FIRE,3088.9255170004617,5,False,0,,18.885131998104043
nonfire_videos,0,detectium_fire/non_fire/1813305223_clip_004.mp4,52,16,19,3009,0,0.0,11.515402999066282,0,NO_REAL_FIRE,2878.1478320015594,5,False,0,,11.515402999066282
nonfire_videos,0,detectium_fire/non_fire/1813305223_clip_004.mp4,52,17,20,3010,0,0.0,8.459846998448484,0,NO_REAL_FIRE,3014.881950999552,5,True,0,NO_REAL_FIRE,2618.2870919983543
nonfire_videos,0,detectium_fire/non_fire/1813305223_clip_004.mp4,52,18,21,3011,0,0.0,9.457195999857504,0,NO_REAL_FIRE,2902.579981000599,5,False,0,,9.457195999857504
nonfire_videos,0,detectium_fire/non_fire/1813305223_clip_004.mp4,52,19,23,3012,0,0.0,8.84973700158298,0,NO_REAL_FIRE,3371.875135002483,5,False,0,,8.84973700158298
nonfire_videos,0,detectium_fire/non_fire/1813305223_clip_004.mp4,52,20,24,3013,0,0.0,15.021158000308787,0,NO_REAL_FIRE,3072.7109409999684,5,False,0,,15.021158000308787
nonfire_videos,0,detectium_fire/non_fire/1816718678_clip_001.mp4,53,1,0,3014,0,0.0,11.680391999107087,0,NO_REAL_FIRE,4038.1690690010146,5,False,0,,11.680391999107087
nonfire_videos,0,detectium_fire/non_fire/1816718678_clip_001.mp4,53,2,13,3015,0,0.0,32.16206200158922,0,NO_REAL_FIRE,4353.428473001259,5,True,0,NO_REAL_FIRE,3801.9277550010884
nonfire_videos,0,detectium_fire/non_fire/1816718678_clip_001.mp4,53,3,26,3016,0,0.0,32.16636200158973,0,NO_REAL_FIRE,4788.286505001452,5,False,0,,32.16636200158973
nonfire_videos,0,detectium_fire/non_fire/1816718678_clip_001.mp4,53,4,39,3017,0,0.0,17.897712998092175,0,NO_REAL_FIRE,4949.969158999011,5,False,0,,17.897712998092175
nonfire_videos,0,detectium_fire/non_fire/1816718678_clip_001.mp4,53,5,52,3018,0,0.0,23.3711549990403,0,NO_REAL_FIRE,4212.503965001815,5,False,0,,23.3711549990403
nonfire_videos,0,detectium_fire/non_fire/1816718678_clip_001.mp4,53,6,66,3019,0,0.0,32.19746299873805,0,NO_REAL_FIRE,4481.384950002393,5,False,0,,32.19746299873805
nonfire_videos,0,detectium_fire/non_fire/1816718678_clip_001.mp4,53,7,79,3020,0,0.0,32.85217200027546,0,NO_REAL_FIRE,4385.389275998023,5,True,0,NO_REAL_FIRE,4435.203385997738
nonfire_videos,0,detectium_fire/non_fire/1816718678_clip_001.mp4,53,8,92,3021,0,0.0,32.17029200095567,0,NO_REAL_FIRE,4236.86489299871,5,False,0,,32.17029200095567
nonfire_videos,0,detectium_fire/non_fire/1816718678_clip_001.mp4,53,9,105,3022,0,0.0,30.523435001668986,0,NO_REAL_FIRE,4506.82410599984,5,False,0,,30.523435001668986
nonfire_videos,0,detectium_fire/non_fire/1816718678_clip_001.mp4,53,10,118,3023,0,0.0,14.313318999484181,0,NO_REAL_FIRE,4080.730528999993,5,False,0,,14.313318999484181
nonfire_videos,0,detectium_fire/non_fire/1816718678_clip_001.mp4,53,11,131,3024,0,0.0,18.151752999983728,0,NO_REAL_FIRE,3678.7023760007287,5,False,0,,18.151752999983728
nonfire_videos,0,detectium_fire/non_fire/1816718678_clip_001.mp4,53,12,144,3025,0,0.0,8.44093699924997,0,NO_REAL_FIRE,3829.4419160010875,5,True,0,NO_REAL_FIRE,4415.276322000864
nonfire_videos,0,detectium_fire/non_fire/1816718678_clip_001.mp4,53,13,157,3026,0,0.0,9.612886002287269,0,NO_REAL_FIRE,4101.218538999092,5,False,0,,9.612886002287269
nonfire_videos,0,detectium_fire/non_fire/1816718678_clip_001.mp4,53,14,170,3027,0,0.0,32.280903000355465,0,NO_REAL_FIRE,4892.971344997932,5,False,0,,32.280903000355465
nonfire_videos,0,detectium_fire/non_fire/1816718678_clip_001.mp4,53,15,183,3028,0,0.0,8.523676999175223,0,NO_REAL_FIRE,4187.947636997706,5,False,0,,8.523676999175223
nonfire_videos,0,detectium_fire/non_fire/1816718678_clip_001.mp4,53,16,197,3029,0,0.0,23.43454600122641,0,NO_REAL_FIRE,5126.591488002305,5,False,0,,23.43454600122641
nonfire_videos,0,detectium_fire/non_fire/1816718678_clip_001.mp4,53,17,210,3030,0,0.0,8.606727002188563,0,NO_REAL_FIRE,4656.527392999124,5,True,0,NO_REAL_FIRE,3404.134670003259
nonfire_videos,0,detectium_fire/non_fire/1816718678_clip_001.mp4,53,18,223,3031,0,0.0,15.789746998052578,0,NO_REAL_FIRE,4724.066279999533,5,False,0,,15.789746998052578
nonfire_videos,0,detectium_fire/non_fire/1816718678_clip_001.mp4,53,19,236,3032,0,0.0,32.8338419967622,0,NO_REAL_FIRE,3373.4827789994597,5,False,0,,32.8338419967622
nonfire_videos,0,detectium_fire/non_fire/1816718678_clip_001.mp4,53,20,249,3033,0,0.0,32.14171199942939,0,NO_REAL_FIRE,5259.618779000448,5,False,0,,32.14171199942939
nonfire_videos,0,detectium_fire/non_fire/1816718678_clip_002.mp4,54,1,0,3034,0,0.0,32.77655200145091,0,NO_REAL_FIRE,3916.9394349992217,5,False,0,,32.77655200145091
nonfire_videos,0,detectium_fire/non_fire/1816718678_clip_002.mp4,54,2,13,3035,0,0.0,32.18978299992159,0,NO_REAL_FIRE,4470.273533999716,5,True,0,NO_REAL_FIRE,4245.857738002087
nonfire_videos,0,detectium_fire/non_fire/1816718678_clip_002.mp4,54,3,26,3036,0,0.0,20.914699001878034,0,NO_REAL_FIRE,4215.404005000892,5,False,0,,20.914699001878034
nonfire_videos,0,detectium_fire/non_fire/1816718678_clip_002.mp4,54,4,39,3037,0,0.0,10.72187400131952,0,NO_REAL_FIRE,3108.149981002498,5,False,0,,10.72187400131952
nonfire_videos,0,detectium_fire/non_fire/1816718678_clip_002.mp4,54,5,52,3038,0,0.0,8.335758000612259,0,NO_REAL_FIRE,4734.786677003285,5,False,0,,8.335758000612259
nonfire_videos,0,detectium_fire/non_fire/1816718678_clip_002.mp4,54,6,66,3039,0,0.0,9.143135997874197,0,NO_REAL_FIRE,4343.748892999429,5,False,0,,9.143135997874197
nonfire_videos,0,detectium_fire/non_fire/1816718678_clip_002.mp4,54,7,79,3040,0,0.0,8.46176800041576,0,NO_REAL_FIRE,3565.778505999333,5,True,0,NO_REAL_FIRE,4575.645128999895
nonfire_videos,0,detectium_fire/non_fire/1816718678_clip_002.mp4,54,8,92,3041,0,0.0,32.258672999887494,0,NO_REAL_FIRE,4285.509736000677,5,False,0,,32.258672999887494
nonfire_videos,0,detectium_fire/non_fire/1816718678_clip_002.mp4,54,9,105,3042,0,0.0,9.040507000463549,0,NO_REAL_FIRE,3741.349665000598,5,False,0,,9.040507000463549
nonfire_videos,0,detectium_fire/non_fire/1816718678_clip_002.mp4,54,10,118,3043,0,0.0,10.020936002547387,0,NO_REAL_FIRE,3985.624958997505,5,False,0,,10.020936002547387
nonfire_videos,0,detectium_fire/non_fire/1816718678_clip_002.mp4,54,11,131,3044,0,0.0,32.1665129995381,0,NO_REAL_FIRE,4324.757446000149,5,False,0,,32.1665129995381
nonfire_videos,0,detectium_fire/non_fire/1816718678_clip_002.mp4,54,12,144,3045,0,0.0,8.769877000304405,0,NO_REAL_FIRE,4207.669830000668,5,True,0,NO_REAL_FIRE,3962.9675690011936
nonfire_videos,0,detectium_fire/non_fire/1816718678_clip_002.mp4,54,13,157,3046,0,0.0,9.239406001142925,0,NO_REAL_FIRE,4122.829167998134,5,False,0,,9.239406001142925
nonfire_videos,0,detectium_fire/non_fire/1816718678_clip_002.mp4,54,14,170,3047,0,0.0,9.490986001765123,0,NO_REAL_FIRE,4619.629254000756,5,False,0,,9.490986001765123
nonfire_videos,0,detectium_fire/non_fire/1816718678_clip_002.mp4,54,15,183,3048,0,0.0,11.23414399989997,0,NO_REAL_FIRE,4551.008196998737,5,False,0,,11.23414399989997
nonfire_videos,0,detectium_fire/non_fire/1816718678_clip_002.mp4,54,16,197,3049,0,0.0,22.27240700085531,0,NO_REAL_FIRE,3993.4153239992156,5,False,0,,22.27240700085531
nonfire_videos,0,detectium_fire/non_fire/1816718678_clip_002.mp4,54,17,210,3050,0,0.0,8.42953800020041,0,NO_REAL_FIRE,3433.178751998639,5,True,0,NO_REAL_FIRE,4641.186513003049
nonfire_videos,0,detectium_fire/non_fire/1816718678_clip_002.mp4,54,18,223,3051,0,0.0,8.48923699959414,0,NO_REAL_FIRE,5169.986676002736,5,False,0,,8.48923699959414
nonfire_videos,0,detectium_fire/non_fire/1816718678_clip_002.mp4,54,19,236,3052,0,0.0,31.056595002155518,0,NO_REAL_FIRE,4272.0780259987805,5,False,0,,31.056595002155518
nonfire_videos,0,detectium_fire/non_fire/1816718678_clip_002.mp4,54,20,249,3053,0,0.0,8.408448000409408,0,NO_REAL_FIRE,4594.250128997373,5,False,0,,8.408448000409408
nonfire_videos,0,detectium_fire/non_fire/1816718678_clip_003.mp4,55,1,0,3054,0,0.0,32.87879200070165,0,NO_REAL_FIRE,4817.753647002974,5,False,0,,32.87879200070165
nonfire_videos,0,detectium_fire/non_fire/1816718678_clip_003.mp4,55,2,7,3055,0,0.0,10.649865002051229,0,NO_REAL_FIRE,4524.449895998259,5,True,0,NO_REAL_FIRE,4602.132346000872
nonfire_videos,0,detectium_fire/non_fire/1816718678_clip_003.mp4,55,3,15,3056,0,0.0,17.4628839995421,0,NO_REAL_FIRE,5338.379237997287,5,False,0,,17.4628839995421
nonfire_videos,0,detectium_fire/non_fire/1816718678_clip_003.mp4,55,4,22,3057,0,0.0,26.758461001008982,0,NO_REAL_FIRE,4656.959560998075,5,False,0,,26.758461001008982
nonfire_videos,0,detectium_fire/non_fire/1816718678_clip_003.mp4,55,5,30,3058,0,0.0,20.740370000567054,0,NO_REAL_FIRE,3942.3964109992085,5,False,0,,20.740370000567054
nonfire_videos,0,detectium_fire/non_fire/1816718678_clip_003.mp4,55,6,37,3059,0,0.0,8.506548001605552,0,NO_REAL_FIRE,3992.298181001388,5,False,0,,8.506548001605552
nonfire_videos,0,detectium_fire/non_fire/1816718678_clip_003.mp4,55,7,45,3060,0,0.0,8.857666998665081,0,NO_REAL_FIRE,4206.447152002511,5,True,0,NO_REAL_FIRE,4798.123814998689
nonfire_videos,0,detectium_fire/non_fire/1816718678_clip_003.mp4,55,8,52,3061,0,0.0,32.19328399791266,0,NO_REAL_FIRE,4794.256013999984,5,False,0,,32.19328399791266
nonfire_videos,0,detectium_fire/non_fire/1816718678_clip_003.mp4,55,9,60,3062,0,0.0,9.674386001279345,0,NO_REAL_FIRE,5076.63564700124,5,False,0,,9.674386001279345
nonfire_videos,0,detectium_fire/non_fire/1816718678_clip_003.mp4,55,10,67,3063,0,0.0,14.934638002159772,0,NO_REAL_FIRE,4490.7079090007755,5,False,0,,14.934638002159772
nonfire_videos,0,detectium_fire/non_fire/1816718678_clip_003.mp4,55,11,75,3064,0,0.0,32.84246200200869,0,NO_REAL_FIRE,4348.874816001626,5,False,0,,32.84246200200869
nonfire_videos,0,detectium_fire/non_fire/1816718678_clip_003.mp4,55,12,82,3065,1,0.3175414800643921,26.7423509976652,0,NO_REAL_FIRE,3883.0163329985226,5,True,0,NO_REAL_FIRE,3565.3046849984094
nonfire_videos,0,detectium_fire/non_fire/1816718678_clip_003.mp4,55,13,90,3066,0,0.0,32.15523399921949,0,NO_REAL_FIRE,4338.522917001683,5,False,0,,32.15523399921949
nonfire_videos,0,detectium_fire/non_fire/1816718678_clip_003.mp4,55,14,97,3067,0,0.0,9.444576000532834,0,NO_REAL_FIRE,4577.80911199734,5,False,0,,9.444576000532834
nonfire_videos,0,detectium_fire/non_fire/1816718678_clip_003.mp4,55,15,105,3068,0,0.0,22.15930799866328,0,NO_REAL_FIRE,4391.32923500074,5,False,0,,22.15930799866328
nonfire_videos,0,detectium_fire/non_fire/1816718678_clip_003.mp4,55,16,112,3069,1,0.3427501320838928,29.504867001378443,0,NO_REAL_FIRE,4405.1240570006485,5,False,1,,29.504867001378443
nonfire_videos,0,detectium_fire/non_fire/1816718678_clip_003.mp4,55,17,120,3070,0,0.0,8.918527000787435,0,NO_REAL_FIRE,5107.408904001204,5,True,0,NO_REAL_FIRE,4662.80218799875
nonfire_videos,0,detectium_fire/non_fire/1816718678_clip_003.mp4,55,18,127,3071,0,0.0,32.82566200141446,0,NO_REAL_FIRE,4545.907309999166,5,False,0,,32.82566200141446
nonfire_videos,0,detectium_fire/non_fire/1816718678_clip_003.mp4,55,19,135,3072,0,0.0,10.018205000960734,0,NO_REAL_FIRE,3352.913605001959,5,False,0,,10.018205000960734
nonfire_videos,0,detectium_fire/non_fire/1816718678_clip_003.mp4,55,20,142,3073,0,0.0,13.40701099979924,0,NO_REAL_FIRE,5079.111222999927,5,False,0,,13.40701099979924
nonfire_videos,0,detectium_fire/non_fire/1816720483_clip_001.mp4,56,1,0,3074,0,0.0,32.814062000397826,0,NO_REAL_FIRE,3968.065730001399,5,False,0,,32.814062000397826
nonfire_videos,0,detectium_fire/non_fire/1816720483_clip_001.mp4,56,2,13,3075,0,0.0,10.255385001073591,0,NO_REAL_FIRE,3874.686676001147,5,True,0,NO_REAL_FIRE,3929.7191280020343
nonfire_videos,0,detectium_fire/non_fire/1816720483_clip_001.mp4,56,3,26,3076,0,0.0,32.23585399973672,0,NO_REAL_FIRE,4764.426836001803,5,False,0,,32.23585399973672
nonfire_videos,0,detectium_fire/non_fire/1816720483_clip_001.mp4,56,4,39,3077,0,0.0,32.154444001207594,0,NO_REAL_FIRE,4098.768847998144,5,False,0,,32.154444001207594
nonfire_videos,0,detectium_fire/non_fire/1816720483_clip_001.mp4,56,5,52,3078,0,0.0,32.78381299969624,0,NO_REAL_FIRE,4490.688954003417,5,False,0,,32.78381299969624
nonfire_videos,0,detectium_fire/non_fire/1816720483_clip_001.mp4,56,6,66,3079,0,0.0,8.375888002774445,0,NO_REAL_FIRE,4006.9919640009175,5,False,0,,8.375888002774445
nonfire_videos,0,detectium_fire/non_fire/1816720483_clip_001.mp4,56,7,79,3080,0,0.0,16.372537000279408,0,NO_REAL_FIRE,3597.063724999316,5,True,0,NO_REAL_FIRE,3957.6233480001974
nonfire_videos,0,detectium_fire/non_fire/1816720483_clip_001.mp4,56,8,92,3081,0,0.0,9.217266000632662,0,NO_REAL_FIRE,3766.6541739999957,5,False,0,,9.217266000632662
nonfire_videos,0,detectium_fire/non_fire/1816720483_clip_001.mp4,56,9,105,3082,0,0.0,32.21659399787313,0,NO_REAL_FIRE,4649.802563002595,5,False,0,,32.21659399787313
nonfire_videos,0,detectium_fire/non_fire/1816720483_clip_001.mp4,56,10,118,3083,0,0.0,32.16035399964312,0,NO_REAL_FIRE,4212.869533999765,5,False,0,,32.16035399964312
nonfire_videos,0,detectium_fire/non_fire/1816720483_clip_001.mp4,56,11,131,3084,0,0.0,8.554037998692365,0,NO_REAL_FIRE,4337.27992599961,5,False,0,,8.554037998692365
nonfire_videos,0,detectium_fire/non_fire/1816720483_clip_001.mp4,56,12,144,3085,0,0.0,22.169477997522335,0,NO_REAL_FIRE,3194.234062997566,5,True,0,NO_REAL_FIRE,3731.6962699951546
nonfire_videos,0,detectium_fire/non_fire/1816720483_clip_001.mp4,56,13,157,3086,0,0.0,8.442287999059772,0,NO_REAL_FIRE,3727.449128000444,5,False,0,,8.442287999059772
nonfire_videos,0,detectium_fire/non_fire/1816720483_clip_001.mp4,56,14,170,3087,1,0.26631420850753784,8.49567800105433,0,NO_REAL_FIRE,4083.489777000068,5,False,1,,8.49567800105433
nonfire_videos,0,detectium_fire/non_fire/1816720483_clip_001.mp4,56,15,183,3088,0,0.0,32.16371400048956,0,NO_REAL_FIRE,5106.008868002391,5,False,0,,32.16371400048956
nonfire_videos,0,detectium_fire/non_fire/1816720483_clip_001.mp4,56,16,197,3089,1,0.35627418756484985,32.20934400087572,0,NO_REAL_FIRE,4242.889881999872,5,False,1,,32.20934400087572
nonfire_videos,0,detectium_fire/non_fire/1816720483_clip_001.mp4,56,17,210,3090,0,0.0,9.965655000996776,0,NO_REAL_FIRE,4951.675085001625,5,True,0,NO_REAL_FIRE,3210.4368270011037
nonfire_videos,0,detectium_fire/non_fire/1816720483_clip_001.mp4,56,18,223,3091,0,0.0,9.792535998712992,0,NO_REAL_FIRE,5253.118205000646,5,False,0,,9.792535998712992
nonfire_videos,0,detectium_fire/non_fire/1816720483_clip_001.mp4,56,19,236,3092,0,0.0,14.751067999895895,0,NO_REAL_FIRE,3779.5845129985537,5,False,0,,14.751067999895895
nonfire_videos,0,detectium_fire/non_fire/1816720483_clip_001.mp4,56,20,249,3093,0,0.0,8.445007999398513,0,NO_REAL_FIRE,3985.939647998748,5,False,0,,8.445007999398513
nonfire_videos,0,detectium_fire/non_fire/1816720483_clip_002.mp4,57,1,0,3094,0,0.0,8.624868001788855,0,NO_REAL_FIRE,4480.097190000379,5,False,0,,8.624868001788855
nonfire_videos,0,detectium_fire/non_fire/1816720483_clip_002.mp4,57,2,2,3095,0,0.0,32.1511640031531,0,NO_REAL_FIRE,4183.256337000785,5,True,0,NO_REAL_FIRE,3569.9978790034947
nonfire_videos,0,detectium_fire/non_fire/1816720483_clip_002.mp4,57,3,4,3096,0,0.0,8.416078002483118,0,NO_REAL_FIRE,4222.175513998081,5,False,0,,8.416078002483118
nonfire_videos,0,detectium_fire/non_fire/1816720483_clip_002.mp4,57,4,6,3097,0,0.0,32.23452400197857,0,NO_REAL_FIRE,4187.668474998645,5,False,0,,32.23452400197857
nonfire_videos,0,detectium_fire/non_fire/1816720483_clip_002.mp4,57,5,7,3098,0,0.0,32.865152999875136,0,NO_REAL_FIRE,4204.276812000899,5,False,0,,32.865152999875136
nonfire_videos,0,detectium_fire/non_fire/1816720483_clip_002.mp4,57,6,9,3099,0,0.0,8.993537001515506,0,NO_REAL_FIRE,3645.970123998268,5,False,0,,8.993537001515506
nonfire_videos,0,detectium_fire/non_fire/1816720483_clip_002.mp4,57,7,11,3100,0,0.0,32.138443999429,0,NO_REAL_FIRE,3826.9286650029244,5,True,0,NO_REAL_FIRE,4253.680186000565
nonfire_videos,0,detectium_fire/non_fire/1816720483_clip_002.mp4,57,8,13,3101,0,0.0,32.19496400197386,0,NO_REAL_FIRE,4542.870393001067,5,False,0,,32.19496400197386
nonfire_videos,0,detectium_fire/non_fire/1816720483_clip_002.mp4,57,9,15,3102,0,0.0,8.501478001562646,0,NO_REAL_FIRE,4593.517610999697,5,False,0,,8.501478001562646
nonfire_videos,0,detectium_fire/non_fire/1816720483_clip_002.mp4,57,10,17,3103,0,0.0,25.637382997956593,0,NO_REAL_FIRE,4393.574259000161,5,False,0,,25.637382997956593
nonfire_videos,0,detectium_fire/non_fire/1816720483_clip_002.mp4,57,11,18,3104,0,0.0,26.701521997892996,0,NO_REAL_FIRE,3844.816216002073,5,False,0,,26.701521997892996
nonfire_videos,0,detectium_fire/non_fire/1816720483_clip_002.mp4,57,12,20,3105,0,0.0,9.814025997911813,0,NO_REAL_FIRE,4520.983120000892,5,True,0,NO_REAL_FIRE,2989.8612219985807
nonfire_videos,0,detectium_fire/non_fire/1816720483_clip_002.mp4,57,13,22,3106,0,0.0,32.25950399792055,0,NO_REAL_FIRE,4078.5914349980885,5,False,0,,32.25950399792055
nonfire_videos,0,detectium_fire/non_fire/1816720483_clip_002.mp4,57,14,24,3107,0,0.0,10.764744998596143,0,NO_REAL_FIRE,4381.947621997824,5,False,0,,10.764744998596143
nonfire_videos,0,detectium_fire/non_fire/1816720483_clip_002.mp4,57,15,26,3108,0,0.0,32.21368400045321,0,NO_REAL_FIRE,4749.0245289991435,5,False,0,,32.21368400045321
nonfire_videos,0,detectium_fire/non_fire/1816720483_clip_002.mp4,57,16,28,3109,0,0.0,11.069454998505535,0,NO_REAL_FIRE,3829.132036000374,5,False,0,,11.069454998505535
nonfire_videos,0,detectium_fire/non_fire/1816720483_clip_002.mp4,57,17,29,3110,0,0.0,29.041788999165874,0,NO_REAL_FIRE,4353.607116998319,5,True,0,NO_REAL_FIRE,3020.002764002129
nonfire_videos,0,detectium_fire/non_fire/1816720483_clip_002.mp4,57,18,31,3111,0,0.0,20.381930997245945,0,NO_REAL_FIRE,3864.662918000249,5,False,0,,20.381930997245945
nonfire_videos,0,detectium_fire/non_fire/1816720483_clip_002.mp4,57,19,33,3112,0,0.0,23.86692599975504,0,NO_REAL_FIRE,3565.573364998272,5,False,0,,23.86692599975504
nonfire_videos,0,detectium_fire/non_fire/1816720483_clip_002.mp4,57,20,35,3113,0,0.0,10.66260500010685,0,NO_REAL_FIRE,4600.652139000886,5,False,0,,10.66260500010685
nonfire_videos,0,detectium_fire/non_fire/1816726074_clip_001.mp4,58,1,0,3114,0,0.0,8.699646998138633,0,NO_REAL_FIRE,2645.33842200035,5,False,0,,8.699646998138633
nonfire_videos,0,detectium_fire/non_fire/1816726074_clip_001.mp4,58,2,13,3115,0,0.0,13.365000999328913,0,NO_REAL_FIRE,2679.0761039992503,5,True,0,NO_REAL_FIRE,3735.1063969981624
nonfire_videos,0,detectium_fire/non_fire/1816726074_clip_001.mp4,58,3,26,3116,0,0.0,8.526006997271907,0,NO_REAL_FIRE,3106.9258749994333,5,False,0,,8.526006997271907
nonfire_videos,0,detectium_fire/non_fire/1816726074_clip_001.mp4,58,4,39,3117,0,0.0,20.545529998344136,0,NO_REAL_FIRE,3162.601365998853,5,False,0,,20.545529998344136
nonfire_videos,0,detectium_fire/non_fire/1816726074_clip_001.mp4,58,5,52,3118,0,0.0,32.22240399918519,0,NO_REAL_FIRE,3314.5089600002393,5,False,0,,32.22240399918519
nonfire_videos,0,detectium_fire/non_fire/1816726074_clip_001.mp4,58,6,66,3119,0,0.0,12.796912000339944,0,NO_REAL_FIRE,3716.7211359992507,5,False,0,,12.796912000339944
nonfire_videos,0,detectium_fire/non_fire/1816726074_clip_001.mp4,58,7,79,3120,0,0.0,27.363160999811953,0,NO_REAL_FIRE,2611.8178439974145,5,True,0,NO_REAL_FIRE,3334.928841999499
nonfire_videos,0,detectium_fire/non_fire/1816726074_clip_001.mp4,58,8,92,3121,0,0.0,27.722080998501042,0,NO_REAL_FIRE,3042.240500999469,5,False,0,,27.722080998501042
nonfire_videos,0,detectium_fire/non_fire/1816726074_clip_001.mp4,58,9,105,3122,0,0.0,8.422467999480432,0,NO_REAL_FIRE,2910.381518999202,5,False,0,,8.422467999480432
nonfire_videos,0,detectium_fire/non_fire/1816726074_clip_001.mp4,58,10,118,3123,0,0.0,32.156643999769585,0,NO_REAL_FIRE,3011.9382249977207,5,False,0,,32.156643999769585
nonfire_videos,0,detectium_fire/non_fire/1816726074_clip_001.mp4,58,11,131,3124,0,0.0,32.19936400273582,0,NO_REAL_FIRE,3563.35843999841,5,False,0,,32.19936400273582
nonfire_videos,0,detectium_fire/non_fire/1816726074_clip_001.mp4,58,12,144,3125,0,0.0,19.93251100066118,0,NO_REAL_FIRE,3136.886547999893,5,True,0,NO_REAL_FIRE,2800.245978000021
nonfire_videos,0,detectium_fire/non_fire/1816726074_clip_001.mp4,58,13,157,3126,0,0.0,32.22985400134348,0,NO_REAL_FIRE,3186.388979000185,5,False,0,,32.22985400134348
nonfire_videos,0,detectium_fire/non_fire/1816726074_clip_001.mp4,58,14,170,3127,0,0.0,22.451648001151625,0,NO_REAL_FIRE,2793.401240000094,5,False,0,,22.451648001151625
nonfire_videos,0,detectium_fire/non_fire/1816726074_clip_001.mp4,58,15,183,3128,0,0.0,12.517002996901283,0,NO_REAL_FIRE,3401.6581030009547,5,False,0,,12.517002996901283
nonfire_videos,0,detectium_fire/non_fire/1816726074_clip_001.mp4,58,16,197,3129,0,0.0,8.507517002726672,0,NO_REAL_FIRE,3180.970598998101,5,False,0,,8.507517002726672
nonfire_videos,0,detectium_fire/non_fire/1816726074_clip_001.mp4,58,17,210,3130,0,0.0,32.176153999898816,0,NO_REAL_FIRE,3594.941570001538,5,True,0,NO_REAL_FIRE,2732.036938003148
nonfire_videos,0,detectium_fire/non_fire/1816726074_clip_001.mp4,58,18,223,3131,0,0.0,9.894125996652292,0,NO_REAL_FIRE,3095.824570998957,5,False,0,,9.894125996652292
nonfire_videos,0,detectium_fire/non_fire/1816726074_clip_001.mp4,58,19,236,3132,0,0.0,27.95603100094013,0,NO_REAL_FIRE,3242.8987519997463,5,False,0,,27.95603100094013
nonfire_videos,0,detectium_fire/non_fire/1816726074_clip_001.mp4,58,20,249,3133,0,0.0,8.495538000715896,0,NO_REAL_FIRE,2710.8301400003256,5,False,0,,8.495538000715896
nonfire_videos,0,detectium_fire/non_fire/1816726074_clip_002.mp4,59,1,0,3134,0,0.0,8.639736999612069,0,NO_REAL_FIRE,3237.6004420002573,5,False,0,,8.639736999612069
nonfire_videos,0,detectium_fire/non_fire/1816726074_clip_002.mp4,59,2,13,3135,0,0.0,23.153066998929717,0,NO_REAL_FIRE,3276.232677002554,5,True,0,NO_REAL_FIRE,3223.023672999261
nonfire_videos,0,detectium_fire/non_fire/1816726074_clip_002.mp4,59,3,26,3136,0,0.0,19.27606300159823,0,NO_REAL_FIRE,3375.499617002788,5,False,0,,19.27606300159823
nonfire_videos,0,detectium_fire/non_fire/1816726074_clip_002.mp4,59,4,39,3137,0,0.0,16.1079069985135,0,NO_REAL_FIRE,3203.1629330012947,5,False,0,,16.1079069985135
nonfire_videos,0,detectium_fire/non_fire/1816726074_clip_002.mp4,59,5,52,3138,0,0.0,32.25619400109281,0,NO_REAL_FIRE,3722.038244999567,5,False,0,,32.25619400109281
nonfire_videos,0,detectium_fire/non_fire/1816726074_clip_002.mp4,59,6,66,3139,0,0.0,21.305209000274772,0,NO_REAL_FIRE,3102.342416997999,5,False,0,,21.305209000274772
nonfire_videos,0,detectium_fire/non_fire/1816726074_clip_002.mp4,59,7,79,3140,0,0.0,10.532554999372223,0,NO_REAL_FIRE,2767.3523150006076,5,True,0,NO_REAL_FIRE,2913.4560769998643
nonfire_videos,0,detectium_fire/non_fire/1816726074_clip_002.mp4,59,8,92,3141,0,0.0,9.363316999952076,0,NO_REAL_FIRE,3219.258532000822,5,False,0,,9.363316999952076
nonfire_videos,0,detectium_fire/non_fire/1816726074_clip_002.mp4,59,9,105,3142,0,0.0,29.696707999391947,0,NO_REAL_FIRE,3055.5985850005527,5,False,0,,29.696707999391947
nonfire_videos,0,detectium_fire/non_fire/1816726074_clip_002.mp4,59,10,118,3143,0,0.0,32.11987400209182,0,NO_REAL_FIRE,3438.950460997148,5,False,0,,32.11987400209182
nonfire_videos,0,detectium_fire/non_fire/1816726074_clip_002.mp4,59,11,131,3144,0,0.0,22.794647000409896,0,NO_REAL_FIRE,2902.328475000104,5,False,0,,22.794647000409896
nonfire_videos,0,detectium_fire/non_fire/1816726074_clip_002.mp4,59,12,144,3145,0,0.0,32.87114300110261,0,NO_REAL_FIRE,2636.753492002754,5,True,0,NO_REAL_FIRE,3072.3995130028925
nonfire_videos,0,detectium_fire/non_fire/1816726074_clip_002.mp4,59,13,157,3146,0,0.0,27.192491997993784,0,NO_REAL_FIRE,3372.66137700135,5,False,0,,27.192491997993784
nonfire_videos,0,detectium_fire/non_fire/1816726074_clip_002.mp4,59,14,170,3147,0,0.0,32.199534001847496,0,NO_REAL_FIRE,2525.471581997408,5,False,0,,32.199534001847496
nonfire_videos,0,detectium_fire/non_fire/1816726074_clip_002.mp4,59,15,183,3148,0,0.0,8.887527001206763,0,NO_REAL_FIRE,2864.429530000052,5,False,0,,8.887527001206763
nonfire_videos,0,detectium_fire/non_fire/1816726074_clip_002.mp4,59,16,197,3149,0,0.0,32.14500399917597,0,NO_REAL_FIRE,3225.222909000877,5,False,0,,32.14500399917597
nonfire_videos,0,detectium_fire/non_fire/1816726074_clip_002.mp4,59,17,210,3150,0,0.0,8.435356998234056,0,NO_REAL_FIRE,3035.3163379986654,5,True,0,NO_REAL_FIRE,3268.964937000419
nonfire_videos,0,detectium_fire/non_fire/1816726074_clip_002.mp4,59,18,223,3151,0,0.0,32.17782499996247,0,NO_REAL_FIRE,2940.996852998069,5,False,0,,32.17782499996247
nonfire_videos,0,detectium_fire/non_fire/1816726074_clip_002.mp4,59,19,236,3152,0,0.0,8.638876999611966,0,NO_REAL_FIRE,2660.4640330006077,5,False,0,,8.638876999611966
nonfire_videos,0,detectium_fire/non_fire/1816726074_clip_002.mp4,59,20,249,3153,0,0.0,12.842441999964649,0,NO_REAL_FIRE,2920.483322999644,5,False,0,,12.842441999964649
nonfire_videos,0,detectium_fire/non_fire/1816726074_clip_003.mp4,60,1,0,3154,0,0.0,32.80414300024859,0,NO_REAL_FIRE,2661.8766420033353,5,False,0,,32.80414300024859
nonfire_videos,0,detectium_fire/non_fire/1816726074_clip_003.mp4,60,2,13,3155,0,0.0,9.830396000324981,0,NO_REAL_FIRE,3138.8157450019207,5,True,0,NO_REAL_FIRE,3593.2825210002193
nonfire_videos,0,detectium_fire/non_fire/1816726074_clip_003.mp4,60,3,26,3156,0,0.0,8.482928002194967,0,NO_REAL_FIRE,3360.795450000296,5,False,0,,8.482928002194967
nonfire_videos,0,detectium_fire/non_fire/1816726074_clip_003.mp4,60,4,39,3157,0,0.0,10.132196002814453,0,NO_REAL_FIRE,3142.2958510011085,5,False,0,,10.132196002814453
nonfire_videos,0,detectium_fire/non_fire/1816726074_clip_003.mp4,60,5,52,3158,0,0.0,29.50678799970774,0,NO_REAL_FIRE,2828.2610080023005,5,False,0,,29.50678799970774
nonfire_videos,0,detectium_fire/non_fire/1816726074_clip_003.mp4,60,6,66,3159,0,0.0,32.16531499856501,0,NO_REAL_FIRE,3127.655633001268,5,False,0,,32.16531499856501
nonfire_videos,0,detectium_fire/non_fire/1816726074_clip_003.mp4,60,7,79,3160,0,0.0,13.126362002367387,0,NO_REAL_FIRE,3476.308388999314,5,True,0,NO_REAL_FIRE,3374.341495000408
nonfire_videos,0,detectium_fire/non_fire/1816726074_clip_003.mp4,60,8,92,3161,0,0.0,10.815884998010006,0,NO_REAL_FIRE,3080.5471509993367,5,False,0,,10.815884998010006
nonfire_videos,0,detectium_fire/non_fire/1816726074_clip_003.mp4,60,9,105,3162,0,0.0,10.041555000498192,0,NO_REAL_FIRE,2697.7668950021325,5,False,0,,10.041555000498192
nonfire_videos,0,detectium_fire/non_fire/1816726074_clip_003.mp4,60,10,118,3163,0,0.0,28.984569002204807,0,NO_REAL_FIRE,2792.08768099852,5,False,0,,28.984569002204807
nonfire_videos,0,detectium_fire/non_fire/1816726074_clip_003.mp4,60,11,131,3164,0,0.0,8.588248001615284,0,NO_REAL_FIRE,2863.827808996575,5,False,0,,8.588248001615284
nonfire_videos,0,detectium_fire/non_fire/1816726074_clip_003.mp4,60,12,144,3165,0,0.0,32.20844400129863,0,NO_REAL_FIRE,3468.5498219987494,5,True,0,NO_REAL_FIRE,3391.2026730031357
nonfire_videos,0,detectium_fire/non_fire/1816726074_clip_003.mp4,60,13,157,3166,0,0.0,8.662758002174087,0,NO_REAL_FIRE,2618.928916999721,5,False,0,,8.662758002174087
nonfire_videos,0,detectium_fire/non_fire/1816726074_clip_003.mp4,60,14,170,3167,0,0.0,32.194703999266494,0,NO_REAL_FIRE,2517.3617229993397,5,False,0,,32.194703999266494
nonfire_videos,0,detectium_fire/non_fire/1816726074_clip_003.mp4,60,15,183,3168,0,0.0,8.673717999045039,0,NO_REAL_FIRE,3254.0959380021377,5,False,0,,8.673717999045039
nonfire_videos,0,detectium_fire/non_fire/1816726074_clip_003.mp4,60,16,197,3169,0,0.0,32.18985399871599,0,NO_REAL_FIRE,3059.990443998686,5,False,0,,32.18985399871599
nonfire_videos,0,detectium_fire/non_fire/1816726074_clip_003.mp4,60,17,210,3170,0,0.0,8.576447999075754,0,NO_REAL_FIRE,3099.4927680003457,5,True,0,NO_REAL_FIRE,3580.142907998379
nonfire_videos,0,detectium_fire/non_fire/1816726074_clip_003.mp4,60,18,223,3171,0,0.0,32.814883001265116,0,NO_REAL_FIRE,3289.353520998702,5,False,0,,32.814883001265116
nonfire_videos,0,detectium_fire/non_fire/1816726074_clip_003.mp4,60,19,236,3172,0,0.0,15.084138998645358,0,NO_REAL_FIRE,3284.0333780004585,5,False,0,,15.084138998645358
nonfire_videos,0,detectium_fire/non_fire/1816726074_clip_003.mp4,60,20,249,3173,0,0.0,32.068693999462994,0,NO_REAL_FIRE,3148.345991001406,5,False,0,,32.068693999462994
nonfire_videos,0,detectium_fire/non_fire/1816726074_clip_004.mp4,61,1,0,3174,0,0.0,10.518794999370584,0,NO_REAL_FIRE,2624.70665300134,5,False,0,,10.518794999370584
nonfire_videos,0,detectium_fire/non_fire/1816726074_clip_004.mp4,61,2,2,3175,0,0.0,8.407378998526838,0,NO_REAL_FIRE,3109.5980259997305,5,True,0,NO_REAL_FIRE,2890.3638789997785
nonfire_videos,0,detectium_fire/non_fire/1816726074_clip_004.mp4,61,3,3,3176,0,0.0,19.270291999418987,0,NO_REAL_FIRE,3280.8282149999286,5,False,0,,19.270291999418987
nonfire_videos,0,detectium_fire/non_fire/1816726074_clip_004.mp4,61,4,5,3177,0,0.0,18.920874001196353,0,NO_REAL_FIRE,3392.103418998886,5,False,0,,18.920874001196353
nonfire_videos,0,detectium_fire/non_fire/1816726074_clip_004.mp4,61,5,7,3178,0,0.0,32.17662500173901,0,NO_REAL_FIRE,2950.2795439984766,5,False,0,,32.17662500173901
nonfire_videos,0,detectium_fire/non_fire/1816726074_clip_004.mp4,61,6,8,3179,0,0.0,8.425637999607716,0,NO_REAL_FIRE,3037.6887599995825,5,False,0,,8.425637999607716
nonfire_videos,0,detectium_fire/non_fire/1816726074_clip_004.mp4,61,7,10,3180,0,0.0,17.772305000107735,0,NO_REAL_FIRE,3322.011829000985,5,True,0,NO_REAL_FIRE,3302.0127870004217
nonfire_videos,0,detectium_fire/non_fire/1816726074_clip_004.mp4,61,8,12,3181,0,0.0,8.476268001686549,0,NO_REAL_FIRE,2821.61707799969,5,False,0,,8.476268001686549
nonfire_videos,0,detectium_fire/non_fire/1816726074_clip_004.mp4,61,9,13,3182,0,0.0,8.529417998943245,0,NO_REAL_FIRE,2786.5610270018806,5,False,0,,8.529417998943245
nonfire_videos,0,detectium_fire/non_fire/1816726074_clip_004.mp4,61,10,15,3183,0,0.0,13.923200000135694,0,NO_REAL_FIRE,3283.1811450014357,5,False,0,,13.923200000135694
nonfire_videos,0,detectium_fire/non_fire/1816726074_clip_004.mp4,61,11,17,3184,0,0.0,32.13798399883672,0,NO_REAL_FIRE,2832.4065540000447,5,False,0,,32.13798399883672
nonfire_videos,0,detectium_fire/non_fire/1816726074_clip_004.mp4,61,12,19,3185,0,0.0,8.468707997963065,0,NO_REAL_FIRE,2800.058919001458,5,True,0,NO_REAL_FIRE,2920.2235500015377
nonfire_videos,0,detectium_fire/non_fire/1816726074_clip_004.mp4,61,13,20,3186,0,0.0,32.135355002537835,0,NO_REAL_FIRE,3379.8793999994814,5,False,0,,32.135355002537835
nonfire_videos,0,detectium_fire/non_fire/1816726074_clip_004.mp4,61,14,22,3187,0,0.0,8.484477999445517,0,NO_REAL_FIRE,3428.428782000992,5,False,0,,8.484477999445517
nonfire_videos,0,detectium_fire/non_fire/1816726074_clip_004.mp4,61,15,24,3188,0,0.0,31.804804999410408,0,NO_REAL_FIRE,2873.1651570014947,5,False,0,,31.804804999410408
nonfire_videos,0,detectium_fire/non_fire/1816726074_clip_004.mp4,61,16,25,3189,0,0.0,16.605146000074456,0,NO_REAL_FIRE,2585.1768550019187,5,False,0,,16.605146000074456
nonfire_videos,0,detectium_fire/non_fire/1816726074_clip_004.mp4,61,17,27,3190,0,0.0,8.451387999230064,0,NO_REAL_FIRE,2778.8384220002627,5,True,0,NO_REAL_FIRE,3443.0508719997306
nonfire_videos,0,detectium_fire/non_fire/1816726074_clip_004.mp4,61,18,29,3191,0,0.0,8.451818001049105,0,NO_REAL_FIRE,3080.2105360016867,5,False,0,,8.451818001049105
nonfire_videos,0,detectium_fire/non_fire/1816726074_clip_004.mp4,61,19,30,3192,0,0.0,32.12316500139423,0,NO_REAL_FIRE,3195.512812999368,5,False,0,,32.12316500139423
nonfire_videos,0,detectium_fire/non_fire/1816726074_clip_004.mp4,61,20,32,3193,0,0.0,10.025365998444613,0,NO_REAL_FIRE,2845.5038479987707,5,False,0,,10.025365998444613
nonfire_videos,0,detectium_fire/non_fire/1816726571_clip_001.mp4,62,1,0,3194,0,0.0,8.629197000118438,0,NO_REAL_FIRE,3162.502000999666,5,False,0,,8.629197000118438
nonfire_videos,0,detectium_fire/non_fire/1816726571_clip_001.mp4,62,2,13,3195,0,0.0,32.217934000073,0,NO_REAL_FIRE,3440.693878001184,5,True,0,NO_REAL_FIRE,3450.128873999347
nonfire_videos,0,detectium_fire/non_fire/1816726571_clip_001.mp4,62,3,26,3196,0,0.0,11.239194001973374,0,NO_REAL_FIRE,3367.4967430015386,5,False,0,,11.239194001973374
nonfire_videos,0,detectium_fire/non_fire/1816726571_clip_001.mp4,62,4,39,3197,0,0.0,8.461437999358168,0,NO_REAL_FIRE,3597.439918001328,5,False,0,,8.461437999358168
nonfire_videos,0,detectium_fire/non_fire/1816726571_clip_001.mp4,62,5,52,3198,0,0.0,13.501801000529667,0,NO_REAL_FIRE,2889.7743279994756,5,False,0,,13.501801000529667
nonfire_videos,0,detectium_fire/non_fire/1816726571_clip_001.mp4,62,6,66,3199,0,0.0,32.13008499733405,0,NO_REAL_FIRE,3445.4192529992724,5,False,0,,32.13008499733405
nonfire_videos,0,detectium_fire/non_fire/1816726571_clip_001.mp4,62,7,79,3200,0,0.0,32.162573999812594,0,NO_REAL_FIRE,3297.3985229982645,5,True,0,NO_REAL_FIRE,4013.217531999544
nonfire_videos,0,detectium_fire/non_fire/1816726571_clip_001.mp4,62,8,92,3201,0,0.0,17.952664999029366,0,NO_REAL_FIRE,3583.9848289979273,5,False,0,,17.952664999029366
nonfire_videos,0,detectium_fire/non_fire/1816726571_clip_001.mp4,62,9,105,3202,0,0.0,32.22666399960872,0,NO_REAL_FIRE,3961.2860170018394,5,False,0,,32.22666399960872
nonfire_videos,0,detectium_fire/non_fire/1816726571_clip_001.mp4,62,10,118,3203,0,0.0,8.803987999272067,0,NO_REAL_FIRE,3341.792092000105,5,False,0,,8.803987999272067
nonfire_videos,0,detectium_fire/non_fire/1816726571_clip_001.mp4,62,11,131,3204,0,0.0,32.84799399989424,0,NO_REAL_FIRE,3094.4310819977545,5,False,0,,32.84799399989424
nonfire_videos,0,detectium_fire/non_fire/1816726571_clip_001.mp4,62,12,144,3205,0,0.0,15.89188700017985,0,NO_REAL_FIRE,2997.7763579991006,5,True,0,NO_REAL_FIRE,3269.8428139992757
nonfire_videos,0,detectium_fire/non_fire/1816726571_clip_001.mp4,62,13,157,3206,0,0.0,8.837998000672087,0,NO_REAL_FIRE,2888.224182999693,5,False,0,,8.837998000672087
nonfire_videos,0,detectium_fire/non_fire/1816726571_clip_001.mp4,62,14,170,3207,0,0.0,11.771113000577316,0,NO_REAL_FIRE,3177.088057000219,5,False,0,,11.771113000577316
nonfire_videos,0,detectium_fire/non_fire/1816726571_clip_001.mp4,62,15,183,3208,0,0.0,32.140334998985054,0,NO_REAL_FIRE,4010.640439999406,5,False,0,,32.140334998985054
nonfire_videos,0,detectium_fire/non_fire/1816726571_clip_001.mp4,62,16,197,3209,0,0.0,32.161535000341246,0,NO_REAL_FIRE,3482.851414999459,5,False,0,,32.161535000341246
nonfire_videos,0,detectium_fire/non_fire/1816726571_clip_001.mp4,62,17,210,3210,0,0.0,13.16666200000327,0,NO_REAL_FIRE,3694.2253870001878,5,True,0,NO_REAL_FIRE,2803.0971760017565
nonfire_videos,0,detectium_fire/non_fire/1816726571_clip_001.mp4,62,18,223,3211,0,0.0,8.695058000739664,0,NO_REAL_FIRE,2814.554098997178,5,False,0,,8.695058000739664
nonfire_videos,0,detectium_fire/non_fire/1816726571_clip_001.mp4,62,19,236,3212,0,0.0,9.154146999208024,0,NO_REAL_FIRE,2790.4647830000613,5,False,0,,9.154146999208024
nonfire_videos,0,detectium_fire/non_fire/1816726571_clip_001.mp4,62,20,249,3213,0,0.0,31.583554999087937,0,NO_REAL_FIRE,3513.7473640024837,5,False,0,,31.583554999087937
nonfire_videos,0,detectium_fire/non_fire/1816726571_clip_002.mp4,63,1,0,3214,0,0.0,31.317966000642627,0,NO_REAL_FIRE,3268.092489997798,5,False,0,,31.317966000642627
nonfire_videos,0,detectium_fire/non_fire/1816726571_clip_002.mp4,63,2,13,3215,0,0.0,32.245313999737846,0,NO_REAL_FIRE,3978.409299001214,5,True,0,NO_REAL_FIRE,3444.0239229988947
nonfire_videos,0,detectium_fire/non_fire/1816726571_clip_002.mp4,63,3,26,3216,0,0.0,32.33649399771821,0,NO_REAL_FIRE,3616.2595310015604,5,False,0,,32.33649399771821
nonfire_videos,0,detectium_fire/non_fire/1816726571_clip_002.mp4,63,4,39,3217,0,0.0,32.23815499950433,0,NO_REAL_FIRE,3244.482224999956,5,False,0,,32.23815499950433
nonfire_videos,0,detectium_fire/non_fire/1816726571_clip_002.mp4,63,5,52,3218,0,0.0,32.31458499794826,0,NO_REAL_FIRE,3769.633204999991,5,False,0,,32.31458499794826
nonfire_videos,0,detectium_fire/non_fire/1816726571_clip_002.mp4,63,6,66,3219,0,0.0,24.62239500164287,0,NO_REAL_FIRE,3388.251123000373,5,False,0,,24.62239500164287
nonfire_videos,0,detectium_fire/non_fire/1816726571_clip_002.mp4,63,7,79,3220,0,0.0,15.51582799947937,0,NO_REAL_FIRE,3080.9448170002725,5,True,0,NO_REAL_FIRE,3891.632923998259
nonfire_videos,0,detectium_fire/non_fire/1816726571_clip_002.mp4,63,8,92,3221,0,0.0,32.20322400011355,0,NO_REAL_FIRE,3304.9799420005,5,False,0,,32.20322400011355
nonfire_videos,0,detectium_fire/non_fire/1816726571_clip_002.mp4,63,9,105,3222,0,0.0,8.53834800000186,0,NO_REAL_FIRE,2610.7864110017545,5,False,0,,8.53834800000186
nonfire_videos,0,detectium_fire/non_fire/1816726571_clip_002.mp4,63,10,118,3223,1,0.33755946159362793,9.96161600050982,0,NO_REAL_FIRE,3202.0868370018434,5,False,1,,9.96161600050982
nonfire_videos,0,detectium_fire/non_fire/1816726571_clip_002.mp4,63,11,131,3224,0,0.0,8.667058002174599,0,NO_REAL_FIRE,3003.006237999216,5,False,0,,8.667058002174599
nonfire_videos,0,detectium_fire/non_fire/1816726571_clip_002.mp4,63,12,144,3225,0,0.0,32.23279499798082,0,NO_REAL_FIRE,3109.9850370010245,5,True,0,NO_REAL_FIRE,3988.834539999516
nonfire_videos,0,detectium_fire/non_fire/1816726571_clip_002.mp4,63,13,157,3226,0,0.0,8.625237998785451,0,NO_REAL_FIRE,3673.7423240010685,5,False,0,,8.625237998785451
nonfire_videos,0,detectium_fire/non_fire/1816726571_clip_002.mp4,63,14,170,3227,0,0.0,32.287335001456086,0,NO_REAL_FIRE,3533.7781309972343,5,False,0,,32.287335001456086
nonfire_videos,0,detectium_fire/non_fire/1816726571_clip_002.mp4,63,15,183,3228,0,0.0,21.78752899999381,0,NO_REAL_FIRE,2744.162854000024,5,False,0,,21.78752899999381
nonfire_videos,0,detectium_fire/non_fire/1816726571_clip_002.mp4,63,16,197,3229,0,0.0,10.914104997937102,0,NO_REAL_FIRE,2692.918936998467,5,False,0,,10.914104997937102
nonfire_videos,0,detectium_fire/non_fire/1816726571_clip_002.mp4,63,17,210,3230,0,0.0,8.683996999025112,0,NO_REAL_FIRE,2883.291079000628,5,True,0,NO_REAL_FIRE,3622.64873699678
nonfire_videos,0,detectium_fire/non_fire/1816726571_clip_002.mp4,63,18,223,3231,0,0.0,9.077687001990853,0,NO_REAL_FIRE,4168.29147899989,5,False,0,,9.077687001990853
nonfire_videos,0,detectium_fire/non_fire/1816726571_clip_002.mp4,63,19,236,3232,0,0.0,15.652097998099634,0,NO_REAL_FIRE,3767.0383750009933,5,False,0,,15.652097998099634
nonfire_videos,0,detectium_fire/non_fire/1816726571_clip_002.mp4,63,20,249,3233,0,0.0,8.781608001299901,0,NO_REAL_FIRE,2703.105853001034,5,False,0,,8.781608001299901
nonfire_videos,0,detectium_fire/non_fire/1816726571_clip_003.mp4,64,1,0,3234,0,0.0,9.520056999463122,0,NO_REAL_FIRE,2636.1547380001866,5,False,0,,9.520056999463122
nonfire_videos,0,detectium_fire/non_fire/1821074717_clip_001.mp4,65,1,0,3235,1,0.27602824568748474,8.840297999995528,0,NO_REAL_FIRE,4534.919665002235,5,True,0,NO_REAL_FIRE,4508.375703000638
nonfire_videos,0,detectium_fire/non_fire/1821074717_clip_001.mp4,65,2,12,3236,1,0.26431840658187866,32.644414000969846,0,NO_REAL_FIRE,4651.792862001457,5,False,1,,32.644414000969846
nonfire_videos,0,detectium_fire/non_fire/1821074717_clip_001.mp4,65,3,24,3237,1,0.2612207531929016,32.21500500148977,0,NO_REAL_FIRE,3201.0695040007704,5,False,1,,32.21500500148977
nonfire_videos,0,detectium_fire/non_fire/1821074717_clip_001.mp4,65,4,36,3238,0,0.0,27.27207200223347,0,NO_REAL_FIRE,4270.430838998436,5,False,0,,27.27207200223347
nonfire_videos,0,detectium_fire/non_fire/1821074717_clip_001.mp4,65,5,48,3239,0,0.0,8.432159000221873,0,NO_REAL_FIRE,3504.448196999874,5,False,0,,8.432159000221873
nonfire_videos,0,detectium_fire/non_fire/1821074717_clip_001.mp4,65,6,60,3240,0,0.0,32.204523999098456,0,NO_REAL_FIRE,4379.6870869991835,5,True,0,NO_REAL_FIRE,4479.720204999467
nonfire_videos,0,detectium_fire/non_fire/1821074717_clip_001.mp4,65,7,72,3241,0,0.0,8.412469000177225,0,NO_REAL_FIRE,3725.1562179990287,5,False,0,,8.412469000177225
nonfire_videos,0,detectium_fire/non_fire/1821074717_clip_001.mp4,65,8,84,3242,0,0.0,8.387318001041422,0,NO_REAL_FIRE,2480.0416309990396,5,False,0,,8.387318001041422
nonfire_videos,0,detectium_fire/non_fire/1821074717_clip_001.mp4,65,9,96,3243,0,0.0,12.024322997604031,0,NO_REAL_FIRE,4384.309371998825,5,False,0,,12.024322997604031
nonfire_videos,0,detectium_fire/non_fire/1821074717_clip_001.mp4,65,10,108,3244,0,0.0,32.21373500127811,0,NO_REAL_FIRE,5315.190002002055,5,False,0,,32.21373500127811
nonfire_videos,0,detectium_fire/non_fire/1821074717_clip_001.mp4,65,11,121,3245,0,0.0,11.9643329999235,0,NO_REAL_FIRE,4755.81980899733,5,True,0,NO_REAL_FIRE,3433.4643410002172
nonfire_videos,0,detectium_fire/non_fire/1821074717_clip_001.mp4,65,12,133,3246,0,0.0,10.607513999275398,0,NO_REAL_FIRE,2889.059675999306,5,False,0,,10.607513999275398
nonfire_videos,0,detectium_fire/non_fire/1821074717_clip_001.mp4,65,13,145,3247,0,0.0,12.780892000591848,0,NO_REAL_FIRE,4513.6287809982605,5,False,0,,12.780892000591848
nonfire_videos,0,detectium_fire/non_fire/1821074717_clip_001.mp4,65,14,157,3248,0,0.0,32.18985499916016,0,NO_REAL_FIRE,4412.490484002774,5,False,0,,32.18985499916016
nonfire_videos,0,detectium_fire/non_fire/1821074717_clip_001.mp4,65,15,169,3249,0,0.0,32.220155000686646,0,NO_REAL_FIRE,4424.849027000164,5,False,0,,32.220155000686646
nonfire_videos,0,detectium_fire/non_fire/1821074717_clip_001.mp4,65,16,181,3250,0,0.0,9.356906000903109,0,NO_REAL_FIRE,3591.2879099996644,5,True,0,NO_REAL_FIRE,3976.866738001263
nonfire_videos,0,detectium_fire/non_fire/1821074717_clip_001.mp4,65,17,193,3251,0,0.0,14.92311900074128,0,NO_REAL_FIRE,4778.480471999501,5,False,0,,14.92311900074128
nonfire_videos,0,detectium_fire/non_fire/1821074717_clip_001.mp4,65,18,205,3252,0,0.0,32.18872399884276,0,NO_REAL_FIRE,2627.84150600055,5,False,0,,32.18872399884276
nonfire_videos,0,detectium_fire/non_fire/1821074717_clip_001.mp4,65,19,217,3253,0,0.0,8.385778000956634,0,NO_REAL_FIRE,3251.144049998402,5,False,0,,8.385778000956634
nonfire_videos,0,detectium_fire/non_fire/1821074717_clip_001.mp4,65,20,229,3254,0,0.0,8.333328001754126,0,NO_REAL_FIRE,4889.544997000485,5,False,0,,8.333328001754126
nonfire_videos,0,detectium_fire/non_fire/1821074717_clip_002.mp4,66,1,0,3255,1,0.31061309576034546,8.914138001273386,0,NO_REAL_FIRE,4713.027104997309,5,True,0,NO_REAL_FIRE,3235.7184729989967
nonfire_videos,0,detectium_fire/non_fire/1821074717_clip_002.mp4,66,2,12,3256,0,0.0,9.122837000177242,0,NO_REAL_FIRE,4012.486371000705,5,False,0,,9.122837000177242
nonfire_videos,0,detectium_fire/non_fire/1821074717_clip_002.mp4,66,3,24,3257,1,0.2504291534423828,32.24974499971722,0,NO_REAL_FIRE,4945.883609001612,5,False,1,,32.24974499971722
nonfire_videos,0,detectium_fire/non_fire/1821074717_clip_002.mp4,66,4,36,3258,1,0.28827178478240967,8.477338000375312,0,NO_REAL_FIRE,2749.986884999089,5,False,1,,8.477338000375312
nonfire_videos,0,detectium_fire/non_fire/1821074717_clip_002.mp4,66,5,48,3259,0,0.0,10.470655000972329,0,NO_REAL_FIRE,3220.924184002797,5,False,0,,10.470655000972329
nonfire_videos,0,detectium_fire/non_fire/1821074717_clip_002.mp4,66,6,60,3260,0,0.0,23.9764660000219,0,NO_REAL_FIRE,4822.526984000433,5,True,0,NO_REAL_FIRE,4668.540669998038
nonfire_videos,0,detectium_fire/non_fire/1821074717_clip_002.mp4,66,7,72,3261,0,0.0,8.409508998738602,0,NO_REAL_FIRE,3511.719736001396,5,False,0,,8.409508998738602
nonfire_videos,0,detectium_fire/non_fire/1821074717_clip_002.mp4,66,8,84,3262,0,0.0,14.6852689977095,0,NO_REAL_FIRE,2442.467138000211,5,False,0,,14.6852689977095
nonfire_videos,0,detectium_fire/non_fire/1821074717_clip_002.mp4,66,9,96,3263,0,0.0,9.140807000221685,0,NO_REAL_FIRE,3699.631342999055,5,False,0,,9.140807000221685
nonfire_videos,0,detectium_fire/non_fire/1821074717_clip_002.mp4,66,10,108,3264,0,0.0,8.451267996861134,0,NO_REAL_FIRE,4374.179744998401,5,False,0,,8.451267996861134
nonfire_videos,0,detectium_fire/non_fire/1821074717_clip_002.mp4,66,11,121,3265,0,0.0,32.22753500085673,0,NO_REAL_FIRE,4356.546029997844,5,True,0,NO_REAL_FIRE,5814.33716399988
nonfire_videos,0,detectium_fire/non_fire/1821074717_clip_002.mp4,66,12,133,3266,0,0.0,32.17482499894686,0,NO_REAL_FIRE,4075.390936999611,5,False,0,,32.17482499894686
nonfire_videos,0,detectium_fire/non_fire/1821074717_clip_002.mp4,66,13,145,3267,0,0.0,10.879884997848421,0,NO_REAL_FIRE,4699.61549999789,5,False,0,,10.879884997848421
nonfire_videos,0,detectium_fire/non_fire/1821074717_clip_002.mp4,66,14,157,3268,0,0.0,32.16206499928376,0,NO_REAL_FIRE,5101.98497500096,5,False,0,,32.16206499928376
nonfire_videos,0,detectium_fire/non_fire/1821074717_clip_002.mp4,66,15,169,3269,0,0.0,32.836105001479154,0,NO_REAL_FIRE,3332.204170001205,5,False,0,,32.836105001479154
nonfire_videos,0,detectium_fire/non_fire/1821074717_clip_002.mp4,66,16,181,3270,0,0.0,12.580231999891112,0,NO_REAL_FIRE,3576.451918001112,5,True,0,NO_REAL_FIRE,2757.9165780007315
nonfire_videos,0,detectium_fire/non_fire/1821074717_clip_002.mp4,66,17,193,3271,0,0.0,13.14311100213672,0,NO_REAL_FIRE,3428.0591969982197,5,False,0,,13.14311100213672
nonfire_videos,0,detectium_fire/non_fire/1821074717_clip_002.mp4,66,18,205,3272,0,0.0,15.648487998987548,0,NO_REAL_FIRE,3670.371466996585,5,False,0,,15.648487998987548
nonfire_videos,0,detectium_fire/non_fire/1821074717_clip_002.mp4,66,19,217,3273,0,0.0,15.152009000303224,0,NO_REAL_FIRE,3746.385639999062,5,False,0,,15.152009000303224
nonfire_videos,0,detectium_fire/non_fire/1821074717_clip_002.mp4,66,20,229,3274,0,0.0,8.638028000859777,0,NO_REAL_FIRE,4218.57192799871,5,False,0,,8.638028000859777
nonfire_videos,0,detectium_fire/non_fire/1821074717_clip_003.mp4,67,1,0,3275,0,0.0,32.25141500297468,0,NO_REAL_FIRE,4651.89798999927,5,True,0,NO_REAL_FIRE,3368.625532002625
nonfire_videos,0,detectium_fire/non_fire/1821074717_clip_003.mp4,67,2,1,3276,0,0.0,9.062097000423819,0,NO_REAL_FIRE,2871.046929998556,5,False,0,,9.062097000423819
nonfire_videos,0,detectium_fire/non_fire/1821074717_clip_003.mp4,67,3,3,3277,0,0.0,19.888672002707608,0,NO_REAL_FIRE,4232.510359001026,5,False,0,,19.888672002707608
nonfire_videos,0,detectium_fire/non_fire/1821074717_clip_003.mp4,67,4,4,3278,0,0.0,31.85811499861302,0,NO_REAL_FIRE,3645.324024000729,5,False,0,,31.85811499861302
nonfire_videos,0,detectium_fire/non_fire/1821074717_clip_003.mp4,67,5,5,3279,0,0.0,25.49973499844782,0,NO_REAL_FIRE,2519.3355640003574,5,False,0,,25.49973499844782
nonfire_videos,0,detectium_fire/non_fire/1821074717_clip_003.mp4,67,6,7,3280,0,0.0,10.169675999350147,0,NO_REAL_FIRE,4504.011929999251,5,True,0,NO_REAL_FIRE,5343.395732001227
nonfire_videos,0,detectium_fire/non_fire/1821074717_clip_003.mp4,67,7,8,3281,0,0.0,8.46658800219302,0,NO_REAL_FIRE,4577.830955997342,5,False,0,,8.46658800219302
nonfire_videos,0,detectium_fire/non_fire/1821074717_clip_003.mp4,67,8,9,3282,0,0.0,8.433637998678023,0,NO_REAL_FIRE,3148.5338319980656,5,False,0,,8.433637998678023
nonfire_videos,0,detectium_fire/non_fire/1821074717_clip_003.mp4,67,9,11,3283,0,0.0,14.687419003166724,0,NO_REAL_FIRE,3718.866633000289,5,False,0,,14.687419003166724
nonfire_videos,0,detectium_fire/non_fire/1821074717_clip_003.mp4,67,10,12,3284,0,0.0,22.523577998072142,0,NO_REAL_FIRE,2274.04678899984,5,False,0,,22.523577998072142
nonfire_videos,0,detectium_fire/non_fire/1821074717_clip_003.mp4,67,11,13,3285,0,0.0,24.869656001101248,0,NO_REAL_FIRE,5735.011544998997,5,True,0,NO_REAL_FIRE,4107.8377480007475
nonfire_videos,0,detectium_fire/non_fire/1821074717_clip_003.mp4,67,12,14,3286,0,0.0,8.429278001131024,0,NO_REAL_FIRE,2609.9499089978053,5,False,0,,8.429278001131024
nonfire_videos,0,detectium_fire/non_fire/1821074717_clip_003.mp4,67,13,16,3287,0,0.0,16.787695996754337,0,NO_REAL_FIRE,5262.831108000682,5,False,0,,16.787695996754337
nonfire_videos,0,detectium_fire/non_fire/1821074717_clip_003.mp4,67,14,17,3288,0,0.0,32.14198500063503,0,NO_REAL_FIRE,3824.947773999156,5,False,0,,32.14198500063503
nonfire_videos,0,detectium_fire/non_fire/1821074717_clip_003.mp4,67,15,18,3289,0,0.0,8.855987998686032,0,NO_REAL_FIRE,3581.330027001968,5,False,0,,8.855987998686032
nonfire_videos,0,detectium_fire/non_fire/1821074717_clip_003.mp4,67,16,20,3290,0,0.0,9.102707001147792,0,NO_REAL_FIRE,4823.853973997757,5,True,0,NO_REAL_FIRE,3417.7739760016266
nonfire_videos,0,detectium_fire/non_fire/1821074717_clip_003.mp4,67,17,21,3291,0,0.0,8.368457998585654,0,NO_REAL_FIRE,4579.996216998552,5,False,0,,8.368457998585654
nonfire_videos,0,detectium_fire/non_fire/1821074717_clip_003.mp4,67,18,22,3292,0,0.0,32.14004400069825,0,NO_REAL_FIRE,4661.616101999243,5,False,0,,32.14004400069825
nonfire_videos,0,detectium_fire/non_fire/1821074717_clip_003.mp4,67,19,24,3293,0,0.0,32.0243850001134,0,NO_REAL_FIRE,4998.782011000003,5,False,0,,32.0243850001134
nonfire_videos,0,detectium_fire/non_fire/1821074717_clip_003.mp4,67,20,25,3294,0,0.0,8.4436180004559,0,NO_REAL_FIRE,4106.24449199895,5,False,0,,8.4436180004559
nonfire_videos,0,detectium_fire/non_fire/1821467306_clip_001.mp4,68,1,0,3295,0,0.0,8.648928000184242,0,NO_REAL_FIRE,2681.890140000178,5,True,0,NO_REAL_FIRE,3426.6177950012207
nonfire_videos,0,detectium_fire/non_fire/1821467306_clip_001.mp4,68,2,16,3296,0,0.0,9.98904600055539,0,NO_REAL_FIRE,3200.8318420012074,5,False,0,,9.98904600055539
nonfire_videos,0,detectium_fire/non_fire/1821467306_clip_001.mp4,68,3,31,3297,0,0.0,12.405602999933762,0,NO_REAL_FIRE,2955.439977002243,5,False,0,,12.405602999933762
nonfire_videos,0,detectium_fire/non_fire/1821467306_clip_001.mp4,68,4,47,3298,0,0.0,18.940242996905,0,NO_REAL_FIRE,3928.685361999669,5,False,0,,18.940242996905
nonfire_videos,0,detectium_fire/non_fire/1821467306_clip_001.mp4,68,5,63,3299,0,0.0,32.184154999413295,0,NO_REAL_FIRE,4286.548511001456,5,False,0,,32.184154999413295
nonfire_videos,0,detectium_fire/non_fire/1821467306_clip_001.mp4,68,6,79,3300,0,0.0,30.210738001187565,0,NO_REAL_FIRE,3384.1734060006274,5,True,0,NO_REAL_FIRE,2815.213803998631
nonfire_videos,0,detectium_fire/non_fire/1821467306_clip_001.mp4,68,7,94,3301,0,0.0,8.779586998571176,0,NO_REAL_FIRE,4136.463522001577,5,False,0,,8.779586998571176
nonfire_videos,0,detectium_fire/non_fire/1821467306_clip_001.mp4,68,8,110,3302,0,0.0,32.16062499996042,0,NO_REAL_FIRE,3920.0586549995933,5,False,0,,32.16062499996042
nonfire_videos,0,detectium_fire/non_fire/1821467306_clip_001.mp4,68,9,126,3303,0,0.0,24.480836000293493,0,NO_REAL_FIRE,3875.8958670005086,5,False,0,,24.480836000293493
nonfire_videos,0,detectium_fire/non_fire/1821467306_clip_001.mp4,68,10,142,3304,0,0.0,9.65282700053649,0,NO_REAL_FIRE,2890.590777999023,5,False,0,,9.65282700053649
nonfire_videos,0,detectium_fire/non_fire/1821467306_clip_001.mp4,68,11,157,3305,0,0.0,15.25670900082332,0,NO_REAL_FIRE,4075.4134280032304,5,True,0,NO_REAL_FIRE,4090.151528002025
nonfire_videos,0,detectium_fire/non_fire/1821467306_clip_001.mp4,68,12,173,3306,0,0.0,8.3697679983743,0,NO_REAL_FIRE,3747.7871280025283,5,False,0,,8.3697679983743
nonfire_videos,0,detectium_fire/non_fire/1821467306_clip_001.mp4,68,13,189,3307,0,0.0,10.062065997772152,0,NO_REAL_FIRE,3862.416967000172,5,False,0,,10.062065997772152
nonfire_videos,0,detectium_fire/non_fire/1821467306_clip_001.mp4,68,14,205,3308,0,0.0,8.38779900004738,0,NO_REAL_FIRE,3989.5872699999018,5,False,0,,8.38779900004738
nonfire_videos,0,detectium_fire/non_fire/1821467306_clip_001.mp4,68,15,220,3309,0,0.0,13.058881999313598,0,NO_REAL_FIRE,5244.536510999751,5,False,0,,13.058881999313598
nonfire_videos,0,detectium_fire/non_fire/1821467306_clip_001.mp4,68,16,236,3310,0,0.0,32.18297499915934,0,NO_REAL_FIRE,3165.596213999379,5,True,0,NO_REAL_FIRE,3198.1264389978605
nonfire_videos,0,detectium_fire/non_fire/1821467306_clip_001.mp4,68,17,252,3311,0,0.0,9.898436001094524,0,NO_REAL_FIRE,4116.886381998484,5,False,0,,9.898436001094524
nonfire_videos,0,detectium_fire/non_fire/1821467306_clip_001.mp4,68,18,268,3312,0,0.0,8.414028001425322,0,NO_REAL_FIRE,3716.5929729999334,5,False,0,,8.414028001425322
nonfire_videos,0,detectium_fire/non_fire/1821467306_clip_001.mp4,68,19,283,3313,0,0.0,19.821942998532904,0,NO_REAL_FIRE,4757.348544997512,5,False,0,,19.821942998532904
nonfire_videos,0,detectium_fire/non_fire/1821467306_clip_001.mp4,68,20,299,3314,0,0.0,27.605810999375535,0,NO_REAL_FIRE,4218.377250999765,5,False,0,,27.605810999375535
nonfire_videos,0,detectium_fire/non_fire/1821467306_clip_002.mp4,69,1,0,3315,0,0.0,10.91211500170175,0,NO_REAL_FIRE,3220.946127999923,5,True,0,NO_REAL_FIRE,2705.0066410010913
nonfire_videos,0,detectium_fire/non_fire/1821467306_clip_002.mp4,69,2,16,3316,0,0.0,8.427417997154407,0,NO_REAL_FIRE,3967.3028030010755,5,False,0,,8.427417997154407
nonfire_videos,0,detectium_fire/non_fire/1821467306_clip_002.mp4,69,3,31,3317,0,0.0,8.401917999435682,0,NO_REAL_FIRE,4615.223954999237,5,False,0,,8.401917999435682
nonfire_videos,0,detectium_fire/non_fire/1821467306_clip_002.mp4,69,4,47,3318,0,0.0,32.82306400069501,0,NO_REAL_FIRE,4248.587748999853,5,False,0,,32.82306400069501
nonfire_videos,0,detectium_fire/non_fire/1821467306_clip_002.mp4,69,5,63,3319,0,0.0,32.1860240001115,0,NO_REAL_FIRE,3410.8885429996008,5,False,0,,32.1860240001115
nonfire_videos,0,detectium_fire/non_fire/1821467306_clip_002.mp4,69,6,79,3320,0,0.0,16.472757000883576,0,NO_REAL_FIRE,2593.058168000425,5,True,0,NO_REAL_FIRE,3774.9418530002004
nonfire_videos,0,detectium_fire/non_fire/1821467306_clip_002.mp4,69,7,94,3321,0,0.0,8.38081799884094,0,NO_REAL_FIRE,2942.9491789996973,5,False,0,,8.38081799884094
nonfire_videos,0,detectium_fire/non_fire/1821467306_clip_002.mp4,69,8,110,3322,0,0.0,8.487178001814755,0,NO_REAL_FIRE,4488.858474000153,5,False,0,,8.487178001814755
nonfire_videos,0,detectium_fire/non_fire/1821467306_clip_002.mp4,69,9,126,3323,0,0.0,8.426468000834575,0,NO_REAL_FIRE,3492.020030000276,5,False,0,,8.426468000834575
nonfire_videos,0,detectium_fire/non_fire/1821467306_clip_002.mp4,69,10,142,3324,0,0.0,8.356238002306782,0,NO_REAL_FIRE,3374.0003749990137,5,False,0,,8.356238002306782
nonfire_videos,0,detectium_fire/non_fire/1821467306_clip_002.mp4,69,11,157,3325,0,0.0,10.042586000054143,0,NO_REAL_FIRE,3701.253577000898,5,True,0,NO_REAL_FIRE,2975.9602320009435
nonfire_videos,0,detectium_fire/non_fire/1821467306_clip_002.mp4,69,12,173,3326,0,0.0,32.81062399764778,0,NO_REAL_FIRE,4549.553550001292,5,False,0,,32.81062399764778
nonfire_videos,0,detectium_fire/non_fire/1821467306_clip_002.mp4,69,13,189,3327,0,0.0,8.422319002420409,0,NO_REAL_FIRE,4556.7119590014045,5,False,0,,8.422319002420409
nonfire_videos,0,detectium_fire/non_fire/1821467306_clip_002.mp4,69,14,205,3328,0,0.0,8.429478002653923,0,NO_REAL_FIRE,4126.916071996675,5,False,0,,8.429478002653923
nonfire_videos,0,detectium_fire/non_fire/1821467306_clip_002.mp4,69,15,220,3329,0,0.0,32.157785000890726,0,NO_REAL_FIRE,4440.2973330034,5,False,0,,32.157785000890726
nonfire_videos,0,detectium_fire/non_fire/1821467306_clip_002.mp4,69,16,236,3330,0,0.0,31.42439599832869,0,NO_REAL_FIRE,4381.336706002912,5,True,0,NO_REAL_FIRE,3189.491963996261
nonfire_videos,0,detectium_fire/non_fire/1821467306_clip_002.mp4,69,17,252,3331,0,0.0,8.441268000751734,0,NO_REAL_FIRE,2991.321262001293,5,False,0,,8.441268000751734
nonfire_videos,0,detectium_fire/non_fire/1821467306_clip_002.mp4,69,18,268,3332,0,0.0,8.372337997570867,0,NO_REAL_FIRE,4932.433924997895,5,False,0,,8.372337997570867
nonfire_videos,0,detectium_fire/non_fire/1821467306_clip_002.mp4,69,19,283,3333,0,0.0,15.587037996738218,0,NO_REAL_FIRE,4821.919549998711,5,False,0,,15.587037996738218
nonfire_videos,0,detectium_fire/non_fire/1821467306_clip_002.mp4,69,20,299,3334,0,0.0,27.606182000454282,0,NO_REAL_FIRE,4015.054768999107,5,False,0,,27.606182000454282
nonfire_videos,0,detectium_fire/non_fire/1821467306_clip_003.mp4,70,1,0,3335,0,0.0,9.006917000078829,0,NO_REAL_FIRE,2656.333392002125,5,True,0,NO_REAL_FIRE,4094.163659003243
nonfire_videos,0,detectium_fire/non_fire/1821467306_clip_003.mp4,70,2,1,3336,0,0.0,8.607017996837385,0,NO_REAL_FIRE,3888.8529569994716,5,False,0,,8.607017996837385
nonfire_videos,0,detectium_fire/non_fire/1821467306_clip_003.mp4,70,3,2,3337,0,0.0,31.48126499945647,0,NO_REAL_FIRE,3215.5868289992213,5,False,0,,31.48126499945647
nonfire_videos,0,detectium_fire/non_fire/1821467306_clip_003.mp4,70,4,3,3338,0,0.0,32.18055500110495,0,NO_REAL_FIRE,3119.450254002004,5,False,0,,32.18055500110495
nonfire_videos,0,detectium_fire/non_fire/1821467306_clip_003.mp4,70,5,4,3339,0,0.0,32.21183500136249,0,NO_REAL_FIRE,4031.308847002947,5,False,0,,32.21183500136249
nonfire_videos,0,detectium_fire/non_fire/1821467306_clip_003.mp4,70,6,5,3340,0,0.0,32.790323999506654,0,NO_REAL_FIRE,3015.4313599996385,5,True,0,NO_REAL_FIRE,4534.499352997955
nonfire_videos,0,detectium_fire/non_fire/1821467306_clip_003.mp4,70,7,6,3341,0,0.0,32.15426500173635,0,NO_REAL_FIRE,4292.979762001778,5,False,0,,32.15426500173635
nonfire_videos,0,detectium_fire/non_fire/1821467306_clip_003.mp4,70,8,7,3342,0,0.0,8.389258000534028,0,NO_REAL_FIRE,2897.6572749998013,5,False,0,,8.389258000534028
nonfire_videos,0,detectium_fire/non_fire/1821467306_clip_003.mp4,70,9,8,3343,0,0.0,32.15136500148219,0,NO_REAL_FIRE,3369.452894999995,5,False,0,,32.15136500148219
nonfire_videos,0,detectium_fire/non_fire/1821467306_clip_003.mp4,70,10,9,3344,0,0.0,32.169155001611216,0,NO_REAL_FIRE,3944.3413199987845,5,False,0,,32.169155001611216
nonfire_videos,0,detectium_fire/non_fire/1821467306_clip_003.mp4,70,11,10,3345,0,0.0,16.24089699907927,0,NO_REAL_FIRE,3379.3092609994346,5,True,0,NO_REAL_FIRE,3066.743407998729
nonfire_videos,0,detectium_fire/non_fire/1821467306_clip_003.mp4,70,12,11,3346,0,0.0,8.427127999311779,0,NO_REAL_FIRE,2942.524792000768,5,False,0,,8.427127999311779
nonfire_videos,0,detectium_fire/non_fire/1821467306_clip_003.mp4,70,13,12,3347,0,0.0,9.774065998499282,0,NO_REAL_FIRE,4191.298755002208,5,False,0,,9.774065998499282
nonfire_videos,0,detectium_fire/non_fire/1821467306_clip_003.mp4,70,14,13,3348,0,0.0,32.1447550013545,0,NO_REAL_FIRE,4182.077429002675,5,False,0,,32.1447550013545
nonfire_videos,0,detectium_fire/non_fire/1821467306_clip_003.mp4,70,15,14,3349,0,0.0,32.15948499928345,0,NO_REAL_FIRE,4120.33461500323,5,False,0,,32.15948499928345
nonfire_videos,0,detectium_fire/non_fire/1822573158_clip_001.mp4,71,1,0,3350,0,0.0,8.67414800086408,0,NO_REAL_FIRE,4569.16363700293,5,True,0,NO_REAL_FIRE,4218.773387998226
nonfire_videos,0,detectium_fire/non_fire/1822573158_clip_001.mp4,71,2,16,3351,0,0.0,8.403887997701531,0,NO_REAL_FIRE,3203.1232379995345,5,False,0,,8.403887997701531
nonfire_videos,0,detectium_fire/non_fire/1822573158_clip_001.mp4,71,3,31,3352,0,0.0,13.98301099834498,0,NO_REAL_FIRE,3886.822022999695,5,False,0,,13.98301099834498
nonfire_videos,0,detectium_fire/non_fire/1822573158_clip_001.mp4,71,4,47,3353,0,0.0,32.11382500012405,0,NO_REAL_FIRE,4471.005675000924,5,False,0,,32.11382500012405
nonfire_videos,0,detectium_fire/non_fire/1822573158_clip_001.mp4,71,5,63,3354,0,0.0,9.132017999945674,0,NO_REAL_FIRE,4138.474589999532,5,False,0,,9.132017999945674
nonfire_videos,0,detectium_fire/non_fire/1822573158_clip_001.mp4,71,6,79,3355,0,0.0,32.216594998317305,0,NO_REAL_FIRE,4354.560608000611,5,True,0,NO_REAL_FIRE,4644.342792998941
nonfire_videos,0,detectium_fire/non_fire/1822573158_clip_001.mp4,71,7,94,3356,0,0.0,32.13705500093056,0,NO_REAL_FIRE,4611.519318998035,5,False,0,,32.13705500093056
nonfire_videos,0,detectium_fire/non_fire/1822573158_clip_001.mp4,71,8,110,3357,0,0.0,26.55206299823476,0,NO_REAL_FIRE,4482.819290002226,5,False,0,,26.55206299823476
nonfire_videos,0,detectium_fire/non_fire/1822573158_clip_001.mp4,71,9,126,3358,0,0.0,8.421787999395747,0,NO_REAL_FIRE,4572.287623999728,5,False,0,,8.421787999395747
nonfire_videos,0,detectium_fire/non_fire/1822573158_clip_001.mp4,71,10,142,3359,0,0.0,8.419477999268565,0,NO_REAL_FIRE,3795.61299100169,5,False,0,,8.419477999268565
nonfire_videos,0,detectium_fire/non_fire/1822573158_clip_001.mp4,71,11,157,3360,0,0.0,9.037017000082415,0,NO_REAL_FIRE,3497.8521970006113,5,True,0,NO_REAL_FIRE,3196.0393600020325
nonfire_videos,0,detectium_fire/non_fire/1822573158_clip_001.mp4,71,12,173,3361,0,0.0,17.334995998680824,0,NO_REAL_FIRE,3680.054112999642,5,False,0,,17.334995998680824
nonfire_videos,0,detectium_fire/non_fire/1822573158_clip_001.mp4,71,13,189,3362,0,0.0,10.589665002044057,0,NO_REAL_FIRE,5159.554844001832,5,False,0,,10.589665002044057
nonfire_videos,0,detectium_fire/non_fire/1822573158_clip_001.mp4,71,14,205,3363,0,0.0,14.003620002768002,0,NO_REAL_FIRE,3998.4029680017557,5,False,0,,14.003620002768002
nonfire_videos,0,detectium_fire/non_fire/1822573158_clip_001.mp4,71,15,220,3364,0,0.0,8.536418001312995,0,NO_REAL_FIRE,3713.6503260007885,5,False,0,,8.536418001312995
nonfire_videos,0,detectium_fire/non_fire/1822573158_clip_001.mp4,71,16,236,3365,0,0.0,32.219525000982685,0,NO_REAL_FIRE,3607.223865001288,5,True,0,NO_REAL_FIRE,3421.5843250021862
nonfire_videos,0,detectium_fire/non_fire/1822573158_clip_001.mp4,71,17,252,3366,0,0.0,9.278358000301523,0,NO_REAL_FIRE,3515.589253998769,5,False,0,,9.278358000301523
nonfire_videos,0,detectium_fire/non_fire/1822573158_clip_001.mp4,71,18,268,3367,0,0.0,11.42920399797731,0,NO_REAL_FIRE,3383.4830980013066,5,False,0,,11.42920399797731
nonfire_videos,0,detectium_fire/non_fire/1822573158_clip_001.mp4,71,19,283,3368,0,0.0,19.533553000655957,0,NO_REAL_FIRE,4125.878530001501,5,False,0,,19.533553000655957
nonfire_videos,0,detectium_fire/non_fire/1822573158_clip_001.mp4,71,20,299,3369,0,0.0,32.1230649969948,0,NO_REAL_FIRE,3915.1153249986237,5,False,0,,32.1230649969948
nonfire_videos,0,detectium_fire/non_fire/1822573158_clip_002.mp4,72,1,0,3370,0,0.0,31.9985349997296,0,NO_REAL_FIRE,3608.378624998295,5,True,0,NO_REAL_FIRE,4593.682236001769
nonfire_videos,0,detectium_fire/non_fire/1822573158_clip_002.mp4,72,2,4,3371,0,0.0,28.90771000238601,0,NO_REAL_FIRE,3929.4196060000104,5,False,0,,28.90771000238601
nonfire_videos,0,detectium_fire/non_fire/1822573158_clip_002.mp4,72,3,8,3372,0,0.0,32.23241500018048,0,NO_REAL_FIRE,3442.1731769980397,5,False,0,,32.23241500018048
nonfire_videos,0,detectium_fire/non_fire/1822573158_clip_002.mp4,72,4,12,3373,0,0.0,9.366217000206234,0,NO_REAL_FIRE,3448.614897999505,5,False,0,,9.366217000206234
nonfire_videos,0,detectium_fire/non_fire/1822573158_clip_002.mp4,72,5,16,3374,0,0.0,8.393478001380572,0,NO_REAL_FIRE,3463.9643170012278,5,False,0,,8.393478001380572
nonfire_videos,0,detectium_fire/non_fire/1822573158_clip_002.mp4,72,6,20,3375,0,0.0,9.014807998028118,0,NO_REAL_FIRE,3539.6724110032665,5,True,0,NO_REAL_FIRE,3352.3883130001195
nonfire_videos,0,detectium_fire/non_fire/1822573158_clip_002.mp4,72,7,24,3376,0,0.0,25.191845001245383,0,NO_REAL_FIRE,3725.558990998252,5,False,0,,25.191845001245383
nonfire_videos,0,detectium_fire/non_fire/1822573158_clip_002.mp4,72,8,28,3377,0,0.0,26.94158200029051,0,NO_REAL_FIRE,4243.47172600028,5,False,0,,26.94158200029051
nonfire_videos,0,detectium_fire/non_fire/1822573158_clip_002.mp4,72,9,32,3378,0,0.0,15.170968003076268,0,NO_REAL_FIRE,4572.139502000937,5,False,0,,15.170968003076268
nonfire_videos,0,detectium_fire/non_fire/1822573158_clip_002.mp4,72,10,36,3379,0,0.0,11.048462998587638,0,NO_REAL_FIRE,3705.122929000936,5,False,0,,11.048462998587638
nonfire_videos,0,detectium_fire/non_fire/1822573158_clip_002.mp4,72,11,40,3380,0,0.0,9.491035001701675,0,NO_REAL_FIRE,3891.966854000202,5,True,0,NO_REAL_FIRE,3270.750039999257
nonfire_videos,0,detectium_fire/non_fire/1822573158_clip_002.mp4,72,12,44,3381,0,0.0,32.161410999833606,0,NO_REAL_FIRE,4588.017652997223,5,False,0,,32.161410999833606
nonfire_videos,0,detectium_fire/non_fire/1822573158_clip_002.mp4,72,13,48,3382,0,0.0,14.229378000891302,0,NO_REAL_FIRE,5073.69450799888,5,False,0,,14.229378000891302
nonfire_videos,0,detectium_fire/non_fire/1822573158_clip_002.mp4,72,14,52,3383,0,0.0,8.478076000756118,0,NO_REAL_FIRE,4319.260041000234,5,False,0,,8.478076000756118
nonfire_videos,0,detectium_fire/non_fire/1822573158_clip_002.mp4,72,15,56,3384,0,0.0,32.12717000133125,0,NO_REAL_FIRE,3903.6901280014717,5,False,0,,32.12717000133125
nonfire_videos,0,detectium_fire/non_fire/1822573158_clip_002.mp4,72,16,60,3385,0,0.0,12.599790999956895,0,NO_REAL_FIRE,4695.513929000299,5,True,0,NO_REAL_FIRE,4389.624277999246
nonfire_videos,0,detectium_fire/non_fire/1822573158_clip_002.mp4,72,17,64,3386,1,0.2902476191520691,9.430375997908413,0,NO_REAL_FIRE,3692.251985998155,5,False,1,,9.430375997908413
nonfire_videos,0,detectium_fire/non_fire/1822573158_clip_002.mp4,72,18,68,3387,1,0.25809428095817566,9.656654998252634,0,NO_REAL_FIRE,2676.518335003493,5,False,1,,9.656654998252634
nonfire_videos,0,detectium_fire/non_fire/1822573158_clip_002.mp4,72,19,72,3388,0,0.0,8.419227000558749,0,NO_REAL_FIRE,3679.9838010010717,5,False,0,,8.419227000558749
nonfire_videos,0,detectium_fire/non_fire/1822573158_clip_002.mp4,72,20,76,3389,0,0.0,32.16689100008807,0,NO_REAL_FIRE,3741.0602909985755,5,False,0,,32.16689100008807
nonfire_videos,0,detectium_fire/non_fire/1822573165_clip_001.mp4,73,1,0,3390,0,0.0,25.25020100074471,0,NO_REAL_FIRE,3531.126398000197,5,True,0,NO_REAL_FIRE,3151.328953998018
nonfire_videos,0,detectium_fire/non_fire/1822573165_clip_001.mp4,73,2,16,3391,0,0.0,27.353008001227863,0,NO_REAL_FIRE,4113.481198997761,5,False,0,,27.353008001227863
nonfire_videos,0,detectium_fire/non_fire/1822573165_clip_001.mp4,73,3,31,3392,1,0.31605902314186096,11.685961999319261,0,NO_REAL_FIRE,3782.43662100067,5,False,1,,11.685961999319261
nonfire_videos,0,detectium_fire/non_fire/1822573165_clip_001.mp4,73,4,47,3393,1,0.6010896563529968,9.115056000155164,0,NO_REAL_FIRE,3748.069086999749,5,False,1,,9.115056000155164
nonfire_videos,0,detectium_fire/non_fire/1822573165_clip_001.mp4,73,5,63,3394,0,0.0,9.276635999412974,0,NO_REAL_FIRE,3537.7865330010536,5,False,0,,9.276635999412974
nonfire_videos,0,detectium_fire/non_fire/1822573165_clip_001.mp4,73,6,79,3395,0,0.0,32.205411000177264,0,NO_REAL_FIRE,3730.5736800008162,5,True,0,NO_REAL_FIRE,3798.666309998225
nonfire_videos,0,detectium_fire/non_fire/1822573165_clip_001.mp4,73,7,94,3396,0,0.0,12.476371000957442,0,NO_REAL_FIRE,3380.950112001301,5,False,0,,12.476371000957442
nonfire_videos,0,detectium_fire/non_fire/1822573165_clip_001.mp4,73,8,110,3397,0,0.0,32.1917500004929,0,NO_REAL_FIRE,4556.862175999413,5,False,0,,32.1917500004929
nonfire_videos,0,detectium_fire/non_fire/1822573165_clip_001.mp4,73,9,126,3398,0,0.0,32.166621000214946,0,NO_REAL_FIRE,5132.061710999551,5,False,0,,32.166621000214946
nonfire_videos,0,detectium_fire/non_fire/1822573165_clip_001.mp4,73,10,142,3399,0,0.0,32.17702099937014,0,NO_REAL_FIRE,4288.850886001455,5,False,0,,32.17702099937014
nonfire_videos,0,detectium_fire/non_fire/1822573165_clip_001.mp4,73,11,157,3400,0,0.0,8.620405998954084,0,NO_REAL_FIRE,3281.272047999664,5,True,0,NO_REAL_FIRE,4772.941414001252
nonfire_videos,0,detectium_fire/non_fire/1822573165_clip_001.mp4,73,12,173,3401,0,0.0,32.73728999920422,0,NO_REAL_FIRE,4742.812525000772,5,False,0,,32.73728999920422
nonfire_videos,0,detectium_fire/non_fire/1822573165_clip_001.mp4,73,13,189,3402,0,0.0,8.457727999484632,0,NO_REAL_FIRE,3769.096123000054,5,False,0,,8.457727999484632
nonfire_videos,0,detectium_fire/non_fire/1822573165_clip_001.mp4,73,14,205,3403,0,0.0,16.744323998864274,0,NO_REAL_FIRE,3645.2041060001648,5,False,0,,16.744323998864274
nonfire_videos,0,detectium_fire/non_fire/1822573165_clip_001.mp4,73,15,220,3404,0,0.0,12.337170999671798,0,NO_REAL_FIRE,3127.738065999438,5,False,0,,12.337170999671798
nonfire_videos,0,detectium_fire/non_fire/1822573165_clip_001.mp4,73,16,236,3405,0,0.0,23.94720400116057,0,NO_REAL_FIRE,4172.85602800257,5,True,0,NO_REAL_FIRE,3636.5677780013357
nonfire_videos,0,detectium_fire/non_fire/1822573165_clip_001.mp4,73,17,252,3406,0,0.0,12.711640003544744,0,NO_REAL_FIRE,3591.086421001819,5,False,0,,12.711640003544744
nonfire_videos,0,detectium_fire/non_fire/1822573165_clip_001.mp4,73,18,268,3407,0,0.0,9.29744599852711,0,NO_REAL_FIRE,3133.9987959981954,5,False,0,,9.29744599852711
nonfire_videos,0,detectium_fire/non_fire/1822573165_clip_001.mp4,73,19,283,3408,0,0.0,11.901652000233298,0,NO_REAL_FIRE,4550.01368900048,5,False,0,,11.901652000233298
nonfire_videos,0,detectium_fire/non_fire/1822573165_clip_001.mp4,73,20,299,3409,0,0.0,32.76859000106924,0,NO_REAL_FIRE,3891.511283,5,False,0,,32.76859000106924
nonfire_videos,0,detectium_fire/non_fire/1822573165_clip_002.mp4,74,1,0,3410,0,0.0,16.422445001808228,0,NO_REAL_FIRE,3704.994068000815,5,True,0,NO_REAL_FIRE,3428.5422899993137
nonfire_videos,0,detectium_fire/non_fire/1822573165_clip_002.mp4,74,2,1,3411,0,0.0,8.387396999751218,0,NO_REAL_FIRE,3520.401942998433,5,False,0,,8.387396999751218
nonfire_videos,0,detectium_fire/non_fire/1822573165_clip_002.mp4,74,3,2,3412,0,0.0,11.270742998021888,0,NO_REAL_FIRE,2977.1366089989897,5,False,0,,11.270742998021888
nonfire_videos,0,detectium_fire/non_fire/1822573165_clip_002.mp4,74,4,3,3413,0,0.0,8.43362700106809,0,NO_REAL_FIRE,3931.4943659992423,5,False,0,,8.43362700106809
nonfire_videos,0,detectium_fire/non_fire/1822573165_clip_002.mp4,74,5,4,3414,0,0.0,32.14223099712399,0,NO_REAL_FIRE,4487.52495699955,5,False,0,,32.14223099712399
nonfire_videos,0,detectium_fire/non_fire/1822573165_clip_002.mp4,74,6,5,3415,0,0.0,29.213105997769162,0,NO_REAL_FIRE,3606.195434000256,5,True,0,NO_REAL_FIRE,3783.0194699963613
nonfire_videos,0,detectium_fire/non_fire/1822573165_clip_002.mp4,74,7,6,3416,0,0.0,32.79638100138982,0,NO_REAL_FIRE,3635.7008750019304,5,False,0,,32.79638100138982
nonfire_videos,0,detectium_fire/non_fire/1822573165_clip_002.mp4,74,8,7,3417,0,0.0,11.319182998704491,0,NO_REAL_FIRE,3482.9069590014115,5,False,0,,11.319182998704491
nonfire_videos,0,detectium_fire/non_fire/1822573165_clip_002.mp4,74,9,8,3418,0,0.0,26.19569099988439,0,NO_REAL_FIRE,4307.935025000916,5,False,0,,26.19569099988439
nonfire_videos,0,detectium_fire/non_fire/1822573165_clip_002.mp4,74,10,9,3419,0,0.0,10.072734999994282,0,NO_REAL_FIRE,3776.2162209983217,5,False,0,,10.072734999994282
nonfire_videos,0,detectium_fire/non_fire/1822573165_clip_002.mp4,74,11,10,3420,0,0.0,17.977492996578803,0,NO_REAL_FIRE,3781.7185649983003,5,True,0,NO_REAL_FIRE,3968.4130569949048
nonfire_videos,0,detectium_fire/non_fire/1822573165_clip_002.mp4,74,12,11,3421,0,0.0,23.87145400280133,0,NO_REAL_FIRE,3574.3376030004583,5,False,0,,23.87145400280133
nonfire_videos,0,detectium_fire/non_fire/1822573165_clip_002.mp4,74,13,12,3422,0,0.0,10.229274001176236,0,NO_REAL_FIRE,3964.0002679989266,5,False,0,,10.229274001176236
nonfire_videos,0,detectium_fire/non_fire/1822573165_clip_002.mp4,74,14,13,3423,0,0.0,32.76696999819251,0,NO_REAL_FIRE,4273.260766000021,5,False,0,,32.76696999819251
nonfire_videos,0,detectium_fire/non_fire/1822573165_clip_002.mp4,74,15,14,3424,0,0.0,9.07057599761174,0,NO_REAL_FIRE,3887.494360002165,5,False,0,,9.07057599761174
nonfire_videos,0,detectium_fire/non_fire/1822573165_clip_002.mp4,74,16,15,3425,0,0.0,13.780769000732107,0,NO_REAL_FIRE,3769.402860001719,5,True,0,NO_REAL_FIRE,3733.577207003691
nonfire_videos,0,detectium_fire/non_fire/1822573165_clip_002.mp4,74,17,16,3426,0,0.0,8.414597999944817,0,NO_REAL_FIRE,4041.387727000256,5,False,0,,8.414597999944817
nonfire_videos,0,detectium_fire/non_fire/1822573165_clip_002.mp4,74,18,17,3427,0,0.0,9.515335998003138,0,NO_REAL_FIRE,3895.0614889981807,5,False,0,,9.515335998003138
nonfire_videos,0,detectium_fire/non_fire/1822573165_clip_002.mp4,74,19,18,3428,0,0.0,28.182857000501826,0,NO_REAL_FIRE,4520.471263000218,5,False,0,,28.182857000501826
nonfire_videos,0,detectium_fire/non_fire/1822573165_clip_002.mp4,74,20,19,3429,0,0.0,8.43204799821251,0,NO_REAL_FIRE,4824.343800999486,5,False,0,,8.43204799821251
nonfire_videos,0,detectium_fire/non_fire/1829848176_clip_001.mp4,75,1,0,3430,0,0.0,9.166865998849971,0,NO_REAL_FIRE,3646.8330410025374,5,True,0,NO_REAL_FIRE,3722.234528995614
nonfire_videos,0,detectium_fire/non_fire/1829848176_clip_001.mp4,75,2,15,3431,0,0.0,18.483031999494415,0,NO_REAL_FIRE,3719.418415999826,5,False,0,,18.483031999494415
nonfire_videos,0,detectium_fire/non_fire/1829848176_clip_001.mp4,75,3,30,3432,0,0.0,18.15886300028069,0,NO_REAL_FIRE,3589.296853999258,5,False,0,,18.15886300028069
nonfire_videos,0,detectium_fire/non_fire/1829848176_clip_001.mp4,75,4,46,3433,0,0.0,22.546275999047793,0,NO_REAL_FIRE,3853.4428799976013,5,False,0,,22.546275999047793
nonfire_videos,0,detectium_fire/non_fire/1829848176_clip_001.mp4,75,5,61,3434,0,0.0,32.158591002371395,0,NO_REAL_FIRE,3600.073990997771,5,False,0,,32.158591002371395
nonfire_videos,0,detectium_fire/non_fire/1829848176_clip_001.mp4,75,6,76,3435,0,0.0,18.91899199836189,0,NO_REAL_FIRE,3641.76732100168,5,True,0,NO_REAL_FIRE,4397.6935339997
nonfire_videos,0,detectium_fire/non_fire/1829848176_clip_001.mp4,75,7,91,3436,0,0.0,9.834635999141028,0,NO_REAL_FIRE,4183.823495997785,5,False,0,,9.834635999141028
nonfire_videos,0,detectium_fire/non_fire/1829848176_clip_001.mp4,75,8,106,3437,0,0.0,8.515548001014395,0,NO_REAL_FIRE,3871.552944998257,5,False,0,,8.515548001014395
nonfire_videos,0,detectium_fire/non_fire/1829848176_clip_001.mp4,75,9,122,3438,0,0.0,8.47449799766764,0,NO_REAL_FIRE,4205.706739001471,5,False,0,,8.47449799766764
nonfire_videos,0,detectium_fire/non_fire/1829848176_clip_001.mp4,75,10,137,3439,0,0.0,8.434956998826237,0,NO_REAL_FIRE,4650.091548999626,5,False,0,,8.434956998826237
nonfire_videos,0,detectium_fire/non_fire/1829848176_clip_001.mp4,75,11,152,3440,0,0.0,32.17938099987805,0,NO_REAL_FIRE,3690.7610340022075,5,True,0,NO_REAL_FIRE,4015.092059999006
nonfire_videos,0,detectium_fire/non_fire/1829848176_clip_001.mp4,75,12,167,3441,0,0.0,31.673303001298336,0,NO_REAL_FIRE,3904.168299999583,5,False,0,,31.673303001298336
nonfire_videos,0,detectium_fire/non_fire/1829848176_clip_001.mp4,75,13,183,3442,0,0.0,17.653143000643468,0,NO_REAL_FIRE,3864.5407510011864,5,False,0,,17.653143000643468
nonfire_videos,0,detectium_fire/non_fire/1829848176_clip_001.mp4,75,14,198,3443,0,0.0,9.112176001508487,0,NO_REAL_FIRE,3594.456666000042,5,False,0,,9.112176001508487
nonfire_videos,0,detectium_fire/non_fire/1829848176_clip_001.mp4,75,15,213,3444,0,0.0,32.1504229978018,0,NO_REAL_FIRE,3919.7789740028384,5,False,0,,32.1504229978018
nonfire_videos,0,detectium_fire/non_fire/1829848176_clip_001.mp4,75,16,228,3445,0,0.0,8.364096996956505,0,NO_REAL_FIRE,3585.602553001081,5,True,0,NO_REAL_FIRE,3581.2807099937345
nonfire_videos,0,detectium_fire/non_fire/1829848176_clip_001.mp4,75,17,243,3446,0,0.0,8.447526997770183,0,NO_REAL_FIRE,3665.055449000647,5,False,0,,8.447526997770183
nonfire_videos,0,detectium_fire/non_fire/1829848176_clip_001.mp4,75,18,259,3447,0,0.0,14.237139002943877,0,NO_REAL_FIRE,3598.583818999032,5,False,0,,14.237139002943877
nonfire_videos,0,detectium_fire/non_fire/1829848176_clip_001.mp4,75,19,274,3448,0,0.0,32.203521997871576,0,NO_REAL_FIRE,3677.197614000761,5,False,0,,32.203521997871576
nonfire_videos,0,detectium_fire/non_fire/1829848176_clip_001.mp4,75,20,289,3449,0,0.0,8.481558001221856,0,NO_REAL_FIRE,2942.0633479967364,5,False,0,,8.481558001221856
nonfire_videos,0,detectium_fire/non_fire/1829848176_clip_002.mp4,76,1,0,3450,0,0.0,31.677233000664273,0,NO_REAL_FIRE,5129.42207100059,5,True,0,NO_REAL_FIRE,3361.8434390009497
nonfire_videos,0,detectium_fire/non_fire/1829848176_clip_002.mp4,76,2,8,3451,0,0.0,9.303236001869664,0,NO_REAL_FIRE,3762.142605999543,5,False,0,,9.303236001869664
nonfire_videos,0,detectium_fire/non_fire/1829848176_clip_002.mp4,76,3,16,3452,0,0.0,8.453826998447767,0,NO_REAL_FIRE,5171.920516997488,5,False,0,,8.453826998447767
nonfire_videos,0,detectium_fire/non_fire/1829848176_clip_002.mp4,76,4,24,3453,0,0.0,11.662973000056809,0,NO_REAL_FIRE,3818.370976998267,5,False,0,,11.662973000056809
nonfire_videos,0,detectium_fire/non_fire/1829848176_clip_002.mp4,76,5,32,3454,0,0.0,8.441137997579062,0,NO_REAL_FIRE,3479.2833529972995,5,False,0,,8.441137997579062
nonfire_videos,0,detectium_fire/non_fire/1829848176_clip_002.mp4,76,6,40,3455,0,0.0,32.21130300153163,0,NO_REAL_FIRE,4505.6747529997665,5,True,0,NO_REAL_FIRE,3627.462877000653
nonfire_videos,0,detectium_fire/non_fire/1829848176_clip_002.mp4,76,7,48,3456,0,0.0,9.191647000989178,0,NO_REAL_FIRE,3401.386903002276,5,False,0,,9.191647000989178
nonfire_videos,0,detectium_fire/non_fire/1829848176_clip_002.mp4,76,8,56,3457,0,0.0,9.716874999867287,0,NO_REAL_FIRE,3554.2281979978725,5,False,0,,9.716874999867287
nonfire_videos,0,detectium_fire/non_fire/1829848176_clip_002.mp4,76,9,64,3458,0,0.0,18.443562999891583,0,NO_REAL_FIRE,4505.33385199742,5,False,0,,18.443562999891583
nonfire_videos,0,detectium_fire/non_fire/1829848176_clip_002.mp4,76,10,72,3459,0,0.0,12.14398199954303,0,NO_REAL_FIRE,3819.08402100089,5,False,0,,12.14398199954303
nonfire_videos,0,detectium_fire/non_fire/1829848176_clip_002.mp4,76,11,79,3460,0,0.0,20.53130900094402,0,NO_REAL_FIRE,3635.393414002465,5,True,0,NO_REAL_FIRE,3711.9644320009684
nonfire_videos,0,detectium_fire/non_fire/1829848176_clip_002.mp4,76,12,87,3461,0,0.0,8.52865699926042,0,NO_REAL_FIRE,3437.25257999904,5,False,0,,8.52865699926042
nonfire_videos,0,detectium_fire/non_fire/1829848176_clip_002.mp4,76,13,95,3462,0,0.0,32.189222001761664,0,NO_REAL_FIRE,3432.492078998621,5,False,0,,32.189222001761664
nonfire_videos,0,detectium_fire/non_fire/1829848176_clip_002.mp4,76,14,103,3463,0,0.0,8.408836998569313,0,NO_REAL_FIRE,3089.950427001895,5,False,0,,8.408836998569313
nonfire_videos,0,detectium_fire/non_fire/1829848176_clip_002.mp4,76,15,111,3464,0,0.0,18.50665299934917,0,NO_REAL_FIRE,3633.774303998507,5,False,0,,18.50665299934917
nonfire_videos,0,detectium_fire/non_fire/1829848176_clip_002.mp4,76,16,119,3465,0,0.0,9.346505998109933,0,NO_REAL_FIRE,3432.743892997678,5,True,0,NO_REAL_FIRE,3685.2841910003917
nonfire_videos,0,detectium_fire/non_fire/1829848176_clip_002.mp4,76,17,127,3466,0,0.0,9.1372169990791,0,NO_REAL_FIRE,3328.827249002643,5,False,0,,9.1372169990791
nonfire_videos,0,detectium_fire/non_fire/1829848176_clip_002.mp4,76,18,135,3467,0,0.0,28.732727998431074,0,NO_REAL_FIRE,3745.4294260023744,5,False,0,,28.732727998431074
nonfire_videos,0,detectium_fire/non_fire/1829848176_clip_002.mp4,76,19,143,3468,0,0.0,28.90833799756365,0,NO_REAL_FIRE,3621.0429909988306,5,False,0,,28.90833799756365
nonfire_videos,0,detectium_fire/non_fire/1829848176_clip_002.mp4,76,20,151,3469,0,0.0,8.378618000278948,0,NO_REAL_FIRE,3734.3314659992757,5,False,0,,8.378618000278948
nonfire_videos,0,detectium_fire/non_fire/1836217304_clip_001.mp4,77,1,0,3470,0,0.0,32.134771998244105,0,NO_REAL_FIRE,4572.404503000143,5,True,0,NO_REAL_FIRE,4578.032326997345
nonfire_videos,0,detectium_fire/non_fire/1836217304_clip_001.mp4,77,2,12,3471,0,0.0,32.13031300037983,0,NO_REAL_FIRE,3309.8165760020493,5,False,0,,32.13031300037983
nonfire_videos,0,detectium_fire/non_fire/1836217304_clip_001.mp4,77,3,23,3472,1,0.2641145586967468,32.19547200205852,0,NO_REAL_FIRE,4708.573610001622,5,False,1,,32.19547200205852
nonfire_videos,0,detectium_fire/non_fire/1836217304_clip_001.mp4,77,4,35,3473,1,0.3440329134464264,32.87697199994,0,NO_REAL_FIRE,5238.731262001238,5,False,1,,32.87697199994
nonfire_videos,0,detectium_fire/non_fire/1836217304_clip_001.mp4,77,5,47,3474,0,0.0,26.34631099863327,0,NO_REAL_FIRE,4765.345350999269,5,False,0,,26.34631099863327
nonfire_videos,0,detectium_fire/non_fire/1836217304_clip_001.mp4,77,6,58,3475,1,0.27768629789352417,12.984180000785273,0,NO_REAL_FIRE,3771.1644460032403,5,True,0,NO_REAL_FIRE,4620.977727001446
nonfire_videos,0,detectium_fire/non_fire/1836217304_clip_001.mp4,77,7,70,3476,1,0.2577418088912964,26.941431002342142,0,NO_REAL_FIRE,4823.595712001406,5,False,1,,26.941431002342142
nonfire_videos,0,detectium_fire/non_fire/1836217304_clip_001.mp4,77,8,81,3477,1,0.25478601455688477,31.165074000455206,0,NO_REAL_FIRE,5422.719596001116,5,False,1,,31.165074000455206
nonfire_videos,0,detectium_fire/non_fire/1836217304_clip_001.mp4,77,9,93,3478,0,0.0,32.19002300102147,0,NO_REAL_FIRE,4023.3043330008513,5,False,0,,32.19002300102147
nonfire_videos,0,detectium_fire/non_fire/1836217304_clip_001.mp4,77,10,105,3479,0,0.0,16.394336002122145,0,NO_REAL_FIRE,4822.7967910024745,5,False,0,,16.394336002122145
nonfire_videos,0,detectium_fire/non_fire/1836217304_clip_001.mp4,77,11,116,3480,0,0.0,15.836687001865357,0,NO_REAL_FIRE,4539.938099002029,5,True,0,NO_REAL_FIRE,4663.160680000146
nonfire_videos,0,detectium_fire/non_fire/1836217304_clip_001.mp4,77,12,128,3481,0,0.0,17.882804000691976,0,NO_REAL_FIRE,3621.863979002228,5,False,0,,17.882804000691976
nonfire_videos,0,detectium_fire/non_fire/1836217304_clip_001.mp4,77,13,140,3482,0,0.0,24.949712998932227,0,NO_REAL_FIRE,4974.27424900161,5,False,0,,24.949712998932227
nonfire_videos,0,detectium_fire/non_fire/1836217304_clip_001.mp4,77,14,151,3483,0,0.0,12.788181000360055,0,NO_REAL_FIRE,4290.8451719995355,5,False,0,,12.788181000360055
nonfire_videos,0,detectium_fire/non_fire/1836217304_clip_001.mp4,77,15,163,3484,0,0.0,8.560846999898786,0,NO_REAL_FIRE,3931.3024609982676,5,False,0,,8.560846999898786
nonfire_videos,0,detectium_fire/non_fire/1836217304_clip_001.mp4,77,16,174,3485,0,0.0,23.680496000451967,0,NO_REAL_FIRE,3076.826484000776,5,True,0,NO_REAL_FIRE,4770.143646001088
nonfire_videos,0,detectium_fire/non_fire/1836217304_clip_001.mp4,77,17,186,3486,0,0.0,32.20921300089685,0,NO_REAL_FIRE,4356.788263001363,5,False,0,,32.20921300089685
nonfire_videos,0,detectium_fire/non_fire/1836217304_clip_001.mp4,77,18,198,3487,1,0.308974027633667,32.23639199859463,0,NO_REAL_FIRE,4244.256559999485,5,False,1,,32.23639199859463
nonfire_videos,0,detectium_fire/non_fire/1836217304_clip_001.mp4,77,19,209,3488,0,0.0,32.16734300076496,0,NO_REAL_FIRE,5069.774483999936,5,False,0,,32.16734300076496
nonfire_videos,0,detectium_fire/non_fire/1836217304_clip_001.mp4,77,20,221,3489,0,0.0,8.429768000496551,0,NO_REAL_FIRE,4942.593223000586,5,False,0,,8.429768000496551
nonfire_videos,0,detectium_fire/non_fire/1837920465_clip_001.mp4,78,1,0,3490,1,0.46907147765159607,8.80029700056184,0,NO_REAL_FIRE,3907.526177998079,5,True,0,NO_REAL_FIRE,4571.041629998945
nonfire_videos,0,detectium_fire/non_fire/1837920465_clip_001.mp4,78,2,13,3491,1,0.5144334435462952,8.996157001092797,0,NO_REAL_FIRE,4443.630597997981,5,False,1,,8.996157001092797
nonfire_videos,0,detectium_fire/non_fire/1837920465_clip_001.mp4,78,3,26,3492,1,0.5082131624221802,16.66673599902424,0,NO_REAL_FIRE,3244.9062800005777,5,False,1,,16.66673599902424
nonfire_videos,0,detectium_fire/non_fire/1837920465_clip_001.mp4,78,4,39,3493,1,0.45002585649490356,32.22866299984162,0,NO_REAL_FIRE,4095.8460890033166,5,False,1,,32.22866299984162
nonfire_videos,0,detectium_fire/non_fire/1837920465_clip_001.mp4,78,5,52,3494,1,0.39648765325546265,32.27800300010131,0,NO_REAL_FIRE,4144.1856199999165,5,False,1,,32.27800300010131
nonfire_videos,0,detectium_fire/non_fire/1837920465_clip_001.mp4,78,6,66,3495,1,0.44843417406082153,13.198581000324339,0,NO_REAL_FIRE,3263.491907000571,5,True,0,NO_REAL_FIRE,4832.01413000279
nonfire_videos,0,detectium_fire/non_fire/1837920465_clip_001.mp4,78,7,79,3496,1,0.47279831767082214,24.565683997934684,0,NO_REAL_FIRE,3105.333060000703,5,False,1,,24.565683997934684
nonfire_videos,0,detectium_fire/non_fire/1837920465_clip_001.mp4,78,8,92,3497,1,0.4374428987503052,32.189513000048464,0,NO_REAL_FIRE,3627.4163690031855,5,False,1,,32.189513000048464
nonfire_videos,0,detectium_fire/non_fire/1837920465_clip_001.mp4,78,9,105,3498,1,0.34815508127212524,9.204496996972011,0,NO_REAL_FIRE,4217.631729999994,5,False,1,,9.204496996972011
nonfire_videos,0,detectium_fire/non_fire/1837920465_clip_001.mp4,78,10,118,3499,1,0.4386601150035858,31.849653001700062,0,NO_REAL_FIRE,3934.5912440003303,5,False,1,,31.849653001700062
nonfire_videos,0,detectium_fire/non_fire/1837920465_clip_001.mp4,78,11,131,3500,1,0.32783040404319763,26.765050999529194,0,NO_REAL_FIRE,4419.641439002589,5,True,0,NO_REAL_FIRE,4533.919394001714
nonfire_videos,0,detectium_fire/non_fire/1837920465_clip_001.mp4,78,12,144,3501,1,0.29888951778411865,10.151735001272755,0,NO_REAL_FIRE,4428.976827999577,5,False,1,,10.151735001272755
nonfire_videos,0,detectium_fire/non_fire/1837920465_clip_001.mp4,78,13,157,3502,1,0.44635483622550964,29.99329699741793,0,NO_REAL_FIRE,4567.93578900033,5,False,1,,29.99329699741793
nonfire_videos,0,detectium_fire/non_fire/1837920465_clip_001.mp4,78,14,170,3503,1,0.3460471034049988,8.490167998388642,0,NO_REAL_FIRE,2915.624814999319,5,False,1,,8.490167998388642
nonfire_videos,0,detectium_fire/non_fire/1837920465_clip_001.mp4,78,15,183,3504,1,0.3779965937137604,8.463147998554632,0,NO_REAL_FIRE,3836.224675997073,5,False,1,,8.463147998554632
nonfire_videos,0,detectium_fire/non_fire/1837920465_clip_001.mp4,78,16,197,3505,1,0.39507490396499634,9.24047699663788,0,NO_REAL_FIRE,4025.498201001028,5,True,0,NO_REAL_FIRE,4775.0290839976515
nonfire_videos,0,detectium_fire/non_fire/1837920465_clip_001.mp4,78,17,210,3506,1,0.26827630400657654,29.475347000698093,0,NO_REAL_FIRE,3542.598496998835,5,False,1,,29.475347000698093
nonfire_videos,0,detectium_fire/non_fire/1837920465_clip_001.mp4,78,18,223,3507,1,0.2872825264930725,32.29872199881356,0,NO_REAL_FIRE,4452.805795001041,5,False,1,,32.29872199881356
nonfire_videos,0,detectium_fire/non_fire/1837920465_clip_001.mp4,78,19,236,3508,1,0.3534155488014221,8.622928002296248,0,NO_REAL_FIRE,5260.666302001482,5,False,1,,8.622928002296248
nonfire_videos,0,detectium_fire/non_fire/1837920465_clip_001.mp4,78,20,249,3509,0,0.0,19.320471998071298,0,NO_REAL_FIRE,4174.390773001505,5,False,0,,19.320471998071298
nonfire_videos,0,detectium_fire/non_fire/1837920465_clip_002.mp4,79,1,0,3510,0,0.0,16.605796001385897,0,NO_REAL_FIRE,3204.117014000076,5,True,0,NO_REAL_FIRE,3713.090685003408
nonfire_videos,0,detectium_fire/non_fire/1837920465_clip_002.mp4,79,2,4,3511,1,0.3571528196334839,31.99125399987679,0,NO_REAL_FIRE,4483.376738000516,5,False,1,,31.99125399987679
nonfire_videos,0,detectium_fire/non_fire/1837920465_clip_002.mp4,79,3,8,3512,0,0.0,22.1267680026358,0,NO_REAL_FIRE,3996.006886998657,5,False,0,,22.1267680026358
nonfire_videos,0,detectium_fire/non_fire/1837920465_clip_002.mp4,79,4,12,3513,0,0.0,9.751705998496618,0,NO_REAL_FIRE,4037.274157999491,5,False,0,,9.751705998496618
nonfire_videos,0,detectium_fire/non_fire/1837920465_clip_002.mp4,79,5,16,3514,1,0.296366810798645,8.52093700086698,0,NO_REAL_FIRE,4313.673968998046,5,False,1,,8.52093700086698
nonfire_videos,0,detectium_fire/non_fire/1837920465_clip_002.mp4,79,6,19,3515,1,0.39406418800354004,8.513608001521789,0,NO_REAL_FIRE,3095.953267002187,5,True,0,NO_REAL_FIRE,4625.576417998673
nonfire_videos,0,detectium_fire/non_fire/1837920465_clip_002.mp4,79,7,23,3516,1,0.4133636951446533,8.431117999862181,0,NO_REAL_FIRE,4287.970800000039,5,False,1,,8.431117999862181
nonfire_videos,0,detectium_fire/non_fire/1837920465_clip_002.mp4,79,8,27,3517,1,0.3061279356479645,32.22130299764103,0,NO_REAL_FIRE,3293.2128940010443,5,False,1,,32.22130299764103
nonfire_videos,0,detectium_fire/non_fire/1837920465_clip_002.mp4,79,9,31,3518,1,0.36485034227371216,10.05518499732716,0,NO_REAL_FIRE,4217.519024998182,5,False,1,,10.05518499732716
nonfire_videos,0,detectium_fire/non_fire/1837920465_clip_002.mp4,79,10,35,3519,1,0.3102039098739624,8.49369799834676,0,NO_REAL_FIRE,3268.9665610014345,5,False,1,,8.49369799834676
nonfire_videos,0,detectium_fire/non_fire/1837920465_clip_002.mp4,79,11,39,3520,1,0.4321748912334442,28.479697997681797,0,NO_REAL_FIRE,4364.212723998207,5,True,0,NO_REAL_FIRE,4125.352800994733
nonfire_videos,0,detectium_fire/non_fire/1837920465_clip_002.mp4,79,12,43,3521,1,0.4701462984085083,25.51968299667351,0,NO_REAL_FIRE,4449.47618399965,5,False,1,,25.51968299667351
nonfire_videos,0,detectium_fire/non_fire/1837920465_clip_002.mp4,79,13,47,3522,1,0.4869527220726013,32.175723998079775,0,NO_REAL_FIRE,4463.888843001769,5,False,1,,32.175723998079775
nonfire_videos,0,detectium_fire/non_fire/1837920465_clip_002.mp4,79,14,51,3523,1,0.455302894115448,32.18424399892683,0,NO_REAL_FIRE,4683.415487001184,5,False,1,,32.18424399892683
nonfire_videos,0,detectium_fire/non_fire/1837920465_clip_002.mp4,79,15,55,3524,0,0.0,32.14084399951389,0,NO_REAL_FIRE,4240.047919996869,5,False,0,,32.14084399951389
nonfire_videos,0,detectium_fire/non_fire/1837920465_clip_002.mp4,79,16,58,3525,0,0.0,23.740234999422682,0,NO_REAL_FIRE,3735.187952999695,5,True,0,NO_REAL_FIRE,4473.882444002811
nonfire_videos,0,detectium_fire/non_fire/1837920465_clip_002.mp4,79,17,62,3526,0,0.0,32.132573000126285,0,NO_REAL_FIRE,4184.197825998126,5,False,0,,32.132573000126285
nonfire_videos,0,detectium_fire/non_fire/1837920465_clip_002.mp4,79,18,66,3527,1,0.26147234439849854,8.773506997385994,0,NO_REAL_FIRE,4272.071889001381,5,False,1,,8.773506997385994
nonfire_videos,0,detectium_fire/non_fire/1837920465_clip_002.mp4,79,19,70,3528,1,0.25836125016212463,10.001255999668501,0,NO_REAL_FIRE,4155.187049000233,5,False,1,,10.001255999668501
nonfire_videos,0,detectium_fire/non_fire/1837920465_clip_002.mp4,79,20,74,3529,0,0.0,26.54520200303523,0,NO_REAL_FIRE,4097.5624040002,5,False,0,,26.54520200303523
nonfire_videos,0,detectium_fire/non_fire/1840955632_clip_001.mp4,80,1,0,3530,1,0.7529475688934326,12.76150199919357,0,NO_REAL_FIRE,3270.841809997364,5,True,0,NO_REAL_FIRE,3399.9213759998383
nonfire_videos,0,detectium_fire/non_fire/1840955632_clip_001.mp4,80,2,15,3531,1,0.654670238494873,32.9484229987429,0,NO_REAL_FIRE,2947.612599000422,5,False,1,,32.9484229987429
nonfire_videos,0,detectium_fire/non_fire/1840955632_clip_001.mp4,80,3,30,3532,1,0.7369651198387146,32.263233999401564,0,NO_REAL_FIRE,3411.0839899985876,5,False,1,,32.263233999401564
nonfire_videos,0,detectium_fire/non_fire/1840955632_clip_001.mp4,80,4,46,3533,1,0.6310298442840576,18.325123000977328,0,NO_REAL_FIRE,3605.878258997109,5,False,1,,18.325123000977328
nonfire_videos,0,detectium_fire/non_fire/1840955632_clip_001.mp4,80,5,61,3534,0,0.0,10.882123999181204,0,NO_REAL_FIRE,2486.531788003049,5,False,0,,10.882123999181204
nonfire_videos,0,detectium_fire/non_fire/1840955632_clip_001.mp4,80,6,76,3535,1,0.46086764335632324,8.450318000541301,0,NO_REAL_FIRE,2815.012373001082,5,True,0,NO_REAL_FIRE,3071.989913001744
nonfire_videos,0,detectium_fire/non_fire/1840955632_clip_001.mp4,80,7,91,3536,1,0.480800986289978,8.496318001562031,0,NO_REAL_FIRE,3041.1330179995275,5,False,1,,8.496318001562031
nonfire_videos,0,detectium_fire/non_fire/1840955632_clip_001.mp4,80,8,106,3537,1,0.4291030764579773,30.50550599800772,0,NO_REAL_FIRE,3192.604099000164,5,False,1,,30.50550599800772
nonfire_videos,0,detectium_fire/non_fire/1840955632_clip_001.mp4,80,9,122,3538,1,0.31244632601737976,10.534465000091586,0,NO_REAL_FIRE,3254.758139999467,5,False,1,,10.534465000091586
nonfire_videos,0,detectium_fire/non_fire/1840955632_clip_001.mp4,80,10,137,3539,1,0.41830748319625854,32.2668929984502,0,NO_REAL_FIRE,3362.389734997123,5,False,1,,32.2668929984502
nonfire_videos,0,detectium_fire/non_fire/1840955632_clip_001.mp4,80,11,152,3540,0,0.0,27.87751000141725,0,NO_REAL_FIRE,3796.9120390007447,5,True,0,NO_REAL_FIRE,3130.995111001539
nonfire_videos,0,detectium_fire/non_fire/1840955632_clip_001.mp4,80,12,167,3541,0,0.0,8.449607998045394,0,NO_REAL_FIRE,3141.8895259994315,5,False,0,,8.449607998045394
nonfire_videos,0,detectium_fire/non_fire/1840955632_clip_001.mp4,80,13,183,3542,1,0.6028597950935364,9.019208002428059,0,NO_REAL_FIRE,3076.3026519998675,5,False,1,,9.019208002428059
nonfire_videos,0,detectium_fire/non_fire/1840955632_clip_001.mp4,80,14,198,3543,1,0.30393069982528687,19.053411997447256,0,NO_REAL_FIRE,2920.7268259997363,5,False,1,,19.053411997447256
nonfire_videos,0,detectium_fire/non_fire/1840955632_clip_001.mp4,80,15,213,3544,1,0.33946144580841064,32.278173999657156,0,NO_REAL_FIRE,3110.477992999222,5,False,1,,32.278173999657156
nonfire_videos,0,detectium_fire/non_fire/1840955632_clip_001.mp4,80,16,228,3545,0,0.0,25.948583002900705,0,NO_REAL_FIRE,3252.0321090014477,5,True,0,NO_REAL_FIRE,2839.460996005073
nonfire_videos,0,detectium_fire/non_fire/1840955632_clip_001.mp4,80,17,243,3546,0,0.0,17.95761399989715,0,NO_REAL_FIRE,2948.3037289974163,5,False,0,,17.95761399989715
nonfire_videos,0,detectium_fire/non_fire/1840955632_clip_001.mp4,80,18,259,3547,0,0.0,8.42506800108822,0,NO_REAL_FIRE,3497.107658000459,5,False,0,,8.42506800108822
nonfire_videos,0,detectium_fire/non_fire/1840955632_clip_001.mp4,80,19,274,3548,0,0.0,32.85050299746217,0,NO_REAL_FIRE,3270.8371539993095,5,False,0,,32.85050299746217
nonfire_videos,0,detectium_fire/non_fire/1840955632_clip_001.mp4,80,20,289,3549,0,0.0,20.483890002651606,0,NO_REAL_FIRE,3139.598454999941,5,False,0,,20.483890002651606
nonfire_videos,0,detectium_fire/non_fire/1840955632_clip_002.mp4,81,1,0,3550,0,0.0,8.700638001755578,0,NO_REAL_FIRE,3313.478034000582,5,True,0,NO_REAL_FIRE,3331.4870200010773
nonfire_videos,0,detectium_fire/non_fire/1840955632_clip_002.mp4,81,2,15,3551,1,0.5920722484588623,9.095187000639271,0,NO_REAL_FIRE,3571.836102997622,5,False,1,,9.095187000639271
nonfire_videos,0,detectium_fire/non_fire/1840955632_clip_002.mp4,81,3,30,3552,0,0.0,13.833799999702023,0,NO_REAL_FIRE,3166.0682180008735,5,False,0,,13.833799999702023
nonfire_videos,0,detectium_fire/non_fire/1840955632_clip_002.mp4,81,4,45,3553,0,0.0,9.459945998969488,0,NO_REAL_FIRE,2862.5272669996775,5,False,0,,9.459945998969488
nonfire_videos,0,detectium_fire/non_fire/1840955632_clip_002.mp4,81,5,60,3554,0,0.0,11.047915002563968,0,NO_REAL_FIRE,2962.0522139994137,5,False,0,,11.047915002563968
nonfire_videos,0,detectium_fire/non_fire/1840955632_clip_002.mp4,81,6,75,3555,1,0.5934088826179504,29.010008998739067,0,NO_REAL_FIRE,3133.1174170009035,5,True,0,NO_REAL_FIRE,3240.301924997766
nonfire_videos,0,detectium_fire/non_fire/1840955632_clip_002.mp4,81,7,90,3556,0,0.0,32.88963199884165,0,NO_REAL_FIRE,3283.489252997242,5,False,0,,32.88963199884165
nonfire_videos,0,detectium_fire/non_fire/1840955632_clip_002.mp4,81,8,105,3557,0,0.0,8.468028001516359,0,NO_REAL_FIRE,3642.3403160006274,5,False,0,,8.468028001516359
nonfire_videos,0,detectium_fire/non_fire/1840955632_clip_002.mp4,81,9,120,3558,0,0.0,10.602394999295939,0,NO_REAL_FIRE,2879.9948539999605,5,False,0,,10.602394999295939
nonfire_videos,0,detectium_fire/non_fire/1840955632_clip_002.mp4,81,10,135,3559,0,0.0,8.630207998066908,0,NO_REAL_FIRE,3181.6276210010983,5,False,0,,8.630207998066908
nonfire_videos,0,detectium_fire/non_fire/1840955632_clip_002.mp4,81,11,149,3560,0,0.0,25.56400399771519,0,NO_REAL_FIRE,2832.0910149996052,5,True,0,NO_REAL_FIRE,3014.675571997941
nonfire_videos,0,detectium_fire/non_fire/1840955632_clip_002.mp4,81,12,164,3561,0,0.0,10.158296001463896,0,NO_REAL_FIRE,3256.6264439992665,5,False,0,,10.158296001463896
nonfire_videos,0,detectium_fire/non_fire/1840955632_clip_002.mp4,81,13,179,3562,0,0.0,31.340184999862686,0,NO_REAL_FIRE,3911.567622999428,5,False,0,,31.340184999862686
nonfire_videos,0,detectium_fire/non_fire/1840955632_clip_002.mp4,81,14,194,3563,0,0.0,32.12135399735416,0,NO_REAL_FIRE,3230.265643000166,5,False,0,,32.12135399735416
nonfire_videos,0,detectium_fire/non_fire/1840955632_clip_002.mp4,81,15,209,3564,1,0.4729311764240265,17.43190500201308,0,NO_REAL_FIRE,3606.869352999638,5,False,1,,17.43190500201308
nonfire_videos,0,detectium_fire/non_fire/1840955632_clip_002.mp4,81,16,224,3565,0,0.0,9.269506997952703,0,NO_REAL_FIRE,3495.8623919992533,5,True,0,NO_REAL_FIRE,3172.6268289967265
nonfire_videos,0,detectium_fire/non_fire/1840955632_clip_002.mp4,81,17,239,3566,0,0.0,8.4632279977086,0,NO_REAL_FIRE,2705.986799002858,5,False,0,,8.4632279977086
nonfire_videos,0,detectium_fire/non_fire/1840955632_clip_002.mp4,81,18,254,3567,1,0.2555624842643738,9.027336996950908,0,NO_REAL_FIRE,3094.422771999234,5,False,1,,9.027336996950908
nonfire_videos,0,detectium_fire/non_fire/1840955632_clip_002.mp4,81,19,269,3568,0,0.0,9.736156000144547,0,NO_REAL_FIRE,2581.2723399976676,5,False,0,,9.736156000144547
nonfire_videos,0,detectium_fire/non_fire/1840955632_clip_002.mp4,81,20,284,3569,0,0.0,32.85349299767404,0,NO_REAL_FIRE,3015.5455460007943,5,False,0,,32.85349299767404
nonfire_videos,0,detectium_fire/non_fire/1854996165_clip_001.mp4,82,1,0,3570,0,0.0,11.197253999853274,0,NO_REAL_FIRE,5040.060965999146,5,True,0,NO_REAL_FIRE,4934.747679999418
nonfire_videos,0,detectium_fire/non_fire/1854996165_clip_001.mp4,82,2,15,3571,0,0.0,8.621136999863666,0,NO_REAL_FIRE,4477.981086998625,5,False,0,,8.621136999863666
nonfire_videos,0,detectium_fire/non_fire/1854996165_clip_001.mp4,82,3,30,3572,0,0.0,27.55047100072261,0,NO_REAL_FIRE,4922.135639000771,5,False,0,,27.55047100072261
nonfire_videos,0,detectium_fire/non_fire/1854996165_clip_001.mp4,82,4,46,3573,0,0.0,32.11580399874947,0,NO_REAL_FIRE,2960.4005979999783,5,False,0,,32.11580399874947
nonfire_videos,0,detectium_fire/non_fire/1854996165_clip_001.mp4,82,5,61,3574,0,0.0,8.403587999055162,0,NO_REAL_FIRE,3954.28893099961,5,False,0,,8.403587999055162
nonfire_videos,0,detectium_fire/non_fire/1854996165_clip_001.mp4,82,6,76,3575,0,0.0,12.76087199948961,0,NO_REAL_FIRE,5218.482577001851,5,True,0,NO_REAL_FIRE,4058.0439340010344
nonfire_videos,0,detectium_fire/non_fire/1854996165_clip_001.mp4,82,7,91,3576,0,0.0,11.486773000797257,0,NO_REAL_FIRE,4213.158272999863,5,False,0,,11.486773000797257
nonfire_videos,0,detectium_fire/non_fire/1854996165_clip_001.mp4,82,8,106,3577,0,0.0,32.246673999907216,0,NO_REAL_FIRE,4828.128479999577,5,False,0,,32.246673999907216
nonfire_videos,0,detectium_fire/non_fire/1854996165_clip_001.mp4,82,9,122,3578,0,0.0,31.15539500140585,0,NO_REAL_FIRE,3837.509573000716,5,False,0,,31.15539500140585
nonfire_videos,0,detectium_fire/non_fire/1854996165_clip_001.mp4,82,10,137,3579,0,0.0,8.521897998434724,0,NO_REAL_FIRE,3924.186329000804,5,False,0,,8.521897998434724
nonfire_videos,0,detectium_fire/non_fire/1854996165_clip_001.mp4,82,11,152,3580,0,0.0,32.17637399939122,0,NO_REAL_FIRE,4850.416601999314,5,True,0,NO_REAL_FIRE,4810.541728998942
nonfire_videos,0,detectium_fire/non_fire/1854996165_clip_001.mp4,82,12,167,3581,0,0.0,17.495444997621235,0,NO_REAL_FIRE,4668.730293997214,5,False,0,,17.495444997621235
nonfire_videos,0,detectium_fire/non_fire/1854996165_clip_001.mp4,82,13,183,3582,0,0.0,8.409027999732643,0,NO_REAL_FIRE,4402.341136999894,5,False,0,,8.409027999732643
nonfire_videos,0,detectium_fire/non_fire/1854996165_clip_001.mp4,82,14,198,3583,0,0.0,8.395287997700507,0,NO_REAL_FIRE,3419.6410269978514,5,False,0,,8.395287997700507
nonfire_videos,0,detectium_fire/non_fire/1854996165_clip_001.mp4,82,15,213,3584,0,0.0,9.706745997391408,0,NO_REAL_FIRE,4174.420486000599,5,False,0,,9.706745997391408
nonfire_videos,0,detectium_fire/non_fire/1854996165_clip_001.mp4,82,16,228,3585,0,0.0,13.868490001186728,0,NO_REAL_FIRE,4297.2691300019505,5,True,0,NO_REAL_FIRE,4861.404581999523
nonfire_videos,0,detectium_fire/non_fire/1854996165_clip_001.mp4,82,17,243,3586,0,0.0,31.764505001774523,0,NO_REAL_FIRE,4195.976275997964,5,False,0,,31.764505001774523
nonfire_videos,0,detectium_fire/non_fire/1854996165_clip_001.mp4,82,18,259,3587,0,0.0,10.106556001119316,0,NO_REAL_FIRE,3807.545472998754,5,False,0,,10.106556001119316
nonfire_videos,0,detectium_fire/non_fire/1854996165_clip_001.mp4,82,19,274,3588,0,0.0,25.388213001861004,0,NO_REAL_FIRE,4697.838969001168,5,False,0,,25.388213001861004
nonfire_videos,0,detectium_fire/non_fire/1854996165_clip_001.mp4,82,20,289,3589,0,0.0,13.843920001818333,0,NO_REAL_FIRE,4395.237142998667,5,False,0,,13.843920001818333
nonfire_videos,0,detectium_fire/non_fire/1854996165_clip_002.mp4,83,1,0,3590,0,0.0,9.833035997871775,0,NO_REAL_FIRE,4869.357954998122,5,True,0,NO_REAL_FIRE,3835.4025669978
nonfire_videos,0,detectium_fire/non_fire/1854996165_clip_002.mp4,83,2,10,3591,0,0.0,8.417067998379935,0,NO_REAL_FIRE,4468.369831000018,5,False,0,,8.417067998379935
nonfire_videos,0,detectium_fire/non_fire/1854996165_clip_002.mp4,83,3,20,3592,0,0.0,9.444257000723155,0,NO_REAL_FIRE,4127.269159002026,5,False,0,,9.444257000723155
nonfire_videos,0,detectium_fire/non_fire/1854996165_clip_002.mp4,83,4,30,3593,0,0.0,32.12641400023131,0,NO_REAL_FIRE,4357.839240998146,5,False,0,,32.12641400023131
nonfire_videos,0,detectium_fire/non_fire/1854996165_clip_002.mp4,83,5,39,3594,0,0.0,8.415397001954261,0,NO_REAL_FIRE,3905.8426179981325,5,False,0,,8.415397001954261
nonfire_videos,0,detectium_fire/non_fire/1854996165_clip_002.mp4,83,6,49,3595,0,0.0,13.619479999761097,0,NO_REAL_FIRE,4373.562640001182,5,True,0,NO_REAL_FIRE,4384.805393998249
nonfire_videos,0,detectium_fire/non_fire/1854996165_clip_002.mp4,83,7,59,3596,0,0.0,13.235541002359241,0,NO_REAL_FIRE,4274.194492998504,5,False,0,,13.235541002359241
nonfire_videos,0,detectium_fire/non_fire/1854996165_clip_002.mp4,83,8,69,3597,0,0.0,8.445108000159962,0,NO_REAL_FIRE,4119.400616000348,5,False,0,,8.445108000159962
nonfire_videos,0,detectium_fire/non_fire/1854996165_clip_002.mp4,83,9,79,3598,0,0.0,16.245177001110278,0,NO_REAL_FIRE,5212.156331999722,5,False,0,,16.245177001110278
nonfire_videos,0,detectium_fire/non_fire/1854996165_clip_002.mp4,83,10,89,3599,0,0.0,31.241606000548927,0,NO_REAL_FIRE,3099.7348250020877,5,False,0,,31.241606000548927
nonfire_videos,0,detectium_fire/non_fire/1854996165_clip_002.mp4,83,11,98,3600,0,0.0,8.460168002784485,0,NO_REAL_FIRE,4850.86076099833,5,True,0,NO_REAL_FIRE,5435.487016002298
nonfire_videos,0,detectium_fire/non_fire/1854996165_clip_002.mp4,83,12,108,3601,0,0.0,13.307370998518309,0,NO_REAL_FIRE,4617.932054999983,5,False,0,,13.307370998518309
nonfire_videos,0,detectium_fire/non_fire/1854996165_clip_002.mp4,83,13,118,3602,0,0.0,12.452683000446996,0,NO_REAL_FIRE,3631.1061970009177,5,False,0,,12.452683000446996
nonfire_videos,0,detectium_fire/non_fire/1854996165_clip_002.mp4,83,14,128,3603,0,0.0,10.605805000523105,0,NO_REAL_FIRE,3847.651907999534,5,False,0,,10.605805000523105
nonfire_videos,0,detectium_fire/non_fire/1854996165_clip_002.mp4,83,15,138,3604,0,0.0,11.306774002150632,0,NO_REAL_FIRE,4629.044802000863,5,False,0,,11.306774002150632
nonfire_videos,0,detectium_fire/non_fire/1854996165_clip_002.mp4,83,16,148,3605,0,0.0,32.11855400149943,0,NO_REAL_FIRE,5116.906885999924,5,True,0,NO_REAL_FIRE,4936.290913999983
nonfire_videos,0,detectium_fire/non_fire/1854996165_clip_002.mp4,83,17,157,3606,0,0.0,11.483762998977909,0,NO_REAL_FIRE,4634.46251699861,5,False,0,,11.483762998977909
nonfire_videos,0,detectium_fire/non_fire/1854996165_clip_002.mp4,83,18,167,3607,0,0.0,32.057553999038646,0,NO_REAL_FIRE,4116.9110070004535,5,False,0,,32.057553999038646
nonfire_videos,0,detectium_fire/non_fire/1854996165_clip_002.mp4,83,19,177,3608,0,0.0,23.39655699688592,0,NO_REAL_FIRE,4849.7481099984725,5,False,0,,23.39655699688592
nonfire_videos,0,detectium_fire/non_fire/1854996165_clip_002.mp4,83,20,187,3609,0,0.0,30.48559599847067,0,NO_REAL_FIRE,4441.47138399785,5,False,0,,30.48559599847067
nonfire_videos,0,detectium_fire/non_fire/1857867343_clip_001.mp4,84,1,0,3610,1,0.448856920003891,8.703677001903998,0,NO_REAL_FIRE,2587.360732999514,5,True,0,NO_REAL_FIRE,3135.701720002544
nonfire_videos,0,detectium_fire/non_fire/1857867343_clip_001.mp4,84,2,13,3611,1,0.560441792011261,32.17803499865113,0,NO_REAL_FIRE,3414.122493002651,5,False,1,,32.17803499865113
nonfire_videos,0,detectium_fire/non_fire/1857867343_clip_001.mp4,84,3,25,3612,1,0.7422564029693604,28.929438998602564,0,NO_REAL_FIRE,3304.6687500027474,5,False,1,,28.929438998602564
nonfire_videos,0,detectium_fire/non_fire/1857867343_clip_001.mp4,84,4,38,3613,1,0.7624887824058533,11.549743001523893,0,NO_REAL_FIRE,2587.9904339999484,5,False,1,,11.549743001523893
nonfire_videos,0,detectium_fire/non_fire/1857867343_clip_001.mp4,84,5,50,3614,1,0.7249324321746826,9.10194699827116,0,NO_REAL_FIRE,3521.8547499971464,5,False,1,,9.10194699827116
nonfire_videos,0,detectium_fire/non_fire/1857867343_clip_001.mp4,84,6,63,3615,1,0.7466787099838257,11.040183999284636,0,NO_REAL_FIRE,3141.0369539989915,5,True,0,NO_REAL_FIRE,2730.8800800019526
nonfire_videos,0,detectium_fire/non_fire/1857867343_clip_001.mp4,84,7,75,3616,1,0.5826235413551331,9.395106000738451,0,NO_REAL_FIRE,2745.9425289998762,5,False,1,,9.395106000738451
nonfire_videos,0,detectium_fire/non_fire/1857867343_clip_001.mp4,84,8,88,3617,1,0.5005596876144409,24.226595000072848,0,NO_REAL_FIRE,3305.2919110014045,5,False,1,,24.226595000072848
nonfire_videos,0,detectium_fire/non_fire/1857867343_clip_001.mp4,84,9,101,3618,1,0.5793737173080444,9.836755998549052,0,NO_REAL_FIRE,3014.2486060030933,5,False,1,,9.836755998549052
nonfire_videos,0,detectium_fire/non_fire/1857867343_clip_001.mp4,84,10,113,3619,1,0.48205143213272095,9.42396699974779,0,NO_REAL_FIRE,2839.6551469995757,5,False,1,,9.42396699974779
nonfire_videos,0,detectium_fire/non_fire/1857867343_clip_001.mp4,84,11,126,3620,1,0.45739030838012695,11.289053996733855,0,NO_REAL_FIRE,2925.8334029982507,5,True,0,NO_REAL_FIRE,3447.5365889993554
nonfire_videos,0,detectium_fire/non_fire/1857867343_clip_001.mp4,84,12,138,3621,1,0.3555096983909607,32.22896399893216,0,NO_REAL_FIRE,3298.9372909978556,5,False,1,,32.22896399893216
nonfire_videos,0,detectium_fire/non_fire/1857867343_clip_001.mp4,84,13,151,3622,1,0.46179309487342834,32.19468400129699,0,NO_REAL_FIRE,3558.260881000024,5,False,1,,32.19468400129699
nonfire_videos,0,detectium_fire/non_fire/1857867343_clip_001.mp4,84,14,164,3623,1,0.4393111765384674,31.500535002123797,0,NO_REAL_FIRE,3132.6990090019535,5,False,1,,31.500535002123797
nonfire_videos,0,detectium_fire/non_fire/1857867343_clip_001.mp4,84,15,176,3624,1,0.6640978455543518,8.428487999481149,0,NO_REAL_FIRE,3005.559441000514,5,False,1,,8.428487999481149
nonfire_videos,0,detectium_fire/non_fire/1857867343_clip_001.mp4,84,16,189,3625,1,0.7423844933509827,12.916701001813635,0,NO_REAL_FIRE,2686.9227969982603,5,True,0,NO_REAL_FIRE,2715.6483250000747
nonfire_videos,0,detectium_fire/non_fire/1857867343_clip_001.mp4,84,17,201,3626,1,0.7106268405914307,8.466107999993255,0,NO_REAL_FIRE,3257.494552002754,5,False,1,,8.466107999993255
nonfire_videos,0,detectium_fire/non_fire/1857867343_clip_001.mp4,84,18,214,3627,1,0.4167754650115967,21.412958998553222,0,NO_REAL_FIRE,3057.0030989983934,5,False,1,,21.412958998553222
nonfire_videos,0,detectium_fire/non_fire/1857867343_clip_001.mp4,84,19,226,3628,1,0.486965149641037,8.680138002091553,0,NO_REAL_FIRE,2899.2743240014534,5,False,1,,8.680138002091553
nonfire_videos,0,detectium_fire/non_fire/1857867343_clip_001.mp4,84,20,239,3629,1,0.48462775349617004,9.127446999627864,0,NO_REAL_FIRE,4003.918097998394,5,False,1,,9.127446999627864
nonfire_videos,0,detectium_fire/non_fire/1858682988_clip_001.mp4,85,1,0,3630,0,0.0,32.23916399656446,0,NO_REAL_FIRE,3421.07396999927,5,True,0,NO_REAL_FIRE,4311.187310995592
nonfire_videos,0,detectium_fire/non_fire/1858682988_clip_001.mp4,85,2,16,3631,0,0.0,32.14298499733559,0,NO_REAL_FIRE,2787.403414000437,5,False,0,,32.14298499733559
nonfire_videos,0,detectium_fire/non_fire/1858682988_clip_001.mp4,85,3,31,3632,0,0.0,8.42681900030584,0,NO_REAL_FIRE,3326.786325997091,5,False,0,,8.42681900030584
nonfire_videos,0,detectium_fire/non_fire/1858682988_clip_001.mp4,85,4,47,3633,0,0.0,9.192407000227831,0,NO_REAL_FIRE,3030.875907999871,5,False,0,,9.192407000227831
nonfire_videos,0,detectium_fire/non_fire/1858682988_clip_001.mp4,85,5,63,3634,0,0.0,9.230476996890502,0,NO_REAL_FIRE,2869.384629000706,5,False,0,,9.230476996890502
nonfire_videos,0,detectium_fire/non_fire/1858682988_clip_001.mp4,85,6,79,3635,0,0.0,16.53258700025617,0,NO_REAL_FIRE,3865.8675980004773,5,True,0,NO_REAL_FIRE,4698.874901998352
nonfire_videos,0,detectium_fire/non_fire/1858682988_clip_001.mp4,85,7,94,3636,0,0.0,32.21329399821116,0,NO_REAL_FIRE,4214.625532000355,5,False,0,,32.21329399821116
nonfire_videos,0,detectium_fire/non_fire/1858682988_clip_001.mp4,85,8,110,3637,0,0.0,28.051260000211187,0,NO_REAL_FIRE,4643.103081998561,5,False,0,,28.051260000211187
nonfire_videos,0,detectium_fire/non_fire/1858682988_clip_001.mp4,85,9,126,3638,0,0.0,9.224806999554858,0,NO_REAL_FIRE,4245.704188000673,5,False,0,,9.224806999554858
nonfire_videos,0,detectium_fire/non_fire/1858682988_clip_001.mp4,85,10,142,3639,0,0.0,15.476717999263201,0,NO_REAL_FIRE,5646.710241999244,5,False,0,,15.476717999263201
nonfire_videos,0,detectium_fire/non_fire/1858682988_clip_001.mp4,85,11,157,3640,0,0.0,9.299416997237131,0,NO_REAL_FIRE,3782.224059999862,5,True,0,NO_REAL_FIRE,2778.019161996781
nonfire_videos,0,detectium_fire/non_fire/1858682988_clip_001.mp4,85,12,173,3641,0,0.0,32.23432400045567,0,NO_REAL_FIRE,4153.692580999632,5,False,0,,32.23432400045567
nonfire_videos,0,detectium_fire/non_fire/1858682988_clip_001.mp4,85,13,189,3642,0,0.0,12.247972998011392,0,NO_REAL_FIRE,3950.397631000669,5,False,0,,12.247972998011392
nonfire_videos,0,detectium_fire/non_fire/1858682988_clip_001.mp4,85,14,205,3643,0,0.0,8.406517998082563,0,NO_REAL_FIRE,3889.713517997734,5,False,0,,8.406517998082563
nonfire_videos,0,detectium_fire/non_fire/1858682988_clip_001.mp4,85,15,220,3644,0,0.0,32.20510399842169,0,NO_REAL_FIRE,4828.8641209983325,5,False,0,,32.20510399842169
nonfire_videos,0,detectium_fire/non_fire/1858682988_clip_001.mp4,85,16,236,3645,0,0.0,22.149227999761933,0,NO_REAL_FIRE,4718.027519000316,5,True,0,NO_REAL_FIRE,5265.475429001526
nonfire_videos,0,detectium_fire/non_fire/1858682988_clip_001.mp4,85,17,252,3646,0,0.0,24.33477500017034,0,NO_REAL_FIRE,2775.1776180011802,5,False,0,,24.33477500017034
nonfire_videos,0,detectium_fire/non_fire/1858682988_clip_001.mp4,85,18,268,3647,0,0.0,19.068393001361983,0,NO_REAL_FIRE,3042.737837000459,5,False,0,,19.068393001361983
nonfire_videos,0,detectium_fire/non_fire/1858682988_clip_001.mp4,85,19,283,3648,0,0.0,8.477159000904066,0,NO_REAL_FIRE,4074.7841960001097,5,False,0,,8.477159000904066
nonfire_videos,0,detectium_fire/non_fire/1858682988_clip_001.mp4,85,20,299,3649,0,0.0,22.371199000190245,0,NO_REAL_FIRE,2943.9247469999827,5,False,0,,22.371199000190245
nonfire_videos,0,detectium_fire/non_fire/1858682988_clip_002.mp4,86,1,0,3650,0,0.0,8.64537800225662,0,NO_REAL_FIRE,2995.6510739975784,5,True,0,NO_REAL_FIRE,3886.843066004076
nonfire_videos,0,detectium_fire/non_fire/1858682988_clip_002.mp4,86,2,9,3651,0,0.0,12.521803000709042,0,NO_REAL_FIRE,3984.2498269972566,5,False,0,,12.521803000709042
nonfire_videos,0,detectium_fire/non_fire/1858682988_clip_002.mp4,86,3,17,3652,0,0.0,9.550667000439717,0,NO_REAL_FIRE,3598.0049870013318,5,False,0,,9.550667000439717
nonfire_videos,0,detectium_fire/non_fire/1858682988_clip_002.mp4,86,4,26,3653,0,0.0,8.45113800096442,0,NO_REAL_FIRE,3582.7065400007996,5,False,0,,8.45113800096442
nonfire_videos,0,detectium_fire/non_fire/1858682988_clip_002.mp4,86,5,34,3654,0,0.0,32.89148399926489,0,NO_REAL_FIRE,4411.900928997056,5,False,0,,32.89148399926489
nonfire_videos,0,detectium_fire/non_fire/1858682988_clip_002.mp4,86,6,43,3655,0,0.0,32.21933500026353,0,NO_REAL_FIRE,4091.127477000555,5,True,0,NO_REAL_FIRE,3484.805879998021
nonfire_videos,0,detectium_fire/non_fire/1858682988_clip_002.mp4,86,7,51,3656,0,0.0,14.970408999943174,0,NO_REAL_FIRE,3439.764953996928,5,False,0,,14.970408999943174
nonfire_videos,0,detectium_fire/non_fire/1858682988_clip_002.mp4,86,8,60,3657,0,0.0,18.305063000298105,0,NO_REAL_FIRE,5596.545025000523,5,False,0,,18.305063000298105
nonfire_videos,0,detectium_fire/non_fire/1858682988_clip_002.mp4,86,9,68,3658,0,0.0,8.43423799960874,0,NO_REAL_FIRE,3095.580853998399,5,False,0,,8.43423799960874
nonfire_videos,0,detectium_fire/non_fire/1858682988_clip_002.mp4,86,10,77,3659,0,0.0,8.414889001869597,0,NO_REAL_FIRE,3314.6118730001035,5,False,0,,8.414889001869597
nonfire_videos,0,detectium_fire/non_fire/1858682988_clip_002.mp4,86,11,85,3660,0,0.0,19.75214200137998,0,NO_REAL_FIRE,3863.6859520011058,5,True,0,NO_REAL_FIRE,4744.03352000445
nonfire_videos,0,detectium_fire/non_fire/1858682988_clip_002.mp4,86,12,94,3661,0,0.0,13.813659999868833,0,NO_REAL_FIRE,3704.1058400027396,5,False,0,,13.813659999868833
nonfire_videos,0,detectium_fire/non_fire/1858682988_clip_002.mp4,86,13,102,3662,0,0.0,32.16236400112393,0,NO_REAL_FIRE,4565.496005001478,5,False,0,,32.16236400112393
nonfire_videos,0,detectium_fire/non_fire/1858682988_clip_002.mp4,86,14,111,3663,0,0.0,12.667702001635917,0,NO_REAL_FIRE,4923.465495998244,5,False,0,,12.667702001635917
nonfire_videos,0,detectium_fire/non_fire/1858682988_clip_002.mp4,86,15,119,3664,0,0.0,23.05600700128707,0,NO_REAL_FIRE,3230.7411339970713,5,False,0,,23.05600700128707
nonfire_videos,0,detectium_fire/non_fire/1858682988_clip_002.mp4,86,16,128,3665,0,0.0,32.208902997808764,0,NO_REAL_FIRE,3177.108471001702,5,True,0,NO_REAL_FIRE,4933.355201999802
nonfire_videos,0,detectium_fire/non_fire/1858682988_clip_002.mp4,86,17,136,3666,0,0.0,8.46020799872349,0,NO_REAL_FIRE,3309.7239429989713,5,False,0,,8.46020799872349
nonfire_videos,0,detectium_fire/non_fire/1858682988_clip_002.mp4,86,18,145,3667,0,0.0,8.428617999015842,0,NO_REAL_FIRE,3660.0497650033503,5,False,0,,8.428617999015842
nonfire_videos,0,detectium_fire/non_fire/1858682988_clip_002.mp4,86,19,153,3668,0,0.0,10.306824999133823,0,NO_REAL_FIRE,3451.0782420002215,5,False,0,,10.306824999133823
nonfire_videos,0,detectium_fire/non_fire/1858682988_clip_002.mp4,86,20,162,3669,0,0.0,32.14075399955618,0,NO_REAL_FIRE,4931.161177999456,5,False,0,,32.14075399955618
nonfire_videos,0,detectium_fire/non_fire/1869715703_clip_001.mp4,87,1,0,3670,0,0.0,27.499520001583733,0,NO_REAL_FIRE,3277.3834699983126,5,True,0,NO_REAL_FIRE,2727.938920001179
nonfire_videos,0,detectium_fire/non_fire/1869715703_clip_001.mp4,87,2,13,3671,0,0.0,18.062604001897853,0,NO_REAL_FIRE,2858.6512959991524,5,False,0,,18.062604001897853
nonfire_videos,0,detectium_fire/non_fire/1869715703_clip_001.mp4,87,3,26,3672,0,0.0,11.871803002577508,0,NO_REAL_FIRE,3479.9505720002344,5,False,0,,11.871803002577508
nonfire_videos,0,detectium_fire/non_fire/1869715703_clip_001.mp4,87,4,39,3673,1,0.4889482259750366,8.690148002642673,0,NO_REAL_FIRE,2736.5048000028764,5,False,1,,8.690148002642673
nonfire_videos,0,detectium_fire/non_fire/1869715703_clip_001.mp4,87,5,52,3674,0,0.0,8.559488000173587,0,NO_REAL_FIRE,2700.576170002023,5,False,0,,8.559488000173587
nonfire_videos,0,detectium_fire/non_fire/1869715703_clip_001.mp4,87,6,66,3675,0,0.0,14.801948000240372,0,NO_REAL_FIRE,2937.045595001109,5,True,0,NO_REAL_FIRE,5203.9132909994805
nonfire_videos,0,detectium_fire/non_fire/1869715703_clip_001.mp4,87,7,79,3676,0,0.0,31.421846000739606,0,NO_REAL_FIRE,3386.686625999573,5,False,0,,31.421846000739606
nonfire_videos,0,detectium_fire/non_fire/1869715703_clip_001.mp4,87,8,92,3677,0,0.0,8.746087998588337,0,NO_REAL_FIRE,5191.876270997454,5,False,0,,8.746087998588337
nonfire_videos,0,detectium_fire/non_fire/1869715703_clip_001.mp4,87,9,105,3678,0,0.0,27.850640999531606,0,NO_REAL_FIRE,3536.7792430006375,5,False,0,,27.850640999531606
nonfire_videos,0,detectium_fire/non_fire/1869715703_clip_001.mp4,87,10,118,3679,0,0.0,32.2159349998401,0,NO_REAL_FIRE,2855.5693509988487,5,False,0,,32.2159349998401
nonfire_videos,0,detectium_fire/non_fire/1869715703_clip_001.mp4,87,11,131,3680,0,0.0,10.202354998909868,0,NO_REAL_FIRE,3636.159743000462,5,True,0,NO_REAL_FIRE,2873.955946000933
nonfire_videos,0,detectium_fire/non_fire/1869715703_clip_001.mp4,87,12,144,3681,0,0.0,32.249883999611484,0,NO_REAL_FIRE,3499.1196480004874,5,False,0,,32.249883999611484
nonfire_videos,0,detectium_fire/non_fire/1869715703_clip_001.mp4,87,13,157,3682,0,0.0,32.149235001270426,0,NO_REAL_FIRE,3532.1446399975684,5,False,0,,32.149235001270426
nonfire_videos,0,detectium_fire/non_fire/1869715703_clip_001.mp4,87,14,170,3683,0,0.0,8.642937998956768,0,NO_REAL_FIRE,5009.233282002242,5,False,0,,8.642937998956768
nonfire_videos,0,detectium_fire/non_fire/1869715703_clip_001.mp4,87,15,183,3684,0,0.0,9.196096998493886,0,NO_REAL_FIRE,3267.2082179997233,5,False,0,,9.196096998493886
nonfire_videos,0,detectium_fire/non_fire/1869715703_clip_001.mp4,87,16,197,3685,0,0.0,13.280991002829978,0,NO_REAL_FIRE,2575.8476100018015,5,True,0,NO_REAL_FIRE,5296.1893060055445
nonfire_videos,0,detectium_fire/non_fire/1869715703_clip_001.mp4,87,17,210,3686,1,0.37259769439697266,32.29375399678247,0,NO_REAL_FIRE,3203.2712990003347,5,False,1,,32.29375399678247
nonfire_videos,0,detectium_fire/non_fire/1869715703_clip_001.mp4,87,18,223,3687,1,0.3708764314651489,8.586557996750344,0,NO_REAL_FIRE,3071.715846002917,5,False,1,,8.586557996750344
nonfire_videos,0,detectium_fire/non_fire/1869715703_clip_001.mp4,87,19,236,3688,0,0.0,17.94488399900729,0,NO_REAL_FIRE,4587.904953001271,5,False,0,,17.94488399900729
nonfire_videos,0,detectium_fire/non_fire/1869715703_clip_001.mp4,87,20,249,3689,0,0.0,8.423037997999927,0,NO_REAL_FIRE,4262.227645998792,5,False,0,,8.423037997999927
nonfire_videos,0,detectium_fire/non_fire/1869715703_clip_002.mp4,88,1,0,3690,0,0.0,9.149997000349686,0,NO_REAL_FIRE,3992.825329001789,5,True,0,NO_REAL_FIRE,3045.7066140006646
nonfire_videos,0,detectium_fire/non_fire/1870284209_clip_001.mp4,89,1,0,3691,0,0.0,17.77528499951586,0,NO_REAL_FIRE,2887.0664490023046,5,False,0,,17.77528499951586
nonfire_videos,0,detectium_fire/non_fire/1870284209_clip_001.mp4,89,2,13,3692,0,0.0,32.23167399846716,0,NO_REAL_FIRE,2814.574652002193,5,False,0,,32.23167399846716
nonfire_videos,0,detectium_fire/non_fire/1870284209_clip_001.mp4,89,3,25,3693,0,0.0,8.502188000420574,0,NO_REAL_FIRE,3031.922204001603,5,False,0,,8.502188000420574
nonfire_videos,0,detectium_fire/non_fire/1870284209_clip_001.mp4,89,4,38,3694,0,0.0,9.61539600029937,0,NO_REAL_FIRE,2947.184524000477,5,False,0,,9.61539600029937
nonfire_videos,0,detectium_fire/non_fire/1870284209_clip_001.mp4,89,5,50,3695,0,0.0,32.23106400037068,0,NO_REAL_FIRE,3288.7379899984808,5,True,0,NO_REAL_FIRE,3292.822873998375
nonfire_videos,0,detectium_fire/non_fire/1870284209_clip_001.mp4,89,6,63,3696,0,0.0,8.52488800228457,0,NO_REAL_FIRE,2679.917444002058,5,False,0,,8.52488800228457
nonfire_videos,0,detectium_fire/non_fire/1870284209_clip_001.mp4,89,7,75,3697,0,0.0,11.45131399971433,0,NO_REAL_FIRE,2734.0483869993477,5,False,0,,11.45131399971433
nonfire_videos,0,detectium_fire/non_fire/1870284209_clip_001.mp4,89,8,88,3698,0,0.0,11.089804000221193,0,NO_REAL_FIRE,2731.994380999822,5,False,0,,11.089804000221193
nonfire_videos,0,detectium_fire/non_fire/1870284209_clip_001.mp4,89,9,101,3699,0,0.0,8.584317998611368,0,NO_REAL_FIRE,2746.6528509976342,5,False,0,,8.584317998611368
nonfire_videos,0,detectium_fire/non_fire/1870284209_clip_001.mp4,89,10,113,3700,0,0.0,8.42348799778847,0,NO_REAL_FIRE,3011.6537540015997,5,True,0,NO_REAL_FIRE,3003.3331459962938
nonfire_videos,0,detectium_fire/non_fire/1870284209_clip_001.mp4,89,11,126,3701,0,0.0,29.931547000160208,0,NO_REAL_FIRE,3213.4327179992397,5,False,0,,29.931547000160208
nonfire_videos,0,detectium_fire/non_fire/1870284209_clip_001.mp4,89,12,138,3702,0,0.0,32.219974000327056,0,NO_REAL_FIRE,3073.1954369985033,5,False,0,,32.219974000327056
nonfire_videos,0,detectium_fire/non_fire/1870284209_clip_001.mp4,89,13,151,3703,0,0.0,28.11845999895013,0,NO_REAL_FIRE,3292.083817003004,5,False,0,,28.11845999895013
nonfire_videos,0,detectium_fire/non_fire/1870284209_clip_001.mp4,89,14,164,3704,0,0.0,13.29548200010322,0,NO_REAL_FIRE,3285.9368050012563,5,False,0,,13.29548200010322
nonfire_videos,0,detectium_fire/non_fire/1870284209_clip_001.mp4,89,15,176,3705,0,0.0,31.204055998387048,0,NO_REAL_FIRE,3396.375429001637,5,True,0,NO_REAL_FIRE,2972.522490999836
nonfire_videos,0,detectium_fire/non_fire/1870284209_clip_001.mp4,89,16,189,3706,0,0.0,24.217676000262145,0,NO_REAL_FIRE,2804.5990690006875,5,False,0,,24.217676000262145
nonfire_videos,0,detectium_fire/non_fire/1870284209_clip_001.mp4,89,17,201,3707,0,0.0,8.439607998298015,0,NO_REAL_FIRE,3718.823850998888,5,False,0,,8.439607998298015
nonfire_videos,0,detectium_fire/non_fire/1870284209_clip_001.mp4,89,18,214,3708,0,0.0,17.289936000452144,0,NO_REAL_FIRE,2910.77385799872,5,False,0,,17.289936000452144
nonfire_videos,0,detectium_fire/non_fire/1870284209_clip_001.mp4,89,19,226,3709,0,0.0,8.454877999611199,0,NO_REAL_FIRE,3198.0553609973867,5,False,0,,8.454877999611199
nonfire_videos,0,detectium_fire/non_fire/1870284209_clip_001.mp4,89,20,239,3710,0,0.0,32.829693001986016,0,NO_REAL_FIRE,4220.4719399996975,5,True,0,NO_REAL_FIRE,3730.218545002572
nonfire_videos,0,detectium_fire/non_fire/1870284209_clip_002.mp4,90,1,0,3711,0,0.0,8.630497999547515,0,NO_REAL_FIRE,3425.5419680011983,5,False,0,,8.630497999547515
nonfire_videos,0,detectium_fire/non_fire/1870284209_clip_002.mp4,90,2,13,3712,0,0.0,9.570466998411575,0,NO_REAL_FIRE,3017.801807000069,5,False,0,,9.570466998411575
nonfire_videos,0,detectium_fire/non_fire/1870284209_clip_002.mp4,90,3,25,3713,0,0.0,13.002540999877965,0,NO_REAL_FIRE,2987.4159399987548,5,False,0,,13.002540999877965
nonfire_videos,0,detectium_fire/non_fire/1870284209_clip_002.mp4,90,4,38,3714,0,0.0,32.46674399997573,0,NO_REAL_FIRE,3665.9724579985777,5,False,0,,32.46674399997573
nonfire_videos,0,detectium_fire/non_fire/1870284209_clip_002.mp4,90,5,50,3715,0,0.0,25.997772998380242,0,NO_REAL_FIRE,3824.7589330021583,5,True,0,NO_REAL_FIRE,3412.6116079969506
nonfire_videos,0,detectium_fire/non_fire/1870284209_clip_002.mp4,90,6,63,3716,0,0.0,27.685911001753993,0,NO_REAL_FIRE,3128.5728699986066,5,False,0,,27.685911001753993
nonfire_videos,0,detectium_fire/non_fire/1870284209_clip_002.mp4,90,7,75,3717,0,0.0,33.03491299811867,0,NO_REAL_FIRE,3193.012538999028,5,False,0,,33.03491299811867
nonfire_videos,0,detectium_fire/non_fire/1870284209_clip_002.mp4,90,8,88,3718,0,0.0,8.693267998751253,0,NO_REAL_FIRE,2750.1639779984544,5,False,0,,8.693267998751253
nonfire_videos,0,detectium_fire/non_fire/1870284209_clip_002.mp4,90,9,101,3719,0,0.0,9.011486999952467,0,NO_REAL_FIRE,3026.5720159986813,5,False,0,,9.011486999952467
nonfire_videos,0,detectium_fire/non_fire/1870284209_clip_002.mp4,90,10,113,3720,0,0.0,32.20655500263092,0,NO_REAL_FIRE,3199.146341001324,5,True,0,NO_REAL_FIRE,3894.3529060015862
nonfire_videos,0,detectium_fire/non_fire/1870284209_clip_002.mp4,90,11,126,3721,0,0.0,32.31786499964073,0,NO_REAL_FIRE,3214.366259999224,5,False,0,,32.31786499964073
nonfire_videos,0,detectium_fire/non_fire/1870284209_clip_002.mp4,90,12,138,3722,0,0.0,32.34155400059535,0,NO_REAL_FIRE,2916.207262998796,5,False,0,,32.34155400059535
nonfire_videos,0,detectium_fire/non_fire/1870284209_clip_002.mp4,90,13,151,3723,0,0.0,14.755618998606224,0,NO_REAL_FIRE,2733.685281997168,5,False,0,,14.755618998606224
nonfire_videos,0,detectium_fire/non_fire/1870284209_clip_002.mp4,90,14,164,3724,0,0.0,14.835088997642742,0,NO_REAL_FIRE,2678.582060001645,5,False,0,,14.835088997642742
nonfire_videos,0,detectium_fire/non_fire/1870284209_clip_002.mp4,90,15,176,3725,0,0.0,8.552998002414824,0,NO_REAL_FIRE,3410.190483002225,5,True,0,NO_REAL_FIRE,3359.638455000095
nonfire_videos,0,detectium_fire/non_fire/1870284209_clip_002.mp4,90,16,189,3726,0,0.0,32.8071629992337,0,NO_REAL_FIRE,3233.439913998154,5,False,0,,32.8071629992337
nonfire_videos,0,detectium_fire/non_fire/1870284209_clip_002.mp4,90,17,201,3727,0,0.0,32.19901500051492,0,NO_REAL_FIRE,2937.690863000171,5,False,0,,32.19901500051492
nonfire_videos,0,detectium_fire/non_fire/1870284209_clip_002.mp4,90,18,214,3728,0,0.0,14.047060001757927,0,NO_REAL_FIRE,2636.188051001227,5,False,0,,14.047060001757927
nonfire_videos,0,detectium_fire/non_fire/1870284209_clip_002.mp4,90,19,226,3729,0,0.0,8.53876800101716,0,NO_REAL_FIRE,2860.2823829969566,5,False,0,,8.53876800101716
nonfire_videos,0,detectium_fire/non_fire/1870284209_clip_002.mp4,90,20,239,3730,0,0.0,32.21773400218808,0,NO_REAL_FIRE,3275.2040550003585,5,True,0,NO_REAL_FIRE,3168.927786002314
nonfire_videos,0,detectium_fire/non_fire/1870284209_clip_003.mp4,91,1,0,3731,0,0.0,8.725728002900723,0,NO_REAL_FIRE,2871.814997000911,5,False,0,,8.725728002900723
nonfire_videos,0,detectium_fire/non_fire/1870284209_clip_003.mp4,91,2,8,3732,0,0.0,32.15939499932574,0,NO_REAL_FIRE,2845.9459340010653,5,False,0,,32.15939499932574
nonfire_videos,0,detectium_fire/non_fire/1870284209_clip_003.mp4,91,3,16,3733,0,0.0,13.044991002971074,0,NO_REAL_FIRE,3220.7647930008534,5,False,0,,13.044991002971074
nonfire_videos,0,detectium_fire/non_fire/1870284209_clip_003.mp4,91,4,24,3734,0,0.0,29.72052800032543,0,NO_REAL_FIRE,3214.564251000411,5,False,0,,29.72052800032543
nonfire_videos,0,detectium_fire/non_fire/1870284209_clip_003.mp4,91,5,32,3735,0,0.0,9.459367000090424,0,NO_REAL_FIRE,2870.8068189989717,5,True,0,NO_REAL_FIRE,2681.1725080006
nonfire_videos,0,detectium_fire/non_fire/1870284209_clip_003.mp4,91,6,40,3736,0,0.0,12.303912000788841,0,NO_REAL_FIRE,3176.057707001746,5,False,0,,12.303912000788841
nonfire_videos,0,detectium_fire/non_fire/1870284209_clip_003.mp4,91,7,48,3737,0,0.0,32.24128399961046,0,NO_REAL_FIRE,3312.4941130008665,5,False,0,,32.24128399961046
nonfire_videos,0,detectium_fire/non_fire/1870284209_clip_003.mp4,91,8,56,3738,0,0.0,32.27605400024913,0,NO_REAL_FIRE,2979.371444998833,5,False,0,,32.27605400024913
nonfire_videos,0,detectium_fire/non_fire/1870284209_clip_003.mp4,91,9,64,3739,0,0.0,8.678576999955112,0,NO_REAL_FIRE,2896.7311329979566,5,False,0,,8.678576999955112
nonfire_videos,0,detectium_fire/non_fire/1870284209_clip_003.mp4,91,10,72,3740,0,0.0,9.51420700221206,0,NO_REAL_FIRE,2963.070679001248,5,True,0,NO_REAL_FIRE,2803.749256003357
nonfire_videos,0,detectium_fire/non_fire/1870284209_clip_003.mp4,91,11,79,3741,0,0.0,13.79601000007824,0,NO_REAL_FIRE,2750.5332399996405,5,False,0,,13.79601000007824
nonfire_videos,0,detectium_fire/non_fire/1870284209_clip_003.mp4,91,12,87,3742,0,0.0,10.674124998331536,0,NO_REAL_FIRE,3211.6023560010944,5,False,0,,10.674124998331536
nonfire_videos,0,detectium_fire/non_fire/1870284209_clip_003.mp4,91,13,95,3743,0,0.0,8.475557999190642,0,NO_REAL_FIRE,2873.3749259990873,5,False,0,,8.475557999190642
nonfire_videos,0,detectium_fire/non_fire/1870284209_clip_003.mp4,91,14,103,3744,0,0.0,12.790372002200456,0,NO_REAL_FIRE,2670.597643998917,5,False,0,,12.790372002200456
nonfire_videos,0,detectium_fire/non_fire/1870284209_clip_003.mp4,91,15,111,3745,0,0.0,8.57609800004866,0,NO_REAL_FIRE,2784.1782529976626,5,True,0,NO_REAL_FIRE,2707.462062000559
nonfire_videos,0,detectium_fire/non_fire/1870284209_clip_003.mp4,91,16,119,3746,0,0.0,9.045227001479361,0,NO_REAL_FIRE,3766.1869210023724,5,False,0,,9.045227001479361
nonfire_videos,0,detectium_fire/non_fire/1870284209_clip_003.mp4,91,17,127,3747,0,0.0,32.21121500246227,0,NO_REAL_FIRE,3385.2727109988336,5,False,0,,32.21121500246227
nonfire_videos,0,detectium_fire/non_fire/1870284209_clip_003.mp4,91,18,135,3748,0,0.0,32.27642400088371,0,NO_REAL_FIRE,3158.93485199922,5,False,0,,32.27642400088371
nonfire_videos,0,detectium_fire/non_fire/1870284209_clip_003.mp4,91,19,143,3749,0,0.0,17.04664600038086,0,NO_REAL_FIRE,2763.880162001442,5,False,0,,17.04664600038086
nonfire_videos,0,detectium_fire/non_fire/1870284209_clip_003.mp4,91,20,151,3750,0,0.0,18.130403997929534,0,NO_REAL_FIRE,3192.806123999617,5,True,0,NO_REAL_FIRE,2741.9679640006507
nonfire_videos,0,detectium_fire/non_fire/1873108433_clip_001.mp4,92,1,0,3751,1,0.3467554450035095,8.725337000214495,0,NO_REAL_FIRE,2894.3910480011255,5,False,1,,8.725337000214495
nonfire_videos,0,detectium_fire/non_fire/1873108433_clip_001.mp4,92,2,12,3752,1,0.44427382946014404,30.592335999244824,0,NO_REAL_FIRE,3190.149557998666,5,False,1,,30.592335999244824
nonfire_videos,0,detectium_fire/non_fire/1873108433_clip_001.mp4,92,3,24,3753,1,0.3137432932853699,27.319261000229744,0,NO_REAL_FIRE,3182.1530099987285,5,False,1,,27.319261000229744
nonfire_videos,0,detectium_fire/non_fire/1873108433_clip_001.mp4,92,4,36,3754,1,0.4221689999103546,31.204216000332963,0,NO_REAL_FIRE,3361.8172150017926,5,False,1,,31.204216000332963
nonfire_videos,0,detectium_fire/non_fire/1873108433_clip_001.mp4,92,5,48,3755,1,0.2986273765563965,20.350021000922425,0,NO_REAL_FIRE,3231.3697210011014,5,True,0,NO_REAL_FIRE,3115.4138640013116
nonfire_videos,0,detectium_fire/non_fire/1873108433_clip_001.mp4,92,6,60,3756,1,0.5560076236724854,30.098417002591304,0,NO_REAL_FIRE,3179.451764000987,5,False,1,,30.098417002591304
nonfire_videos,0,detectium_fire/non_fire/1873108433_clip_001.mp4,92,7,72,3757,1,0.4673224985599518,20.489360998908523,0,NO_REAL_FIRE,2865.666968998994,5,False,1,,20.489360998908523
nonfire_videos,0,detectium_fire/non_fire/1873108433_clip_001.mp4,92,8,84,3758,1,0.4790826141834259,31.566825000481913,0,NO_REAL_FIRE,3139.5167599985143,5,False,1,,31.566825000481913
nonfire_videos,0,detectium_fire/non_fire/1873108433_clip_001.mp4,92,9,96,3759,1,0.30679288506507874,8.487348000926431,0,NO_REAL_FIRE,2818.545035999705,5,False,1,,8.487348000926431
nonfire_videos,0,detectium_fire/non_fire/1873108433_clip_001.mp4,92,10,108,3760,1,0.6189673542976379,8.424048999586375,0,NO_REAL_FIRE,2580.729583001812,5,True,0,NO_REAL_FIRE,2666.6911620013707
nonfire_videos,0,detectium_fire/non_fire/1873108433_clip_001.mp4,92,11,121,3761,1,0.6828224658966064,9.36346700109425,0,NO_REAL_FIRE,3201.487432997965,5,False,1,,9.36346700109425
nonfire_videos,0,detectium_fire/non_fire/1873108433_clip_001.mp4,92,12,133,3762,1,0.7348151206970215,26.663352000468876,0,NO_REAL_FIRE,2865.8659190004983,5,False,1,,26.663352000468876
nonfire_videos,0,detectium_fire/non_fire/1873108433_clip_001.mp4,92,13,145,3763,1,0.6800272464752197,8.456597999611404,0,NO_REAL_FIRE,3245.280912000453,5,False,1,,8.456597999611404
nonfire_videos,0,detectium_fire/non_fire/1873108433_clip_001.mp4,92,14,157,3764,1,0.7585445046424866,32.25569400092354,0,NO_REAL_FIRE,3064.3342779985687,5,False,1,,32.25569400092354
nonfire_videos,0,detectium_fire/non_fire/1873108433_clip_001.mp4,92,15,169,3765,1,0.7575817704200745,8.462757999950554,0,NO_REAL_FIRE,3944.1980219999095,5,True,0,NO_REAL_FIRE,2609.326472997054
nonfire_videos,0,detectium_fire/non_fire/1873108433_clip_001.mp4,92,16,181,3766,1,0.7754573225975037,8.416568998654839,0,NO_REAL_FIRE,2615.3964339973754,5,False,1,,8.416568998654839
nonfire_videos,0,detectium_fire/non_fire/1873108433_clip_001.mp4,92,17,193,3767,1,0.6693452000617981,8.574646999477409,0,NO_REAL_FIRE,2827.4417639986495,5,False,1,,8.574646999477409
nonfire_videos,0,detectium_fire/non_fire/1873108433_clip_001.mp4,92,18,205,3768,1,0.5658679008483887,12.63203299822635,0,NO_REAL_FIRE,3155.9398690005764,5,False,1,,12.63203299822635
nonfire_videos,0,detectium_fire/non_fire/1873108433_clip_001.mp4,92,19,217,3769,1,0.35526686906814575,32.25002500039409,0,NO_REAL_FIRE,4100.178781001887,5,False,1,,32.25002500039409
nonfire_videos,0,detectium_fire/non_fire/1873108433_clip_001.mp4,92,20,229,3770,1,0.37978848814964294,17.40109499951359,0,NO_REAL_FIRE,3015.3546380024636,5,True,0,NO_REAL_FIRE,2647.1739990010974
nonfire_videos,0,detectium_fire/non_fire/1873108433_clip_002.mp4,93,1,0,3771,1,0.43040579557418823,9.619275999284582,0,NO_REAL_FIRE,2636.4500250019773,5,False,1,,9.619275999284582
nonfire_videos,0,detectium_fire/non_fire/1873108433_clip_002.mp4,93,2,7,3772,1,0.4297220706939697,8.58735799920396,0,NO_REAL_FIRE,2629.1120349997072,5,False,1,,8.58735799920396
nonfire_videos,0,detectium_fire/non_fire/1873108433_clip_002.mp4,93,3,13,3773,1,0.366542249917984,8.478087998810224,0,NO_REAL_FIRE,2988.364445998741,5,False,1,,8.478087998810224
nonfire_videos,0,detectium_fire/non_fire/1873108433_clip_002.mp4,93,4,20,3774,1,0.27574485540390015,8.457947998977033,0,NO_REAL_FIRE,3516.719009003282,5,False,1,,8.457947998977033
nonfire_videos,0,detectium_fire/non_fire/1873108433_clip_002.mp4,93,5,27,3775,0,0.0,21.737289000157034,0,NO_REAL_FIRE,3524.173396999686,5,True,0,NO_REAL_FIRE,2698.3370580019255
nonfire_videos,0,detectium_fire/non_fire/1873108433_clip_002.mp4,93,6,34,3776,1,0.2929501533508301,11.837133002700284,0,NO_REAL_FIRE,3049.832639997476,5,False,1,,11.837133002700284
nonfire_videos,0,detectium_fire/non_fire/1873108433_clip_002.mp4,93,7,40,3777,1,0.3710559010505676,8.480287997372216,0,NO_REAL_FIRE,3202.2308239975246,5,False,1,,8.480287997372216
nonfire_videos,0,detectium_fire/non_fire/1873108433_clip_002.mp4,93,8,47,3778,1,0.4239611327648163,9.228577000612859,0,NO_REAL_FIRE,3265.8766439999454,5,False,1,,9.228577000612859
nonfire_videos,0,detectium_fire/non_fire/1873108433_clip_002.mp4,93,9,54,3779,1,0.3056383430957794,32.190974001423456,0,NO_REAL_FIRE,2931.276497998624,5,False,1,,32.190974001423456
nonfire_videos,0,detectium_fire/non_fire/1873108433_clip_002.mp4,93,10,61,3780,1,0.32440927624702454,32.214394999755314,0,NO_REAL_FIRE,2600.3400459994737,5,True,0,NO_REAL_FIRE,2685.5069369994453
nonfire_videos,0,detectium_fire/non_fire/1873108433_clip_002.mp4,93,11,67,3781,1,0.5092115998268127,8.44757799859508,0,NO_REAL_FIRE,3358.812733000377,5,False,1,,8.44757799859508
nonfire_videos,0,detectium_fire/non_fire/1873108433_clip_002.mp4,93,12,74,3782,0,0.0,9.884896000585286,0,NO_REAL_FIRE,3235.403447000863,5,False,0,,9.884896000585286
nonfire_videos,0,detectium_fire/non_fire/1873108433_clip_002.mp4,93,13,81,3783,1,0.2733343243598938,11.549644001206616,0,NO_REAL_FIRE,2732.3962199989182,5,False,1,,11.549644001206616
nonfire_videos,0,detectium_fire/non_fire/1873108433_clip_002.mp4,93,14,88,3784,1,0.3528090715408325,32.213283997407416,0,NO_REAL_FIRE,2648.3759389993793,5,False,1,,32.213283997407416
nonfire_videos,0,detectium_fire/non_fire/1873108433_clip_002.mp4,93,15,94,3785,1,0.27952656149864197,8.439819001068827,0,NO_REAL_FIRE,2855.9428449989355,5,True,0,NO_REAL_FIRE,3419.308759002888
nonfire_videos,0,detectium_fire/non_fire/1873108433_clip_002.mp4,93,16,101,3786,1,0.5449410676956177,18.297223999979906,0,NO_REAL_FIRE,3550.2196219968027,5,False,1,,18.297223999979906
nonfire_videos,0,detectium_fire/non_fire/1873108433_clip_002.mp4,93,17,108,3787,1,0.28115275502204895,32.820492997416295,0,NO_REAL_FIRE,3386.0924649998196,5,False,1,,32.820492997416295
nonfire_videos,0,detectium_fire/non_fire/1873108433_clip_002.mp4,93,18,115,3788,0,0.0,30.590566999308066,0,NO_REAL_FIRE,2954.0525160009565,5,False,0,,30.590566999308066
nonfire_videos,0,detectium_fire/non_fire/1873108433_clip_002.mp4,93,19,121,3789,1,0.2584266662597656,32.17228499852354,0,NO_REAL_FIRE,3043.87345899886,5,False,1,,32.17228499852354
nonfire_videos,0,detectium_fire/non_fire/1873108433_clip_002.mp4,93,20,128,3790,0,0.0,32.13901499839267,0,NO_REAL_FIRE,3191.3223499977903,5,True,0,NO_REAL_FIRE,2605.864280994865
nonfire_videos,0,detectium_fire/non_fire/1875389027_clip_001.mp4,94,1,0,3791,0,0.0,8.725808002054691,0,NO_REAL_FIRE,3418.4512690007978,5,False,0,,8.725808002054691
nonfire_videos,0,detectium_fire/non_fire/1875389027_clip_001.mp4,94,2,16,3792,0,0.0,8.452268000837648,0,NO_REAL_FIRE,2785.0579359983385,5,False,0,,8.452268000837648
nonfire_videos,0,detectium_fire/non_fire/1875389027_clip_001.mp4,94,3,31,3793,0,0.0,8.450887999060797,0,NO_REAL_FIRE,3419.846287000837,5,False,0,,8.450887999060797
nonfire_videos,0,detectium_fire/non_fire/1875389027_clip_001.mp4,94,4,47,3794,0,0.0,32.1481050013972,0,NO_REAL_FIRE,3327.1382989987615,5,False,0,,32.1481050013972
nonfire_videos,0,detectium_fire/non_fire/1875389027_clip_001.mp4,94,5,63,3795,0,0.0,32.194374998653075,0,NO_REAL_FIRE,3238.8476740015903,5,True,0,NO_REAL_FIRE,2963.623073996132
nonfire_videos,0,detectium_fire/non_fire/1875389027_clip_001.mp4,94,6,79,3796,0,0.0,14.353648999531288,0,NO_REAL_FIRE,2898.6683349976374,5,False,0,,14.353648999531288
nonfire_videos,0,detectium_fire/non_fire/1875389027_clip_001.mp4,94,7,94,3797,0,0.0,12.233312998432666,0,NO_REAL_FIRE,3613.017013998615,5,False,0,,12.233312998432666
nonfire_videos,0,detectium_fire/non_fire/1875389027_clip_001.mp4,94,8,110,3798,0,0.0,8.531777999451151,0,NO_REAL_FIRE,3010.565767002845,5,False,0,,8.531777999451151
nonfire_videos,0,detectium_fire/non_fire/1875389027_clip_001.mp4,94,9,126,3799,0,0.0,8.424028001172701,0,NO_REAL_FIRE,3700.7349910018092,5,False,0,,8.424028001172701
nonfire_videos,0,detectium_fire/non_fire/1875389027_clip_001.mp4,94,10,142,3800,0,0.0,11.535834000824252,0,NO_REAL_FIRE,3228.7165980014834,5,True,0,NO_REAL_FIRE,4223.0306820019905
nonfire_videos,0,detectium_fire/non_fire/1875389027_clip_001.mp4,94,11,157,3801,0,0.0,8.543546999135287,0,NO_REAL_FIRE,3215.726597001776,5,False,0,,8.543546999135287
nonfire_videos,0,detectium_fire/non_fire/1875389027_clip_001.mp4,94,12,173,3802,0,0.0,32.173714997043135,0,NO_REAL_FIRE,3352.042664999317,5,False,0,,32.173714997043135
nonfire_videos,0,detectium_fire/non_fire/1875389027_clip_001.mp4,94,13,189,3803,0,0.0,9.722086000692798,0,NO_REAL_FIRE,3137.5351380011125,5,False,0,,9.722086000692798
nonfire_videos,0,detectium_fire/non_fire/1875389027_clip_001.mp4,94,14,205,3804,0,0.0,9.218006998708006,0,NO_REAL_FIRE,2974.425649001205,5,False,0,,9.218006998708006
nonfire_videos,0,detectium_fire/non_fire/1875389027_clip_001.mp4,94,15,220,3805,0,0.0,28.096329999243608,0,NO_REAL_FIRE,3095.432588001131,5,True,0,NO_REAL_FIRE,2977.0849449996604
nonfire_videos,0,detectium_fire/non_fire/1875389027_clip_001.mp4,94,16,236,3806,0,0.0,9.669817001849879,0,NO_REAL_FIRE,3896.5846840001177,5,False,0,,9.669817001849879
nonfire_videos,0,detectium_fire/non_fire/1875389027_clip_001.mp4,94,17,252,3807,0,0.0,20.5554710009892,0,NO_REAL_FIRE,3807.5201399988146,5,False,0,,20.5554710009892
nonfire_videos,0,detectium_fire/non_fire/1875389027_clip_001.mp4,94,18,268,3808,0,0.0,30.825916001049336,0,NO_REAL_FIRE,3062.1673360001296,5,False,0,,30.825916001049336
nonfire_videos,0,detectium_fire/non_fire/1875389027_clip_001.mp4,94,19,283,3809,0,0.0,32.27577500001644,0,NO_REAL_FIRE,3123.6090880011034,5,False,0,,32.27577500001644
nonfire_videos,0,detectium_fire/non_fire/1875389027_clip_001.mp4,94,20,299,3810,0,0.0,17.846385002485476,0,NO_REAL_FIRE,2658.7758759997087,5,True,0,NO_REAL_FIRE,2991.773566005577
nonfire_videos,0,detectium_fire/non_fire/1875389027_clip_002.mp4,95,1,0,3811,0,0.0,8.655218000058085,0,NO_REAL_FIRE,2634.872190999886,5,False,0,,8.655218000058085
nonfire_videos,0,detectium_fire/non_fire/1875389027_clip_002.mp4,95,2,15,3812,0,0.0,9.191676999762421,0,NO_REAL_FIRE,2911.9470579971676,5,False,0,,9.191676999762421
nonfire_videos,0,detectium_fire/non_fire/1875389027_clip_002.mp4,95,3,30,3813,0,0.0,32.24482400037232,0,NO_REAL_FIRE,3583.3702479976637,5,False,0,,32.24482400037232
nonfire_videos,0,detectium_fire/non_fire/1875389027_clip_002.mp4,95,4,45,3814,0,0.0,10.149506000743713,0,NO_REAL_FIRE,3489.251120998233,5,False,0,,10.149506000743713
nonfire_videos,0,detectium_fire/non_fire/1875389027_clip_002.mp4,95,5,60,3815,0,0.0,8.821037998131942,0,NO_REAL_FIRE,2971.983073002775,5,True,0,NO_REAL_FIRE,2869.071309996798
nonfire_videos,0,detectium_fire/non_fire/1875389027_clip_002.mp4,95,6,74,3816,0,0.0,28.69979000024614,0,NO_REAL_FIRE,3240.2241630006756,5,False,0,,28.69979000024614
nonfire_videos,0,detectium_fire/non_fire/1875389027_clip_002.mp4,95,7,89,3817,0,0.0,8.51527799750329,0,NO_REAL_FIRE,3461.3499810002395,5,False,0,,8.51527799750329
nonfire_videos,0,detectium_fire/non_fire/1875389027_clip_002.mp4,95,8,104,3818,0,0.0,8.529917999112513,0,NO_REAL_FIRE,3261.395634002838,5,False,0,,8.529917999112513
nonfire_videos,0,detectium_fire/non_fire/1875389027_clip_002.mp4,95,9,119,3819,0,0.0,17.830194999987725,0,NO_REAL_FIRE,3691.5581450011814,5,False,0,,17.830194999987725
nonfire_videos,0,detectium_fire/non_fire/1875389027_clip_002.mp4,95,10,134,3820,0,0.0,10.024975999840535,0,NO_REAL_FIRE,2692.8520190012932,5,True,0,NO_REAL_FIRE,2841.4529980000225
nonfire_videos,0,detectium_fire/non_fire/1875389027_clip_002.mp4,95,11,149,3821,0,0.0,32.83952399942791,0,NO_REAL_FIRE,3412.8686590011057,5,False,0,,32.83952399942791
nonfire_videos,0,detectium_fire/non_fire/1875389027_clip_002.mp4,95,12,164,3822,0,0.0,8.749226999498205,0,NO_REAL_FIRE,2862.058140002773,5,False,0,,8.749226999498205
nonfire_videos,0,detectium_fire/non_fire/1875389027_clip_002.mp4,95,13,179,3823,0,0.0,8.53251700027613,0,NO_REAL_FIRE,2519.628754002042,5,False,0,,8.53251700027613
nonfire_videos,0,detectium_fire/non_fire/1875389027_clip_002.mp4,95,14,194,3824,0,0.0,8.577198001148645,0,NO_REAL_FIRE,3267.376226001943,5,False,0,,8.577198001148645
nonfire_videos,0,detectium_fire/non_fire/1875389027_clip_002.mp4,95,15,209,3825,0,0.0,30.347207000886556,0,NO_REAL_FIRE,3225.9478750020207,5,True,0,NO_REAL_FIRE,3047.9738470021402
nonfire_videos,0,detectium_fire/non_fire/1875389027_clip_002.mp4,95,16,223,3826,0,0.0,9.392035997734638,0,NO_REAL_FIRE,3425.7936620015244,5,False,0,,9.392035997734638
nonfire_videos,0,detectium_fire/non_fire/1875389027_clip_002.mp4,95,17,238,3827,0,0.0,8.706337997864466,0,NO_REAL_FIRE,4299.734194999473,5,False,0,,8.706337997864466
nonfire_videos,0,detectium_fire/non_fire/1875389027_clip_002.mp4,95,18,253,3828,0,0.0,29.450259000441292,0,NO_REAL_FIRE,3393.9012170012575,5,False,0,,29.450259000441292
nonfire_videos,0,detectium_fire/non_fire/1875389027_clip_002.mp4,95,19,268,3829,0,0.0,8.633606998046162,0,NO_REAL_FIRE,3308.187378999719,5,False,0,,8.633606998046162
nonfire_videos,0,detectium_fire/non_fire/1875389027_clip_002.mp4,95,20,283,3830,0,0.0,13.668619998497888,0,NO_REAL_FIRE,3370.13084100181,5,True,0,NO_REAL_FIRE,4719.0086519985925
nonfire_videos,0,detectium_fire/non_fire/1885952980_clip_001.mp4,96,1,0,3831,0,0.0,32.19917400201666,0,NO_REAL_FIRE,3016.955601000518,5,False,0,,32.19917400201666
nonfire_videos,0,detectium_fire/non_fire/1885952980_clip_001.mp4,96,2,15,3832,0,0.0,32.201594000071054,0,NO_REAL_FIRE,3571.052948002034,5,False,0,,32.201594000071054
nonfire_videos,0,detectium_fire/non_fire/1885952980_clip_001.mp4,96,3,30,3833,0,0.0,32.142865002242615,0,NO_REAL_FIRE,3083.100376999937,5,False,0,,32.142865002242615
nonfire_videos,0,detectium_fire/non_fire/1885952980_clip_001.mp4,96,4,46,3834,0,0.0,8.514188000845024,0,NO_REAL_FIRE,3235.456141999748,5,False,0,,8.514188000845024
nonfire_videos,0,detectium_fire/non_fire/1885952980_clip_001.mp4,96,5,61,3835,0,0.0,8.481438002490904,0,NO_REAL_FIRE,2874.212352999166,5,True,0,NO_REAL_FIRE,4365.834503001679
nonfire_videos,0,detectium_fire/non_fire/1885952980_clip_001.mp4,96,6,76,3836,0,0.0,23.724336999293882,0,NO_REAL_FIRE,3556.827307002095,5,False,0,,23.724336999293882
nonfire_videos,0,detectium_fire/non_fire/1885952980_clip_001.mp4,96,7,91,3837,0,0.0,32.8293839993421,0,NO_REAL_FIRE,3305.7133740003337,5,False,0,,32.8293839993421
nonfire_videos,0,detectium_fire/non_fire/1885952980_clip_001.mp4,96,8,106,3838,0,0.0,32.13237499949173,0,NO_REAL_FIRE,4571.583601999009,5,False,0,,32.13237499949173
nonfire_videos,0,detectium_fire/non_fire/1885952980_clip_001.mp4,96,9,122,3839,0,0.0,28.69303899933584,0,NO_REAL_FIRE,2966.9664219982224,5,False,0,,28.69303899933584
nonfire_videos,0,detectium_fire/non_fire/1885952980_clip_001.mp4,96,10,137,3840,0,0.0,8.447608001006301,0,NO_REAL_FIRE,2857.482486997469,5,True,0,NO_REAL_FIRE,2560.982907001744
nonfire_videos,0,detectium_fire/non_fire/1885952980_clip_001.mp4,96,11,152,3841,0,0.0,21.502499999769498,0,NO_REAL_FIRE,3696.031260999007,5,False,0,,21.502499999769498
nonfire_videos,0,detectium_fire/non_fire/1885952980_clip_001.mp4,96,12,167,3842,0,0.0,32.21686500182841,0,NO_REAL_FIRE,3234.3208940001205,5,False,0,,32.21686500182841
nonfire_videos,0,detectium_fire/non_fire/1885952980_clip_001.mp4,96,13,183,3843,0,0.0,32.18918499987922,0,NO_REAL_FIRE,3636.1445850016025,5,False,0,,32.18918499987922
nonfire_videos,0,detectium_fire/non_fire/1885952980_clip_001.mp4,96,14,198,3844,0,0.0,32.14767499957816,0,NO_REAL_FIRE,3031.919040997309,5,False,0,,32.14767499957816
nonfire_videos,0,detectium_fire/non_fire/1885952980_clip_001.mp4,96,15,213,3845,0,0.0,9.138468001765432,0,NO_REAL_FIRE,2650.887708998198,5,True,0,NO_REAL_FIRE,3184.349746003136
nonfire_videos,0,detectium_fire/non_fire/1885952980_clip_001.mp4,96,16,228,3846,0,0.0,32.186584001465235,0,NO_REAL_FIRE,3594.6820650024165,5,False,0,,32.186584001465235
nonfire_videos,0,detectium_fire/non_fire/1885952980_clip_001.mp4,96,17,243,3847,0,0.0,8.537867997802095,0,NO_REAL_FIRE,3235.5941030000395,5,False,0,,8.537867997802095
nonfire_videos,0,detectium_fire/non_fire/1885952980_clip_001.mp4,96,18,259,3848,1,0.5295553803443909,32.26528400045936,0,NO_REAL_FIRE,3700.0493919986184,5,False,1,,32.26528400045936
nonfire_videos,0,detectium_fire/non_fire/1885952980_clip_001.mp4,96,19,274,3849,0,0.0,16.11206800225773,0,NO_REAL_FIRE,4273.410367000906,5,False,0,,16.11206800225773
nonfire_videos,0,detectium_fire/non_fire/1885952980_clip_001.mp4,96,20,289,3850,0,0.0,10.891085003095213,0,NO_REAL_FIRE,3307.3229500005255,5,True,0,NO_REAL_FIRE,2840.0481900025625
nonfire_videos,0,detectium_fire/non_fire/1885952980_clip_002.mp4,97,1,0,3851,0,0.0,8.710737998626428,0,NO_REAL_FIRE,3002.8140829999757,5,False,0,,8.710737998626428
nonfire_videos,0,detectium_fire/non_fire/1885952980_clip_002.mp4,97,2,15,3852,0,0.0,32.19225499924505,0,NO_REAL_FIRE,3088.7397629994666,5,False,0,,32.19225499924505
nonfire_videos,0,detectium_fire/non_fire/1885952980_clip_002.mp4,97,3,30,3853,0,0.0,9.150328001851449,0,NO_REAL_FIRE,3128.8295070007734,5,False,0,,9.150328001851449
nonfire_videos,0,detectium_fire/non_fire/1885952980_clip_002.mp4,97,4,46,3854,0,0.0,32.13745599714457,0,NO_REAL_FIRE,4085.582235999027,5,False,0,,32.13745599714457
nonfire_videos,0,detectium_fire/non_fire/1885952980_clip_002.mp4,97,5,61,3855,0,0.0,17.415755999536486,0,NO_REAL_FIRE,4107.303074000811,5,True,0,NO_REAL_FIRE,4304.862740002136
nonfire_videos,0,detectium_fire/non_fire/1885952980_clip_002.mp4,97,6,76,3856,1,0.280703604221344,12.671161999605829,0,NO_REAL_FIRE,2907.64079300061,5,False,1,,12.671161999605829
nonfire_videos,0,detectium_fire/non_fire/1885952980_clip_002.mp4,97,7,91,3857,0,0.0,11.919823002244812,0,NO_REAL_FIRE,3704.963932999817,5,False,0,,11.919823002244812
nonfire_videos,0,detectium_fire/non_fire/1885952980_clip_002.mp4,97,8,106,3858,0,0.0,8.439127999736229,0,NO_REAL_FIRE,3792.463330002647,5,False,0,,8.439127999736229
nonfire_videos,0,detectium_fire/non_fire/1885952980_clip_002.mp4,97,9,122,3859,0,0.0,13.78347100035171,0,NO_REAL_FIRE,4329.06986299713,5,False,0,,13.78347100035171
nonfire_videos,0,detectium_fire/non_fire/1885952980_clip_002.mp4,97,10,137,3860,0,0.0,9.198887000820832,0,NO_REAL_FIRE,3534.911438000563,5,True,0,NO_REAL_FIRE,4465.373571998498
nonfire_videos,0,detectium_fire/non_fire/1885952980_clip_002.mp4,97,11,152,3861,0,0.0,32.168724999792175,0,NO_REAL_FIRE,3141.612104998785,5,False,0,,32.168724999792175
nonfire_videos,0,detectium_fire/non_fire/1885952980_clip_002.mp4,97,12,167,3862,0,0.0,17.656504998740274,0,NO_REAL_FIRE,3760.829531998752,5,False,0,,17.656504998740274
nonfire_videos,0,detectium_fire/non_fire/1885952980_clip_002.mp4,97,13,183,3863,0,0.0,29.91423799903714,0,NO_REAL_FIRE,4166.564106999431,5,False,0,,29.91423799903714
nonfire_videos,0,detectium_fire/non_fire/1885952980_clip_002.mp4,97,14,198,3864,0,0.0,31.810516000405187,0,NO_REAL_FIRE,3197.07326599746,5,False,0,,31.810516000405187
nonfire_videos,0,detectium_fire/non_fire/1885952980_clip_002.mp4,97,15,213,3865,0,0.0,8.40459900064161,0,NO_REAL_FIRE,3096.7166060036107,5,True,0,NO_REAL_FIRE,2960.177057000692
nonfire_videos,0,detectium_fire/non_fire/1885952980_clip_002.mp4,97,16,228,3866,0,0.0,32.158935002371436,0,NO_REAL_FIRE,3387.766880001436,5,False,0,,32.158935002371436
nonfire_videos,0,detectium_fire/non_fire/1885952980_clip_002.mp4,97,17,243,3867,0,0.0,32.86707400184241,0,NO_REAL_FIRE,3310.4000569983327,5,False,0,,32.86707400184241
nonfire_videos,0,detectium_fire/non_fire/1885952980_clip_002.mp4,97,18,259,3868,0,0.0,14.874299999064533,0,NO_REAL_FIRE,3034.356910997303,5,False,0,,14.874299999064533
nonfire_videos,0,detectium_fire/non_fire/1885952980_clip_002.mp4,97,19,274,3869,0,0.0,32.04099499998847,0,NO_REAL_FIRE,3335.120902000199,5,False,0,,32.04099499998847
nonfire_videos,0,detectium_fire/non_fire/1885952980_clip_002.mp4,97,20,289,3870,0,0.0,8.420008001849055,0,NO_REAL_FIRE,3081.4907460007817,5,True,0,NO_REAL_FIRE,3181.835305000277
nonfire_videos,0,detectium_fire/non_fire/1885952980_clip_003.mp4,98,1,0,3871,0,0.0,32.26880500005791,0,NO_REAL_FIRE,3369.242183998722,5,False,0,,32.26880500005791
nonfire_videos,0,detectium_fire/non_fire/1885952980_clip_003.mp4,98,2,4,3872,0,0.0,8.368778002477484,0,NO_REAL_FIRE,3098.5692009999184,5,False,0,,8.368778002477484
nonfire_videos,0,detectium_fire/non_fire/1885952980_clip_003.mp4,98,3,8,3873,0,0.0,21.406809999461984,0,NO_REAL_FIRE,3074.291834000178,5,False,0,,21.406809999461984
nonfire_videos,0,detectium_fire/non_fire/1885952980_clip_003.mp4,98,4,12,3874,0,0.0,32.216095001786016,0,NO_REAL_FIRE,3134.2694699997082,5,False,0,,32.216095001786016
nonfire_videos,0,detectium_fire/non_fire/1885952980_clip_003.mp4,98,5,16,3875,0,0.0,8.455868999590166,0,NO_REAL_FIRE,2746.287330002815,5,True,0,NO_REAL_FIRE,3067.7394039994397
nonfire_videos,0,detectium_fire/non_fire/1885952980_clip_003.mp4,98,6,20,3876,0,0.0,16.489318000822095,0,NO_REAL_FIRE,3348.0020919996605,5,False,0,,16.489318000822095
nonfire_videos,0,detectium_fire/non_fire/1885952980_clip_003.mp4,98,7,24,3877,0,0.0,8.49014800041914,0,NO_REAL_FIRE,4148.035235000862,5,False,0,,8.49014800041914
nonfire_videos,0,detectium_fire/non_fire/1885952980_clip_003.mp4,98,8,28,3878,0,0.0,10.046356001112144,0,NO_REAL_FIRE,4138.564167998993,5,False,0,,10.046356001112144
nonfire_videos,0,detectium_fire/non_fire/1885952980_clip_003.mp4,98,9,32,3879,0,0.0,8.478068000840722,0,NO_REAL_FIRE,2743.8736129988683,5,False,0,,8.478068000840722
nonfire_videos,0,detectium_fire/non_fire/1885952980_clip_003.mp4,98,10,36,3880,0,0.0,32.21325599952252,0,NO_REAL_FIRE,4111.194315002649,5,True,0,NO_REAL_FIRE,3647.0617529994342
nonfire_videos,0,detectium_fire/non_fire/1885952980_clip_003.mp4,98,11,41,3881,0,0.0,32.158815000002505,0,NO_REAL_FIRE,3807.019758998649,5,False,0,,32.158815000002505
nonfire_videos,0,detectium_fire/non_fire/1885952980_clip_003.mp4,98,12,45,3882,0,0.0,9.245096996892244,0,NO_REAL_FIRE,4071.59258899992,5,False,0,,9.245096996892244
nonfire_videos,0,detectium_fire/non_fire/1885952980_clip_003.mp4,98,13,49,3883,0,0.0,18.048185000225203,0,NO_REAL_FIRE,4172.726308002893,5,False,0,,18.048185000225203
nonfire_videos,0,detectium_fire/non_fire/1885952980_clip_003.mp4,98,14,53,3884,0,0.0,32.23541500119609,0,NO_REAL_FIRE,3826.614150999376,5,False,0,,32.23541500119609
nonfire_videos,0,detectium_fire/non_fire/1885952980_clip_003.mp4,98,15,57,3885,0,0.0,8.43214799897396,0,NO_REAL_FIRE,3785.7796070020413,5,True,0,NO_REAL_FIRE,3959.7871830010263
nonfire_videos,0,detectium_fire/non_fire/1885952980_clip_003.mp4,98,16,61,3886,0,0.0,32.18619499966735,0,NO_REAL_FIRE,3634.034298000188,5,False,0,,32.18619499966735
nonfire_videos,0,detectium_fire/non_fire/1885952980_clip_003.mp4,98,17,65,3887,0,0.0,15.280438001354923,0,NO_REAL_FIRE,4131.554083000083,5,False,0,,15.280438001354923
nonfire_videos,0,detectium_fire/non_fire/1885952980_clip_003.mp4,98,18,69,3888,0,0.0,32.17575500093517,0,NO_REAL_FIRE,3938.027981999767,5,False,0,,32.17575500093517
nonfire_videos,0,detectium_fire/non_fire/1885952980_clip_003.mp4,98,19,73,3889,0,0.0,9.194327998557128,0,NO_REAL_FIRE,3013.0699439978343,5,False,0,,9.194327998557128
nonfire_videos,0,detectium_fire/non_fire/1885952980_clip_003.mp4,98,20,77,3890,0,0.0,12.89734200327075,0,NO_REAL_FIRE,3374.281599000824,5,True,0,NO_REAL_FIRE,2856.2747120049607
nonfire_videos,0,detectium_fire/non_fire/1886008150_clip_001.mp4,99,1,0,3891,1,0.37120717763900757,30.358568001247477,0,NO_REAL_FIRE,3826.698036002199,5,False,1,,30.358568001247477
nonfire_videos,0,detectium_fire/non_fire/1886008150_clip_001.mp4,99,2,13,3892,1,0.2945721745491028,31.91383499870426,0,NO_REAL_FIRE,2848.5666520027735,5,False,1,,31.91383499870426
nonfire_videos,0,detectium_fire/non_fire/1886008150_clip_001.mp4,99,3,26,3893,0,0.0,8.82373800050118,0,NO_REAL_FIRE,2908.9564879977843,5,False,0,,8.82373800050118
nonfire_videos,0,detectium_fire/non_fire/1886008150_clip_001.mp4,99,4,39,3894,0,0.0,32.22156500123674,0,NO_REAL_FIRE,3415.7677690018318,5,False,0,,32.22156500123674
nonfire_videos,0,detectium_fire/non_fire/1886008150_clip_001.mp4,99,5,52,3895,0,0.0,8.480207998218248,0,NO_REAL_FIRE,2889.219583998056,5,True,0,NO_REAL_FIRE,2969.8243709972303
nonfire_videos,0,detectium_fire/non_fire/1886008150_clip_001.mp4,99,6,66,3896,0,0.0,8.539938000467373,0,NO_REAL_FIRE,2639.5428130017535,5,False,0,,8.539938000467373
nonfire_videos,0,detectium_fire/non_fire/1886008150_clip_001.mp4,99,7,79,3897,0,0.0,8.850407000863925,0,NO_REAL_FIRE,3098.9133319999382,5,False,0,,8.850407000863925
nonfire_videos,0,detectium_fire/non_fire/1886008150_clip_001.mp4,99,8,92,3898,0,0.0,32.870003997231834,0,NO_REAL_FIRE,3122.87392700091,5,False,0,,32.870003997231834
nonfire_videos,0,detectium_fire/non_fire/1886008150_clip_001.mp4,99,9,105,3899,0,0.0,11.475843999505742,0,NO_REAL_FIRE,3626.1052240006393,5,False,0,,11.475843999505742
nonfire_videos,0,detectium_fire/non_fire/1886008150_clip_001.mp4,99,10,118,3900,0,0.0,11.43108399992343,0,NO_REAL_FIRE,2946.773513998778,5,True,0,NO_REAL_FIRE,2753.7369530000433
nonfire_videos,0,detectium_fire/non_fire/1886008150_clip_001.mp4,99,11,131,3901,0,0.0,32.218414002272766,0,NO_REAL_FIRE,3341.02410199921,5,False,0,,32.218414002272766
nonfire_videos,0,detectium_fire/non_fire/1886008150_clip_001.mp4,99,12,144,3902,1,0.33816632628440857,8.626497998193372,0,NO_REAL_FIRE,3089.346723001654,5,False,1,,8.626497998193372
nonfire_videos,0,detectium_fire/non_fire/1886008150_clip_001.mp4,99,13,157,3903,1,0.49330973625183105,11.906653999176342,0,NO_REAL_FIRE,2886.4846959986608,5,False,1,,11.906653999176342
nonfire_videos,0,detectium_fire/non_fire/1886008150_clip_001.mp4,99,14,170,3904,1,0.47591277956962585,9.777576000487898,0,NO_REAL_FIRE,2880.7608440001786,5,False,1,,9.777576000487898
nonfire_videos,0,detectium_fire/non_fire/1886008150_clip_001.mp4,99,15,183,3905,1,0.5004458427429199,30.26786700138473,0,NO_REAL_FIRE,3213.407739000104,5,True,0,NO_REAL_FIRE,3826.602831002674
nonfire_videos,0,detectium_fire/non_fire/1886008150_clip_001.mp4,99,16,197,3906,1,0.3182951807975769,32.89765400040778,0,NO_REAL_FIRE,2953.6336620003567,5,False,1,,32.89765400040778
nonfire_videos,0,detectium_fire/non_fire/1886008150_clip_001.mp4,99,17,210,3907,1,0.4377555549144745,10.157876000448596,0,NO_REAL_FIRE,2599.6398759998556,5,False,1,,10.157876000448596
nonfire_videos,0,detectium_fire/non_fire/1886008150_clip_001.mp4,99,18,223,3908,1,0.3712373375892639,18.054153999401024,0,NO_REAL_FIRE,2557.4820849979005,5,False,1,,18.054153999401024
nonfire_videos,0,detectium_fire/non_fire/1886008150_clip_001.mp4,99,19,236,3909,0,0.0,8.89591799932532,0,NO_REAL_FIRE,2954.3927099985012,5,False,0,,8.89591799932532
nonfire_videos,0,detectium_fire/non_fire/1886008150_clip_001.mp4,99,20,249,3910,1,0.48192575573921204,32.24822499760194,0,NO_REAL_FIRE,3166.644033000921,5,True,0,NO_REAL_FIRE,3244.849553997483
nonfire_videos,0,detectium_fire/non_fire/1886008150_clip_002.mp4,100,1,0,3911,1,0.5746601819992065,15.088629003003007,0,NO_REAL_FIRE,3162.0010690021445,5,False,1,,15.088629003003007
nonfire_videos,0,detectium_fire/non_fire/1886008150_clip_002.mp4,100,2,12,3912,1,0.25957444310188293,8.641847998660523,0,NO_REAL_FIRE,2692.4562550011615,5,False,1,,8.641847998660523
nonfire_videos,0,detectium_fire/non_fire/1886008150_clip_002.mp4,100,3,24,3913,0,0.0,8.663307002279907,0,NO_REAL_FIRE,3215.8502339989354,5,False,0,,8.663307002279907
nonfire_videos,0,detectium_fire/non_fire/1886008150_clip_002.mp4,100,4,36,3914,1,0.3662150204181671,13.116242000251077,0,NO_REAL_FIRE,2657.9808429996774,5,False,1,,13.116242000251077
nonfire_videos,0,detectium_fire/non_fire/1886008150_clip_002.mp4,100,5,48,3915,0,0.0,9.889445998851443,0,NO_REAL_FIRE,2590.8609769976465,5,True,0,NO_REAL_FIRE,3357.809664001252
nonfire_videos,0,detectium_fire/non_fire/1886008150_clip_002.mp4,100,6,60,3916,1,0.5965747833251953,32.93421399939689,0,NO_REAL_FIRE,3209.67501099949,5,False,1,,32.93421399939689
nonfire_videos,0,detectium_fire/non_fire/1886008150_clip_002.mp4,100,7,72,3917,1,0.6383492946624756,32.25043500060565,0,NO_REAL_FIRE,3389.2635199990764,5,False,1,,32.25043500060565
nonfire_videos,0,detectium_fire/non_fire/1886008150_clip_002.mp4,100,8,84,3918,1,0.8460654616355896,32.34984499795246,0,NO_REAL_FIRE,3426.7401170000085,5,False,1,,32.34984499795246
nonfire_videos,0,detectium_fire/non_fire/1886008150_clip_002.mp4,100,9,96,3919,1,0.5209792852401733,32.27009500187705,0,NO_REAL_FIRE,3191.5823460003594,5,False,1,,32.27009500187705
nonfire_videos,0,detectium_fire/non_fire/1886008150_clip_002.mp4,100,10,108,3920,1,0.2781178057193756,9.295027000916889,0,NO_REAL_FIRE,3116.5979110010085,5,True,0,NO_REAL_FIRE,2988.3821200019156
nonfire_videos,0,detectium_fire/non_fire/1886008150_clip_002.mp4,100,11,121,3921,1,0.6320809125900269,8.5264580011426,0,NO_REAL_FIRE,2567.0965790013724,5,False,1,,8.5264580011426
nonfire_videos,0,detectium_fire/non_fire/1886008150_clip_002.mp4,100,12,133,3922,0,0.0,19.022723001398845,0,NO_REAL_FIRE,2701.7685209975753,5,False,0,,19.022723001398845
nonfire_videos,0,detectium_fire/non_fire/1886008150_clip_002.mp4,100,13,145,3923,0,0.0,8.716468000784516,0,NO_REAL_FIRE,3249.822813002538,5,False,0,,8.716468000784516
nonfire_videos,0,detectium_fire/non_fire/1886008150_clip_002.mp4,100,14,157,3924,0,0.0,8.534327997040236,0,NO_REAL_FIRE,3223.207741000806,5,False,0,,8.534327997040236
nonfire_videos,0,detectium_fire/non_fire/1886008150_clip_002.mp4,100,15,169,3925,0,0.0,32.86873400065815,0,NO_REAL_FIRE,3164.663131999987,5,True,0,NO_REAL_FIRE,2822.971249999682
nonfire_videos,0,detectium_fire/non_fire/1886008150_clip_002.mp4,100,16,181,3926,1,0.5520339012145996,8.521147999999812,0,NO_REAL_FIRE,2737.5171200001205,5,False,1,,8.521147999999812
nonfire_videos,0,detectium_fire/non_fire/1886008150_clip_002.mp4,100,17,193,3927,1,0.7989144921302795,8.875647999957437,0,NO_REAL_FIRE,3368.3005960010632,5,False,1,,8.875647999957437
nonfire_videos,0,detectium_fire/non_fire/1886008150_clip_002.mp4,100,18,205,3928,1,0.6063225865364075,8.500657997501548,0,NO_REAL_FIRE,3445.3964679996716,5,False,1,,8.500657997501548
nonfire_videos,0,detectium_fire/non_fire/1886008150_clip_002.mp4,100,19,217,3929,0,0.0,29.29823899830808,0,NO_REAL_FIRE,3436.323830999754,5,False,0,,29.29823899830808
nonfire_videos,0,detectium_fire/non_fire/1886008150_clip_002.mp4,100,20,229,3930,0,0.0,31.896255000901874,0,NO_REAL_FIRE,3158.0903399990348,5,True,0,NO_REAL_FIRE,3089.4149060004565
